key,x_n,x_win,x_avg,x_total,x_pf,x_t,x_wins,x_losses,x_days,x_ex,x_ext,h_n,h_win,h_avg,h_total,h_pf,h_t,h_wins,h_losses,h_days,h_ex,h_ext
tf=1|ema=21|vwap=week|trend=0|sides=long|stop_atr=0|target_atr=0.0|exit_cross=True|min_bars=0|max_bars=0|confirm=False|entry=cross|exit=cross|regime=spyvw|rs=0|dtrend=0,1303,59.78511128165771,1.5323623371628192,1996.6681253231534,2.376007576377585,9.445949604391664,779,524,4.202577385520593,0.8641289231776699,6.33797364394422,937,51.54749199573106,0.39629424983266975,371.3277120932116,1.2835948027576647,2.4601501270689834,483,454,3.8911419423692637,0.2510136095061254,1.6674149058863805
tf=1|ema=21|vwap=week|trend=0|sides=long|stop_atr=0|target_atr=0.0|exit_cross=True|min_bars=7|max_bars=0|confirm=False|entry=cross|exit=cross|regime=spyvw|rs=0|dtrend=0,1223,60.425183973834834,1.6311674985908835,1994.9178507766508,2.3333146069105273,9.356593451592527,739,484,4.643567729626601,0.9226964186482636,6.232710570722666,894,52.79642058165548,0.5204302858738508,465.2646755712226,1.3518911670104647,2.956055039360743,472,422,4.220031692766592,0.3541324700542596,2.145670192373818
tf=1|ema=21|vwap=week|trend=0|sides=long|stop_atr=0|target_atr=0.0|exit_cross=True|min_bars=0|max_bars=0|confirm=False|entry=cross_or_pb|exit=cross|regime=spyvw|rs=0|dtrend=0,1403,59.08766928011404,1.420134039981965,1992.448058094697,2.2282244596445455,9.0915043419089,829,574,4.174863387978142,0.7847715669656151,5.944499519057201,1029,51.21477162293489,0.38236831141516614,393.45699244620596,1.277796171835314,2.535743915624656,527,502,3.882896015549077,0.2494401700075532,1.7651773510930893
tf=1|ema=21|vwap=week|trend=0|sides=long|stop_atr=0|target_atr=0.0|exit_cross=True|min_bars=7|max_bars=0|confirm=False|entry=cross_or_pb|exit=cross|regime=spyvw|rs=0|dtrend=0,1319,59.66641394996209,1.5135087907320355,1996.3180949755547,2.2022998040739727,9.035533785959618,787,532,4.59309451604751,0.8437723722043613,5.912437426714729,985,52.48730964467005,0.49777938766285923,490.3126968479163,1.3417879722058115,3.027807234463159,517,468,4.19010152284264,0.34566063603903674,2.238244890446238
tf=1|ema=21|vwap=week|trend=0|sides=long|stop_atr=4.0|target_atr=0.0|exit_cross=True|min_bars=0|max_bars=0|confirm=False|entry=cross|exit=cross|regime=spyvw|rs=0|dtrend=0,1303,58.17344589409056,1.4483940275721925,1887.2574179265669,2.2656836448360873,9.109489994518507,758,545,3.898151701202353,0.7770914637277649,5.818357611966553,937,49.51974386339381,0.3322750816572043,311.34175151280044,1.237852308531554,2.166504109196094,464,473,3.4957310565635007,0.20002573614676467,1.408564287840471
tf=1|ema=21|vwap=week|trend=0|sides=long|stop_atr=4.0|target_atr=0.0|exit_cross=True|min_bars=0|max_bars=0|confirm=False|entry=cross_or_pb|exit=cross|regime=spyvw|rs=0|dtrend=0,1439,57.81792911744267,1.3671446038186974,1967.3210848951055,2.1531431418756335,8.99755135765155,832,607,3.888637943015983,0.732286719830117,5.686233566287293,1050,49.23809523809524,0.32707303405120686,343.4266857537672,1.2379158707663565,2.3016196955146366,517,533,3.4801587301587302,0.21022324780672913,1.5976178422423895
tf=1|ema=21|vwap=week|trend=0|sides=long|stop_atr=4.0|target_atr=0.0|exit_cross=True|min_bars=7|max_bars=0|confirm=False|entry=cross|exit=cross|regime=spyvw|rs=0|dtrend=0,1229,58.0960130187144,1.5003696338644286,1843.9542800193826,2.1745706501590236,8.797411971692712,714,515,4.284682668836452,0.8023479059776498,5.581096175901027,898,50.55679287305122,0.46796201048002584,420.2298854110632,1.3206978163525667,2.8071309807505664,454,444,3.788186711210096,0.3137817840330666,2.0247660049277223
tf=1|ema=21|vwap=week|trend=0|sides=long|stop_atr=0|target_atr=0.0|exit_cross=True|min_bars=0|max_bars=0|confirm=False|entry=cross|exit=cross|regime=|rs=0|dtrend=0,2179,55.75952271684259,0.9534254170591663,2077.5139837719234,1.77673860396864,8.236346823791777,1215,964,3.87733287440722,0.5463380491114862,5.511879742617984,1648,50.4247572815534,0.2591768312209875,427.12341785218746,1.1732935851039676,2.1424813935663782,831,817,3.662191545307443,0.12352073079380405,1.0870005856803877
tf=1|ema=21|vwap=week|trend=0|sides=long|stop_atr=0|target_atr=0.0|exit_cross=True|min_bars=0|max_bars=0|confirm=False|entry=cross_or_pb|exit=cross|regime=|rs=0|dtrend=0,2179,55.75952271684259,0.9534254170591663,2077.5139837719234,1.77673860396864,8.236346823791777,1215,964,3.87733287440722,0.5463380491114862,5.511879742617984,1649,50.45482110369921,0.26828622647545386,442.40398745802344,1.1794932561562874,2.2128574991070096,832,817,3.663634525975339,0.13141193929733255,1.154363295170391
tf=1|ema=21|vwap=week|trend=0|sides=long|stop_atr=4.0|target_atr=0.0|exit_cross=True|min_bars=7|max_bars=0|confirm=False|entry=cross_or_pb|exit=cross|regime=spyvw|rs=0|dtrend=0,1360,57.64705882352941,1.4103399941489387,1918.0623920425567,2.075296623320476,8.679852347961628,784,576,4.241942401960784,0.7538951834402624,5.461109214503942,1009,50.34687809712587,0.4537838734378936,457.86792829883467,1.315958157512276,2.9447405085743883,508,501,3.7537991410637592,0.31714969530056897,2.215991893122616
tf=1|ema=21|vwap=week|trend=0|sides=long|stop_atr=0|target_atr=0.0|exit_cross=True|min_bars=7|max_bars=0|confirm=False|entry=cross|exit=cross|regime=|rs=0|dtrend=0,2019,55.91877166914314,0.997049697097421,2013.0433384396931,1.7403830222525951,7.9294264281202995,1129,890,4.3420422651477635,0.5611005723127326,5.171681801901947,1548,51.16279069767442,0.3501001273467578,541.954997132781,1.2150456424678098,2.6028223720172026,792,756,4.040428509905254,0.19368442671671085,1.5323562345064188
tf=1|ema=21|vwap=week|trend=0|sides=long|stop_atr=0|target_atr=0.0|exit_cross=True|min_bars=7|max_bars=0|confirm=False|entry=cross_or_pb|exit=cross|regime=|rs=0|dtrend=0,2019,55.91877166914314,0.997049697097421,2013.0433384396931,1.7403830222525951,7.9294264281202995,1129,890,4.3420422651477635,0.5611005723127326,5.171681801901947,1549,51.19431891542931,0.3597389068680549,557.2355667386171,1.2211089132662079,2.669356456718849,793,756,4.04172046481601,0.20204007782646027,1.5960084606232996
tf=1|ema=21|vwap=week|trend=0|sides=long|stop_atr=4.0|target_atr=0.0|exit_cross=True|min_bars=0|max_bars=0|confirm=False|entry=cross_or_pb|exit=cross|regime=|rs=0|dtrend=0,2244,54.367201426024955,0.901483120117183,2022.9281215429587,1.7198460734312104,8.06394750193602,1220,1024,3.568386066547831,0.48411059128320594,5.049288398532429,1692,48.995271867612296,0.2911900645454391,492.693589210883,1.2038486054052038,2.6038961223133152,829,863,3.3222763987391644,0.149408073335057,1.428791273278303
tf=1|ema=21|vwap=week|trend=0|sides=long|stop_atr=4.0|target_atr=0.0|exit_cross=True|min_bars=0|max_bars=0|confirm=False|entry=cross|exit=cross|regime=|rs=0|dtrend=0,2179,54.199173932996786,0.8804215618108634,1918.4385831858715,1.7092498202426776,7.882835606103469,1181,998,3.5500994339911274,0.45962598852249154,4.828012594596336,1648,48.786407766990294,0.2702581134518431,445.38537096863735,1.1888383414175057,2.3936449788348164,804,844,3.3322208737864076,0.131121312943369,1.239951429234245
tf=1|ema=34|vwap=week|trend=0|sides=long|stop_atr=0|target_atr=0.0|exit_cross=True|min_bars=7|max_bars=0|confirm=False|entry=cross|exit=cross|regime=spyvw|rs=0|dtrend=0,791,62.07332490518331,1.5443571262262317,1221.5864868449494,2.203816001537845,7.132946307875701,491,300,5.88500842815002,0.89468895074413,4.824062790117842,590,56.779661016949156,0.6575640782341481,387.9628061581474,1.4078578765000211,2.6668863779022973,335,255,5.722810734463277,0.2588086313474578,1.1109497635428873
tf=1|ema=13|vwap=week|trend=0|sides=long|stop_atr=0|target_atr=0.0|exit_cross=True|min_bars=7|max_bars=0|confirm=False|entry=cross_or_pb|exit=cross|regime=|rs=0|dtrend=0,2352,49.31972789115646,0.9181493219138116,2159.487205141285,1.6676892272264647,7.561071126984393,1160,1192,3.9209715136054424,0.5118358872277421,4.773424725482957,1754,46.29418472063854,0.3121319779998485,547.4794894117343,1.2053508926978507,2.65535095316584,812,942,3.6718928164196125,0.17421506212970864,1.5933674233704909
tf=1|ema=13|vwap=week|trend=0|sides=long|stop_atr=0|target_atr=0.0|exit_cross=True|min_bars=7|max_bars=0|confirm=False|entry=cross|exit=cross|regime=|rs=0|dtrend=0,2345,49.25373134328358,0.9181844031591333,2153.1424254081676,1.6660062976143102,7.5393330997239145,1155,1190,3.922121535181237,0.5118920544269995,4.759896175781981,1753,46.26354820308043,0.3035932229354811,532.1989198058983,1.1996193928514152,2.588074850080884,811,942,3.6705409773721245,0.1668254344728466,1.5284066146492659
tf=1|ema=13|vwap=week|trend=0|sides=long|stop_atr=0|target_atr=0.0|exit_cross=True|min_bars=0|max_bars=0|confirm=False|entry=cross_or_pb|exit=cross|regime=spyvw|rs=0|dtrend=0,1739,49.51121334100058,1.097384017010834,1908.3508055818406,1.8721620118072124,7.772734113205268,861,878,3.7362468851830557,0.5870183046127752,4.717502685765084,1244,45.57877813504823,0.32842446076581017,408.56002919266786,1.2472784183412196,2.5395704344420844,567,677,3.490387191854233,0.23005754125723588,1.9080694954440263
tf=1|ema=34|vwap=week|trend=0|sides=long|stop_atr=0|target_atr=0.0|exit_cross=True|min_bars=0|max_bars=0|confirm=False|entry=cross|exit=cross|regime=spyvw|rs=0|dtrend=0,835,61.19760479041916,1.4023119483143869,1170.9304768425131,2.167672864216631,6.903122924750618,511,324,5.3650698602794415,0.8084523152499934,4.701772127372685,628,56.52866242038217,0.5645825439613598,354.5578376077339,1.379032953978121,2.472681058912556,355,273,5.144373673036093,0.20220026828942972,0.9364402547630615
tf=1|ema=13|vwap=week|trend=0|sides=long|stop_atr=0|target_atr=0.0|exit_cross=True|min_bars=7|max_bars=0|confirm=False|entry=cross_or_pb|exit=cross|regime=spyvw|rs=0|dtrend=0,1666,50.48019207683073,1.169568875145934,1948.501745993126,1.8716478575178244,7.729044498110185,841,825,4.028661464585834,0.6251888005172103,4.683244418656458,1180,47.11864406779661,0.3684023424774527,434.7147641233942,1.2610396023336674,2.659061944472243,556,624,3.807909604519774,0.2504088734593553,1.931292036957616
tf=1|ema=34|vwap=week|trend=0|sides=long|stop_atr=0|target_atr=0.0|exit_cross=True|min_bars=7|max_bars=0|confirm=False|entry=cross_or_pb|exit=cross|regime=spyvw|rs=0|dtrend=0,855,63.04093567251462,1.4819846420753466,1267.0968689744213,2.1140010497016757,7.067154313012149,539,316,6.005799220272905,0.8443439689766362,4.674199445457254,648,58.02469135802469,0.733243954407736,475.1420824562129,1.4771722354223973,3.1960932848392094,376,272,5.688271604938271,0.31299064047348274,1.4396000445490535
tf=1|ema=21|vwap=week|trend=0|sides=long|stop_atr=4.0|target_atr=0.0|exit_cross=True|min_bars=7|max_bars=0|confirm=False|entry=cross_or_pb|exit=cross|regime=|rs=0|dtrend=0,2097,54.07725321888412,0.9286581595853242,1947.3961606504247,1.669972896076344,7.6347488445320675,1134,963,3.962029089175012,0.4868574710165581,4.658583353201847,1601,49.594003747657716,0.3899085106148398,624.2435254943584,1.2531305614941848,3.1505381076919563,794,807,3.650504892775349,0.22554054723868783,1.9450497534077398
tf=1|ema=13|vwap=week|trend=0|sides=long|stop_atr=0|target_atr=0.0|exit_cross=True|min_bars=0|max_bars=0|confirm=False|entry=cross_or_pb|exit=cross|regime=|rs=0|dtrend=0,2512,48.089171974522294,0.819913655349964,2059.6231022391094,1.6436991253953976,7.452813044070841,1208,1304,3.5457802547770703,0.4490468697219702,4.629637631110007,1904,44.01260504201681,0.25469757548227145,484.94418371824486,1.1833286184448633,2.4040341269055356,838,1066,3.245316876750701,0.14243373046141802,1.4463559010492317
tf=1|ema=13|vwap=week|trend=0|sides=long|stop_atr=0|target_atr=0.0|exit_cross=True|min_bars=0|max_bars=0|confirm=False|entry=cross|exit=cross|regime=|rs=0|dtrend=0,2505,48.02395209580838,0.8199329920325311,2053.9321450414905,1.6423235682146553,7.43281679704396,1203,1302,3.546141051230872,0.44892399106317504,4.61563610428871,1903,43.98318444561219,0.24680168897131308,469.6636141124088,1.1775519418520861,2.334775910201256,837,1066,3.2438474338763355,0.13560628639509448,1.3796218806116956
tf=1|ema=34|vwap=week|trend=0|sides=long|stop_atr=0|target_atr=0.0|exit_cross=True|min_bars=7|max_bars=0|confirm=False|entry=cross|exit=cross|regime=|rs=0|dtrend=0,1377,61.365286855482935,1.0944428577475542,1507.0478151183822,1.8264681115446313,7.111233936888689,845,532,5.75556765916243,0.6193976625900693,4.593355915958996,1070,55.981308411214954,0.54448138776989,582.5950849137822,1.3395973002697186,3.1269987529143974,599,471,5.732904984423676,0.2590277468096481,1.5729175837160303
tf=1|ema=34|vwap=week|trend=0|sides=long|stop_atr=0|target_atr=0.0|exit_cross=True|min_bars=0|max_bars=0|confirm=False|entry=cross_or_pb|exit=cross|regime=spyvw|rs=0|dtrend=0,901,62.264150943396224,1.3522461793638476,1218.3738076068266,2.0791582055249385,6.849634414877723,561,340,5.512856085830558,0.7722665848996159,4.582725771167238,687,57.933042212518195,0.6454281052382508,443.40910829867835,1.4524115328060319,3.022981698571874,398,289,5.1545366327025715,0.25995625207775763,1.2837766403490307
tf=1|ema=34|vwap=week|trend=0|sides=long|stop_atr=0|target_atr=0.0|exit_cross=True|min_bars=7|max_bars=0|confirm=False|entry=cross_or_pb|exit=cross|regime=|rs=0|dtrend=0,1378,61.320754716981135,1.0885443916762183,1500.0141717298288,1.8194500116876549,7.072846321878137,845,533,5.752902757619739,0.6139357108528873,4.552420130684885,1071,56.022408963585434,0.558240573781156,597.8756545196181,1.3485044131498305,3.199025785857475,600,471,5.733193277310924,0.27105504082628284,1.6431078929012124
tf=1|ema=21|vwap=week|trend=0|sides=long|stop_atr=0|target_atr=0.0|exit_cross=True|min_bars=0|max_bars=0|confirm=False|entry=cross|exit=cross|regime=spyvw|rs=20|dtrend=0,657,60.730593607305934,1.362283792345315,895.020451570872,2.3927636013103797,6.824737542753706,399,258,4.08472856418062,0.8007946855818243,4.529912695062084,481,54.88565488565489,0.43921276605908477,211.26134047441977,1.3030500180206888,1.934242718553127,264,217,3.724012474012474,0.2780662068327296,1.306897131655951
tf=1|ema=13|vwap=week|trend=0|sides=long|stop_atr=4.0|target_atr=0.0|exit_cross=True|min_bars=0|max_bars=0|confirm=False|entry=cross_or_pb|exit=cross|regime=spyvw|rs=0|dtrend=0,1763,48.78048780487805,1.054070666449831,1858.3265849510517,1.8217463496867599,7.604363360077417,860,903,3.5905416903006238,0.5493212136475806,4.507067128519196,1257,44.1527446300716,0.27103284865382304,340.6882907578556,1.200708185906273,2.1330505940099553,555,702,3.3139087775125966,0.18224657718729295,1.5413879394019676
tf=1|ema=21|vwap=week|trend=0|sides=long|stop_atr=0|target_atr=0.0|exit_cross=True|min_bars=7|max_bars=0|confirm=False|entry=cross|exit=cross|regime=spyvw|rs=20|dtrend=0,613,62.31647634584013,1.4879239456865732,912.0973787058693,2.383196532716641,6.862899667174755,382,231,4.506185426862426,0.8602937224800697,4.457074939682672,459,56.209150326797385,0.6328106490191462,290.4600878997881,1.4107003212264522,2.478983607935039,258,201,4.046750181554103,0.4434228389885221,1.8432537231298816
tf=1|ema=13|vwap=week|trend=0|sides=long|stop_atr=4.0|target_atr=0.0|exit_cross=True|min_bars=7|max_bars=0|confirm=False|entry=cross_or_pb|exit=cross|regime=spyvw|rs=0|dtrend=0,1693,49.734199645599524,1.1156372332655857,1888.7738359186365,1.8139101652149452,7.518775757862173,842,851,3.8553603071470763,0.5757111338637686,4.406570253754579,1193,45.51550712489522,0.3090893617862477,368.74360861099353,1.2150358419714273,2.265062532767896,543,650,3.60924839340598,0.19922705961753842,1.5628367434604664
tf=1|ema=13|vwap=week|trend=0|sides=long|stop_atr=4.0|target_atr=0.0|exit_cross=True|min_bars=7|max_bars=0|confirm=False|entry=cross_or_pb|exit=cross|regime=|rs=0|dtrend=0,2398,48.49874895746456,0.863444462329104,2070.539820665191,1.622423572071171,7.3410251983283485,1163,1235,3.7447699471782037,0.4566232150385727,4.401048572558197,1792,45.033482142857146,0.28963751792891246,519.0304321286112,1.1901835055149446,2.5250360529146154,807,985,3.48486328125,0.14589190301148006,1.3697007328800057
tf=1|ema=13|vwap=week|trend=0|sides=long|stop_atr=0|target_atr=0.0|exit_cross=True|min_bars=7|max_bars=0|confirm=False|entry=cross|exit=cross|regime=spyvw|rs=0|dtrend=0,1504,50.265957446808514,1.180741324606598,1775.8349522083236,1.8672706286609007,7.3013868919224665,756,748,4.052637411347518,0.6266516201168235,4.395414774590495,1046,47.80114722753346,0.3398795498270678,355.5140091191129,1.2360468991446205,2.2967565484536827,500,546,3.860898661567877,0.20967895890832006,1.5104587465047818
tf=1|ema=13|vwap=week|trend=0|sides=long|stop_atr=0|target_atr=0.0|exit_cross=True|min_bars=0|max_bars=0|confirm=False|entry=cross|exit=cross|regime=spyvw|rs=0|dtrend=0,1568,49.234693877551024,1.099274090693599,1723.661774207563,1.8579374835442755,7.27217486548934,772,796,3.756138392857143,0.5852812727412388,4.394112787053316,1105,46.334841628959275,0.3125794740433048,345.40031881785177,1.232061778811756,2.2621977484440268,512,593,3.519871794871795,0.19857742689205707,1.5400336200583968
tf=1|ema=13|vwap=week|trend=0|sides=long|stop_atr=4.0|target_atr=0.0|exit_cross=True|min_bars=0|max_bars=0|confirm=False|entry=cross_or_pb|exit=cross|regime=|rs=0|dtrend=0,2551,47.314778518228145,0.7815753185190869,1993.7986375421908,1.6085580304985554,7.317705329746361,1207,1344,3.402783222265778,0.41095719578991163,4.372733499643208,1932,43.01242236024845,0.2346382126018621,453.3210267467976,1.1683983590590714,2.263172711377023,831,1101,3.1043823326432025,0.11786920187590909,1.2245503974421588
tf=1|ema=34|vwap=week|trend=0|sides=long|stop_atr=0|target_atr=0.0|exit_cross=True|min_bars=0|max_bars=0|confirm=False|entry=cross|exit=cross|regime=|rs=0|dtrend=0,1484,59.83827493261455,0.9493292773383945,1408.8046475701774,1.7765902211056075,6.748647796427765,888,596,5.181828391734052,0.5349097679970491,4.365918429258662,1172,54.863481228668945,0.41376418308724644,484.93162257825287,1.2838770768412773,2.6673584621168867,643,529,5.066090728100114,0.16204464471796554,1.1039312412659619
tf=1|ema=21|vwap=week|trend=0|sides=long|stop_atr=4.0|target_atr=0.0|exit_cross=True|min_bars=7|max_bars=0|confirm=False|entry=cross|exit=cross|regime=|rs=0|dtrend=0,2034,53.785644051130774,0.8980533326847382,1826.6404786807573,1.648705361246346,7.3692228799029325,1094,940,3.953580793182563,0.4520423955892319,4.343474937965342,1558,49.29396662387676,0.3659064675979816,570.0822765176554,1.2365370635147273,2.9214416010332966,768,790,3.665489944373128,0.20351532227063923,1.7318310823795564
tf=1|ema=21|vwap=week|trend=0|sides=long|stop_atr=0|target_atr=0.0|exit_cross=True|min_bars=0|max_bars=0|confirm=False|entry=cross_or_pb|exit=cross|regime=spyvw|rs=20|dtrend=0,720,59.861111111111114,1.2437326087807759,895.4874783221586,2.176954598468114,6.428469365957661,431,289,4.040162037037037,0.7375384843488739,4.327873383359621,551,53.901996370235935,0.39953759803442546,220.14521651696845,1.278463526190521,1.9165184607046633,297,254,3.7741228070175445,0.26521850309288963,1.3580386208992188
tf=1|ema=34|vwap=week|trend=0|sides=long|stop_atr=0|target_atr=0.0|exit_cross=True|min_bars=0|max_bars=0|confirm=False|entry=cross_or_pb|exit=cross|regime=|rs=0|dtrend=0,1485,59.7979797979798,0.9439535381694437,1401.7710041816238,1.7697285775904732,6.710051261257095,888,597,5.179741863075196,0.5298982652366155,4.324309199384523,1173,54.90196078431372,0.42643835650817463,500.21219218408885,1.2928222625751165,2.742256401879644,644,529,5.06692242114237,0.17310794480319666,1.1769638182855766
tf=1|ema=21|vwap=week|trend=0|sides=long|stop_atr=0|target_atr=0.0|exit_cross=True|min_bars=7|max_bars=0|confirm=False|entry=cross_or_pb|exit=cross|regime=spyvw|rs=20|dtrend=0,675,61.18518518518518,1.3602106982960727,918.1422213498489,2.1888608051572183,6.518260226673671,413,262,4.430432098765433,0.7941103245859368,4.300084268565226,529,54.82041587901701,0.5626072948450707,297.6192589730424,1.3692835394537008,2.4191597823973843,290,239,4.063248267170762,0.4020247568463488,1.8357196667408218
tf=1|ema=13|vwap=week|trend=0|sides=long|stop_atr=4.0|target_atr=0.0|exit_cross=True|min_bars=7|max_bars=0|confirm=False|entry=cross|exit=cross|regime=|rs=0|dtrend=0,2349,48.23329076202639,0.8540556377453962,2006.1766930639358,1.6109748281904608,7.147026392195878,1133,1216,3.7388072938839216,0.4472469134588329,4.241886701493291,1764,44.89795918367347,0.2585071861733167,456.00667640973063,1.1694008943849408,2.2560044284487,792,972,3.4678996598639458,0.1136403127876346,1.069563464573105
tf=1|ema=13|vwap=week|trend=0|sides=long|stop_atr=4.0|target_atr=0.0|exit_cross=True|min_bars=0|max_bars=0|confirm=False|entry=cross|exit=cross|regime=|rs=0|dtrend=0,2505,47.10578842315369,0.7713372213010282,1932.1997393590757,1.5977754455732545,7.128950257514072,1180,1325,3.3919494344644048,0.40139715357205413,4.214554181565718,1903,42.827115081450344,0.20476709349783062,389.6717789263717,1.146737018140032,1.9800358950902213,815,1088,3.0862016114906283,0.08711722378941511,0.9087507921883347
tf=1|ema=21|vwap=week|trend=0|sides=long|stop_atr=0|target_atr=0.0|exit_cross=True|min_bars=0|max_bars=0|confirm=False|entry=cross|exit=cross|regime=spyvw|rs=20|dtrend=50,523,60.22944550669216,1.196317282759027,625.6739388829711,2.243988242308853,5.735220953953632,315,208,3.943275971956661,0.803679861399429,4.0963555268801235,411,53.284671532846716,0.2719910352328064,111.78831548068342,1.177043318699026,1.0899294782875075,219,192,3.6539943227899427,0.2173102968016285,0.925464269359977
tf=1|ema=34|vwap=week|trend=0|sides=long|stop_atr=0|target_atr=0.0|exit_cross=True|min_bars=7|max_bars=0|confirm=False|entry=cross|exit=cross|regime=spy50|rs=20|dtrend=50,497,62.374245472837025,1.1620915258875248,577.5594883660998,2.1805949999982728,5.425442720189984,310,187,4.412810194500335,0.8106261093138414,4.088483389829464,378,58.2010582010582,0.7409755307806636,280.08875063509083,1.5557051403799964,2.7737590057653216,220,158,4.754739858906525,0.5407385479971866,2.1278245874338424
tf=1|ema=34|vwap=week|trend=0|sides=long|stop_atr=0|target_atr=0.0|exit_cross=True|min_bars=7|max_bars=0|confirm=False|entry=cross|exit=cross|regime=spy50|rs=20|dtrend=0,529,62.38185255198488,1.168348400142192,618.0563036752195,2.1515079010123106,5.478045345761005,330,199,4.586405166981727,0.8033272691278666,4.081398199193567,418,57.41626794258373,0.8023249609823561,335.37183369062484,1.5967459046712,3.100082023224232,240,178,4.854166666666666,0.6029200446441484,2.4427675188811024
tf=1|ema=21|vwap=week|trend=0|sides=long|stop_atr=0|target_atr=0.0|exit_cross=True|min_bars=7|max_bars=0|confirm=False|entry=cross|exit=close_vwap|regime=spyvw|rs=0|dtrend=0,1160,50.172413793103445,1.0473022707586808,1214.8706340800697,2.0258104032504374,5.936341561867399,582,578,3.212966954022989,0.6358634320539817,4.066852354684736,864,44.21296296296296,0.2968067511987459,256.44103303571643,1.261525917202246,2.0738782476469155,382,482,2.910542052469136,0.18146922179887315,1.3801554501383224
tf=1|ema=21|vwap=week|trend=0|sides=long|stop_atr=0|target_atr=0.0|exit_cross=True|min_bars=7|max_bars=0|confirm=False|entry=cross_or_pb|exit=close_vwap|regime=spyvw|rs=0|dtrend=0,1394,49.21090387374462,0.9773399465691384,1362.4118855173788,1.9190463768967119,6.157477222895519,686,708,3.1880978000956484,0.5688500853460916,4.048402417037152,1048,42.36641221374046,0.28747840246867096,301.2773657871672,1.2593853651160956,2.20166159423777,444,604,2.851900445292621,0.20132971256373397,1.6794582534856481
tf=1|ema=21|vwap=week|trend=0|sides=long|stop_atr=0|target_atr=0.0|exit_cross=True|min_bars=7|max_bars=0|confirm=False|entry=cross|exit=cross|regime=spyvw|rs=20|dtrend=50,486,62.13991769547325,1.3120412769224037,637.6520605842882,2.228116910476038,5.756650107460997,302,184,4.390946502057613,0.8569274430964737,3.9852230654773595,391,54.987212276214834,0.4790743776483031,187.31808166048648,1.2914450955078656,1.6875685626381358,215,176,3.963661551577152,0.4080106894792061,1.5213880086766685
tf=1|ema=34|vwap=week|trend=0|sides=long|stop_atr=0|target_atr=0.0|exit_cross=True|min_bars=7|max_bars=0|confirm=False|entry=cross_or_pb|exit=cross|regime=spy50|rs=20|dtrend=0,548,62.40875912408759,1.1204529348874028,614.0082083182967,2.0628734784585467,5.329040185128808,342,206,4.718065693430657,0.7640324661466403,3.955499716897083,443,57.78781038374718,0.7478461806305684,331.29585801934184,1.537723514715446,2.9435006890016657,256,187,4.911117381489842,0.5398161967579587,2.2293118286736058
tf=1|ema=34|vwap=week|trend=0|sides=long|stop_atr=0|target_atr=0.0|exit_cross=True|min_bars=0|max_bars=0|confirm=False|entry=cross|exit=cross|regime=spy50|rs=20|dtrend=50,534,60.29962546816479,0.9673825280172904,516.5822699612331,2.095233209001597,5.150939755177756,322,212,3.8702403245942567,0.676081251584111,3.9146314817760643,401,56.35910224438903,0.5703210929552153,228.6987582750413,1.4504615032963555,2.322054160361939,226,175,4.312032418952619,0.4149451140763284,1.7770147549848523
tf=1|ema=13|vwap=week|trend=0|sides=long|stop_atr=4.0|target_atr=0.0|exit_cross=True|min_bars=0|max_bars=0|confirm=False|entry=cross|exit=cross|regime=spyvw|rs=0|dtrend=0,1568,48.08673469387755,1.0189754982630563,1597.7535812764725,1.769779784485433,6.799660714675725,754,814,3.5801711309523814,0.5155209617936097,3.9145176713332814,1105,44.705882352941174,0.24832080473789095,274.3944892353695,1.1806897287493712,1.8159936034069888,494,611,3.3220211161387634,0.1399634102506908,1.0988137082440474
tf=1|ema=21|vwap=week|trend=0|sides=long|stop_atr=0|target_atr=0.0|exit_cross=True|min_bars=0|max_bars=0|confirm=False|entry=cross_or_pb|exit=cross|regime=spyvw|rs=20|dtrend=50,567,59.435626102292765,1.1303171442915523,640.8898208133102,2.127405491401594,5.536230242872785,337,230,3.8981481481481484,0.7490850031812712,3.905196774586562,465,53.11827956989247,0.32175085722654334,149.61414861034265,1.2133005297831234,1.3689848443525239,247,218,3.7388888888888894,0.2713360497255205,1.2254975853146366
tf=1|ema=21|vwap=week|trend=0|sides=long|stop_atr=4.0|target_atr=0.0|exit_cross=True|min_bars=7|max_bars=0|confirm=False|entry=cross_or_pb|exit=close_vwap|regime=spyvw|rs=0|dtrend=0,1399,48.82058613295211,0.9544732276423264,1335.3080454716148,1.888216227369233,6.051792098039651,683,716,3.167053847986657,0.5441162730533046,3.9017212113914788,1055,42.274881516587676,0.3057776240666592,322.59539339032546,1.2816154835037654,2.3845602587136474,446,609,2.824052132701422,0.21232209068748942,1.8032509855766437
tf=1|ema=13|vwap=roll50|trend=0|sides=long|stop_atr=4.0|target_atr=0.0|exit_cross=True|min_bars=7|max_bars=0|confirm=False|entry=cross_or_pb|exit=cross|regime=spyvw|rs=0|dtrend=0,780,41.666666666666664,1.7583919949878222,1371.5457560905013,2.07518605346834,5.491758690514882,325,455,9.253044871794872,1.143030733732007,3.8934737415592267,626,33.067092651757186,0.3376356155082911,211.35989530819023,1.1654986820084365,0.9784121148274362,207,419,7.726837060702875,0.026117395559521625,0.08476110180853251
tf=1|ema=13|vwap=roll50|trend=0|sides=long|stop_atr=0|target_atr=0.0|exit_cross=True|min_bars=7|max_bars=0|confirm=False|entry=cross_or_pb|exit=cross|regime=spyvw|rs=0|dtrend=0,776,41.75257731958763,1.7465341632548042,1355.3105106857279,2.0464021155714756,5.393972270066699,324,452,9.397283075601374,1.151320769919164,3.880405591021457,619,33.92568659127625,0.39184750071670643,242.55360294364127,1.1934564541894872,1.1211087261387254,210,409,7.953352180936995,0.09455115341585012,0.30305686472419324
tf=1|ema=34|vwap=week|trend=0|sides=long|stop_atr=0|target_atr=0.0|exit_cross=True|min_bars=0|max_bars=0|confirm=False|entry=cross|exit=cross|regime=spy50|rs=20|dtrend=0,570,60.35087719298246,0.9678913665093776,551.6980789103452,2.0458527544622878,5.138270857403748,344,226,4.02171052631579,0.6703684957719482,3.877631931680636,444,55.4054054054054,0.6220301500293015,276.18138661300986,1.4922294444819832,2.629136515171303,246,198,4.413663663663664,0.4601296222406089,2.040885768338742
tf=1|ema=21|vwap=week|trend=0|sides=long|stop_atr=0|target_atr=0.0|exit_cross=True|min_bars=7|max_bars=0|confirm=False|entry=cross_or_pb|exit=cross|regime=spyvw|rs=20|dtrend=50,529,61.0586011342155,1.2457528583938313,659.0032620903368,2.1385578379054855,5.624631584265191,323,206,4.317580340264651,0.8045809547367758,3.855759641565343,445,54.60674157303371,0.5128677255735818,228.22613788024393,1.3194284879614842,1.9395166489033948,243,202,4.0192883895131075,0.444476652407815,1.7780312346221179
tf=1|ema=21|vwap=week|trend=0|sides=long|stop_atr=4.0|target_atr=0.0|exit_cross=True|min_bars=7|max_bars=0|confirm=False|entry=cross|exit=close_vwap|regime=spyvw|rs=0|dtrend=0,1163,49.699054170249354,1.003633761007911,1167.2260640522004,1.9669211890369445,5.73116351824967,578,585,3.181355689309258,0.5932723262206799,3.833280149124553,867,44.05997693194925,0.3261378061300493,282.76147791475273,1.2952666476323855,2.3210829340747745,382,485,2.8821126489811615,0.20292726981224002,1.5705959196341375
tf=1|ema=21|vwap=week|trend=0|sides=long|stop_atr=0|target_atr=0.0|exit_cross=True|min_bars=0|max_bars=0|confirm=False|entry=cross_or_pb|exit=close_vwap|regime=spyvw|rs=0|dtrend=0,1569,42.06500956022945,0.5499364268646673,862.8502537506629,1.7219946973312312,5.2650735591748665,660,909,2.1087476099426388,0.3614493935849926,3.8291005461880894,1165,37.167381974248926,0.20703861267441126,241.19998376568913,1.260094446517714,2.038303964650726,433,732,1.9283261802575107,0.1538542272534746,1.6539806838353321
tf=1|ema=21|vwap=week|trend=0|sides=long|stop_atr=4.0|target_atr=0.0|exit_cross=True|min_bars=0|max_bars=0|confirm=False|entry=cross_or_pb|exit=close_vwap|regime=spyvw|rs=0|dtrend=0,1572,41.98473282442748,0.5480249160619591,861.4951680493998,1.7186540357749445,5.271690563077747,660,912,2.100058312128923,0.3590158378295538,3.826217588613092,1167,37.10368466152528,0.21334272538741367,248.97096052711177,1.2707429140731836,2.1148333097498253,433,734,1.9229148814624395,0.15559864285296818,1.6821107402485773
tf=1|ema=21|vwap=week|trend=0|sides=long|stop_atr=0|target_atr=0.0|exit_cross=True|min_bars=0|max_bars=0|confirm=False|entry=cross|exit=cross|regime=spyvw|rs=0|dtrend=50,715,59.02097902097902,0.9948890804915934,711.3456925514893,2.072468940743098,5.89047146146282,422,293,3.8977855477855483,0.5986879985621344,3.8227158052185928,574,50.174216027874564,0.09255394255738775,53.12596302794057,1.063890731533579,0.46911887268940927,288,286,3.717407084785134,0.06292491353019294,0.33957737175680375
tf=1|ema=13|vwap=week|trend=0|sides=long|stop_atr=4.0|target_atr=0.0|exit_cross=True|min_bars=7|max_bars=0|confirm=False|entry=cross|exit=cross|regime=spyvw|rs=0|dtrend=0,1506,49.070385126162016,1.0846163629538998,1633.432242608573,1.766608169403146,6.759364257835481,739,767,3.852534307215582,0.5393218392317235,3.8204582143817274,1049,45.94852240228789,0.2732931804677217,286.6845463106401,1.1850437925181643,1.8554434216171511,482,567,3.6300842071814428,0.14609144839059304,1.0605064302101295
tf=1|ema=21|vwap=week|trend=0|sides=long|stop_atr=4.0|target_atr=0.0|exit_cross=True|min_bars=0|max_bars=0|confirm=False|entry=cross|exit=cross|regime=spyvw|rs=20|dtrend=0,657,58.75190258751903,1.1915896650723186,782.8744099525134,2.096088545467687,5.9370576826204555,386,271,3.691844241501776,0.6730822397068189,3.812894233370057,481,53.222453222453225,0.4314510033702322,207.52793262108167,1.3071965677431052,2.027101843666207,256,225,3.2942654192654195,0.2732146087585857,1.3865462517575264
tf=1|ema=34|vwap=week|trend=0|sides=long|stop_atr=0|target_atr=0.0|exit_cross=True|min_bars=7|max_bars=0|confirm=False|entry=cross|exit=cross|regime=spy50|rs=0|dtrend=50,704,59.80113636363637,0.8822472243554395,621.1020459462294,1.8329031521301835,5.063290618244677,421,283,4.789713541666666,0.6005416315783016,3.8061048815451914,567,56.613756613756614,0.511338587836699,289.9289793034083,1.377701171343195,2.4303639699358004,321,246,5.054526748971194,0.2821139484172796,1.401253821062704
tf=1|ema=34|vwap=week|trend=0|sides=long|stop_atr=0|target_atr=0.0|exit_cross=True|min_bars=7|max_bars=0|confirm=False|entry=cross_or_pb|exit=cross|regime=spy50|rs=20|dtrend=50,513,62.18323586744639,1.093267601624151,560.8462796331895,2.061237461978308,5.165558598905653,319,194,4.605831708901885,0.7418788366072803,3.800048337530953,397,58.4382871536524,0.7796650639161065,309.5270303746943,1.5761208160761278,2.934379672638159,232,165,4.776238455079764,0.5584897716678355,2.212984870395559
tf=1|ema=21|vwap=week|trend=0|sides=long|stop_atr=4.0|target_atr=0.0|exit_cross=True|min_bars=0|max_bars=0|confirm=False|entry=cross_or_pb|exit=cross|regime=spyvw|rs=20|dtrend=0,736,58.15217391304348,1.1180483353158797,822.8835747924874,1.9667927277916788,5.788617390496259,428,308,3.700067934782609,0.6432036433573435,3.7848751915971484,560,52.142857142857146,0.36621176919605014,205.07859074978808,1.2622098718918682,1.894811495442765,292,268,3.322172619047619,0.24041280553717745,1.3459405755507257
tf=1|ema=13|vwap=roll50|trend=0|sides=long|stop_atr=4.0|target_atr=0.0|exit_cross=True|min_bars=7|max_bars=0|confirm=False|entry=cross|exit=cross|regime=spyvw|rs=0|dtrend=0,639,42.72300469483568,1.8825656249349738,1202.9594343334484,2.105743351268154,5.139594364707388,273,366,9.838093375065206,1.2714661779107008,3.7740341556001975,540,33.148148148148145,0.33632937725384227,181.6178637170748,1.1558886306363263,0.8640922251342601,179,361,7.971064814814815,0.06865085076621882,0.195144654966965
tf=1|ema=21|vwap=week|trend=0|sides=long|stop_atr=4.0|target_atr=0.0|exit_cross=True|min_bars=7|max_bars=0|confirm=False|entry=cross|exit=cross|regime=spyvw|rs=20|dtrend=0,613,59.70636215334421,1.2943063015381413,793.4097628428806,2.0839895181090755,5.946771360601703,366,247,4.042142468733006,0.7229316008965018,3.766397069821114,461,54.4468546637744,0.6509046780671952,300.06705658897704,1.4439874625679878,2.728546185092175,251,210,3.5829718004338393,0.46220301729938573,2.0752630070899314
tf=1|ema=13|vwap=roll50|trend=0|sides=long|stop_atr=4.0|target_atr=0.0|exit_cross=True|min_bars=7|max_bars=0|confirm=False|entry=cross_or_pb|exit=cross|regime=|rs=0|dtrend=0,965,42.90155440414508,1.7210684623506958,1660.8310661684213,1.9237178443766083,5.773807624636465,414,551,9.891839378238341,1.0122059039924687,3.74724108786182,800,33.25,0.3655939244843847,292.4751395875078,1.1675459061610507,1.1945602837721745,266,534,8.061875,0.05895306198428733,0.21231475893554833
tf=1|ema=34|vwap=week|trend=0|sides=long|stop_atr=0|target_atr=0.0|exit_cross=True|min_bars=0|max_bars=0|confirm=False|entry=cross_or_pb|exit=cross|regime=spy50|rs=20|dtrend=0,589,60.44142614601019,0.9297962369328056,547.6499835534224,1.9633909208421867,4.985787795038115,356,233,4.162422184493492,0.6380979773679595,3.7455902536322876,472,56.144067796610166,0.5947138793391524,280.70495104808,1.4562900401474574,2.553166266861428,265,207,4.460010593220339,0.4203389330234977,1.893881641564244
tf=1|ema=13|vwap=roll50|trend=0|sides=long|stop_atr=0|target_atr=0.0|exit_cross=True|min_bars=7|max_bars=0|confirm=False|entry=cross|exit=cross|regime=spyvw|rs=0|dtrend=0,639,43.1924882629108,1.8592762227010209,1188.0775063059523,2.0688507188091103,5.041957768388687,276,363,10.019692227438705,1.2673935555174771,3.7392677599035307,540,33.888888888888886,0.4229051438080293,228.3687776563358,1.1989704118473559,1.0795687523906405,183,357,8.25408950617284,0.15085655484981286,0.42800206030309274
tf=1|ema=13|vwap=roll50|trend=0|sides=long|stop_atr=4.0|target_atr=0.0|exit_cross=True|min_bars=0|max_bars=0|confirm=False|entry=cross_or_pb|exit=cross|regime=|rs=0|dtrend=0,992,41.53225806451613,1.6634972255910647,1650.1892477863364,1.9198426775919835,5.769865089721397,412,580,9.557879704301074,0.9726310000761,3.7245235424982543,818,32.51833740831296,0.37416072748617574,306.06347508369174,1.1784602418497991,1.2646931901481075,266,552,7.810055012224939,0.07074868643568434,0.2634862078482251
tf=1|ema=21|vwap=week|trend=0|sides=long|stop_atr=4.0|target_atr=0.0|exit_cross=True|min_bars=7|max_bars=0|confirm=False|entry=cross_or_pb|exit=cross|regime=spyvw|rs=20|dtrend=0,690,58.69565217391305,1.199316387758399,827.5283075532955,1.9517218202745787,5.763156992721188,405,285,4.006340579710145,0.6817693263548555,3.7159619223029425,539,53.06122448979592,0.5539702619250857,298.5899711776212,1.3796483243771003,2.572372159239716,286,253,3.586889301175016,0.39967986922821824,1.9937977933007984
tf=1|ema=13|vwap=roll50|trend=0|sides=long|stop_atr=4.0|target_atr=0.0|exit_cross=True|min_bars=0|max_bars=0|confirm=False|entry=cross_or_pb|exit=cross|regime=spyvw|rs=0|dtrend=0,800,40.375,1.6379915788959567,1310.3932631167652,2.0140800769766303,5.325983377307562,323,477,8.941979166666666,1.0401953977951734,3.6913009925151217,639,32.237871674491394,0.32843820038816013,209.87201004803433,1.1665221383706383,0.9851515234056457,206,433,7.493805425143452,0.020612321441512736,0.06925476448074275
tf=1|ema=13|vwap=week|trend=0|sides=long|stop_atr=0|target_atr=0.0|exit_cross=True|min_bars=7|max_bars=0|confirm=False|entry=cross_or_pb|exit=close_vwap|regime=spyvw|rs=0|dtrend=0,1697,46.4938126104891,0.8801801848136054,1493.6657736286884,1.7578648447364034,5.829597407068927,789,908,3.094455902573168,0.49838329520352664,3.6794739250427577,1224,40.52287581699346,0.14599319758720677,178.69567384674107,1.121249059907795,1.2469010874983264,496,728,2.8777573529411766,0.08023713616489583,0.7490054063728029
tf=1|ema=13|vwap=roll50|trend=0|sides=long|stop_atr=0|target_atr=0.0|exit_cross=True|min_bars=7|max_bars=0|confirm=False|entry=cross_or_pb|exit=cross|regime=|rs=0|dtrend=0,957,43.15569487983281,1.6967251333219764,1623.7659525891313,1.8814249549848732,5.590305187276867,413,544,10.088862765586903,1.010984161284083,3.679409719293666,790,34.050632911392405,0.3978415752537723,314.2948444504801,1.1815309254959077,1.2785826511399307,269,521,8.29298523206751,0.10745237226603563,0.381058889594681
tf=1|ema=13|vwap=roll50|trend=0|sides=long|stop_atr=0|target_atr=0.0|exit_cross=True|min_bars=0|max_bars=0|confirm=False|entry=cross_or_pb|exit=cross|regime=|rs=0|dtrend=0,983,41.81078331637843,1.6507351278379454,1622.6726306647006,1.8871691127202381,5.625201193999911,411,572,9.743938623262123,0.9768478276144564,3.6756733749240813,808,33.29207920792079,0.41636103818098735,336.41971885023776,1.1988058875526388,1.3868086689690702,269,539,8.02707301980198,0.12767744032229322,0.4689533599686246
tf=1|ema=13|vwap=roll50|trend=0|sides=long|stop_atr=0|target_atr=0.0|exit_cross=True|min_bars=0|max_bars=0|confirm=False|entry=cross_or_pb|exit=cross|regime=spyvw|rs=0|dtrend=0,796,40.45226130653266,1.6209008534952343,1290.2370793822065,1.9806511677680052,5.213453068032409,322,474,9.069880653266331,1.042357350691845,3.6593571926556283,632,33.06962025316456,0.38230369697141875,241.61593648593666,1.1954102664617272,1.1328285245367058,209,423,7.709585970464136,0.0871378764494013,0.28929859173631284
tf=1|ema=34|vwap=week|trend=0|sides=long|stop_atr=0|target_atr=0.0|exit_cross=True|min_bars=0|max_bars=0|confirm=False|entry=cross_or_pb|exit=cross|regime=spy50|rs=20|dtrend=50,550,60.18181818181818,0.9088528385969507,499.86906122832283,1.978338025142931,4.877926140589635,331,219,4.066060606060606,0.6158728276299472,3.607379392132447,422,56.872037914691944,0.6269550683933551,264.57503886199584,1.4891065610253165,2.554467367703111,240,182,4.331753554502369,0.45022179437845256,1.9314575570061816
tf=1|ema=13|vwap=week|trend=0|sides=long|stop_atr=4.0|target_atr=0.0|exit_cross=True|min_bars=7|max_bars=0|confirm=False|entry=cross_or_pb|exit=close_vwap|regime=spyvw|rs=0|dtrend=0,1704,46.244131455399064,0.8759796187282848,1492.6692703129972,1.7570317549108032,5.854096620564057,788,916,3.0674149061032865,0.48430575499358275,3.6051771043317977,1227,40.42379788101059,0.15878977111441317,194.83504915738496,1.1331025659147378,1.3644538946885456,496,731,2.8579190437381143,0.0817202205216188,0.7666330420409891
tf=1|ema=34|vwap=week|trend=0|sides=long|stop_atr=0|target_atr=0.0|exit_cross=True|min_bars=0|max_bars=0|confirm=False|entry=cross|exit=cross|regime=spy50|rs=0|dtrend=50,756,57.93650793650794,0.7271217837949951,549.7040685490164,1.76390893505979,4.7306268929869075,438,318,4.255676807760141,0.49785237901457047,3.6038436535426026,607,55.02471169686985,0.39877075902181264,242.05385072624028,1.3169181384219213,2.079828353234433,334,273,4.512287204832509,0.21051635905098293,1.1490388236857747
tf=1|ema=21|vwap=week|trend=0|sides=long|stop_atr=0|target_atr=0.0|exit_cross=True|min_bars=0|max_bars=0|confirm=False|entry=cross|exit=close_vwap|regime=spyvw|rs=0|dtrend=0,1233,44.76885644768856,0.579663822021243,714.7254925521926,1.7944753828979823,4.916667235481889,552,681,2.1881589618815895,0.38749432295780756,3.5680810319754928,898,40.200445434298445,0.27733796140863526,249.04948934495445,1.3539339416603597,2.405370645717578,361,537,2.027607646622123,0.22002754174781908,2.0715433839460036
tf=1|ema=34|vwap=week|trend=0|sides=long|stop_atr=0|target_atr=0.0|exit_cross=True|min_bars=7|max_bars=0|confirm=False|entry=cross|exit=cross|regime=|rs=0|dtrend=50,792,59.343434343434346,0.8439187872986842,668.3836795405579,1.775168832111223,5.1263619123365824,470,322,4.979640151515151,0.5328824918824429,3.5673263035486635,604,56.29139072847682,0.4734408897694534,285.95829742074983,1.341895169955735,2.3149598202948134,340,264,5.025248344370861,0.24468916396601192,1.2533397053816961
tf=1|ema=21|vwap=roll50|trend=0|sides=long|stop_atr=0|target_atr=0.0|exit_cross=True|min_bars=7|max_bars=0|confirm=False|entry=cross|exit=cross|regime=spyvw|rs=0|dtrend=0,598,42.642140468227424,1.8858020377899303,1127.7096185983783,1.988708414081203,4.709083828864723,255,343,10.658026755852843,1.3228816995006265,3.5658086535008118,499,34.66933867735471,0.29828498220092936,148.84420611826374,1.135415092890743,0.7427956400942145,173,326,8.85120240480962,0.02367528048195879,0.06579641014119159
tf=1|ema=21|vwap=week|trend=0|sides=long|stop_atr=4.0|target_atr=0.0|exit_cross=True|min_bars=0|max_bars=0|confirm=False|entry=cross_or_pb|exit=cross|regime=spyvw|rs=20|dtrend=50,582,57.90378006872852,1.0193294047950958,593.2497135907457,1.9197817505244184,4.965168513595779,337,245,3.594859679266895,0.6791455103041701,3.5623708484318373,474,51.0548523206751,0.30267339096084456,143.46718731544033,1.2097321351433958,1.4117167736898222,242,232,3.264592123769339,0.25458736517784686,1.2785531752654573
tf=1|ema=13|vwap=roll50|trend=0|sides=long|stop_atr=4.0|target_atr=0.0|exit_cross=True|min_bars=0|max_bars=0|confirm=False|entry=cross|exit=cross|regime=spyvw|rs=0|dtrend=0,657,41.400304414003045,1.7343498756160707,1139.4678682797582,2.03135247985298,4.951600418091436,272,385,9.484715880263826,1.1430909091311345,3.550517334583887,553,32.730560578661844,0.3385101824723382,187.19613090720304,1.163609029435374,0.9039483334229983,181,372,7.708559373116334,0.06960138339949887,0.2055921961825112
tf=1|ema=21|vwap=week|trend=0|sides=long|stop_atr=0|target_atr=0.0|exit_cross=True|min_bars=7|max_bars=0|confirm=False|entry=cross|exit=cross|regime=spyvw|rs=0|dtrend=50,668,59.73053892215569,1.052478289817044,703.0554975977853,1.989373299209623,5.6676110754359135,399,269,4.3549151696606785,0.6089636519014097,3.533491981960483,545,51.74311926605505,0.24718043503109535,134.71333709194698,1.159128767776185,1.1097598250706426,282,263,4.014831804281345,0.20490937997782493,0.9760186075010666
tf=1|ema=21|vwap=roll35|trend=0|sides=long|stop_atr=0|target_atr=0.0|exit_cross=True|min_bars=0|max_bars=0|confirm=False|entry=cross_or_pb|exit=close_vwap|regime=|rs=0|dtrend=0,1615,33.869969040247675,0.8091066318689241,1306.7072104683125,1.6557457109437446,4.791336866520987,547,1068,4.265479876160991,0.5459141382476178,3.5308611379171646,1230,30.8130081300813,0.34190218246268306,420.5396844291002,1.2605348272711379,2.0723313976984508,379,851,3.9811991869918697,0.2051705961891805,1.3614345839569573
tf=1|ema=13|vwap=roll50|trend=0|sides=long|stop_atr=4.0|target_atr=0.0|exit_cross=True|min_bars=7|max_bars=0|confirm=False|entry=cross|exit=cross|regime=|rs=0|dtrend=0,942,42.25053078556263,1.6541525906127914,1558.2117403572495,1.8694479360573464,5.518295599851041,398,544,9.8822983014862,0.957250277694309,3.528781961291733,790,33.41772151898734,0.3565753783468076,281.69454889397804,1.1626382615461268,1.1553371679904176,264,526,8.045042194092826,0.06359145705079405,0.22639057119580666
tf=1|ema=34|vwap=week|trend=0|sides=long|stop_atr=0|target_atr=0.0|exit_cross=True|min_bars=7|max_bars=0|confirm=False|entry=cross|exit=cross|regime=|rs=20|dtrend=50,566,61.130742049469966,1.0339843996320122,585.2351701917189,1.9756553877489829,5.105742559034318,346,220,4.6851442873969384,0.6599744811912739,3.5274054027368718,410,57.80487804878049,0.6563059216086558,269.0854278595489,1.4743637302389079,2.554758880770001,237,173,4.7056910569105685,0.45038213185209214,1.8531786764159233
tf=1|ema=21|vwap=roll35|trend=0|sides=long|stop_atr=0|target_atr=0.0|exit_cross=True|min_bars=0|max_bars=0|confirm=False|entry=cross|exit=close_vwap|regime=|rs=0|dtrend=0,1359,34.95217071376012,0.9320816066745347,1266.6989034706926,1.6977783274907137,4.712721872980171,475,884,4.558989453029188,0.6376495545108365,3.5164794956767977,1047,32.9512893982808,0.4574784670420577,478.9799549930344,1.3351194862219642,2.4259426324513336,345,702,4.34427730022286,0.30274210361062026,1.755862738945137
tf=1|ema=13|vwap=roll50|trend=0|sides=long|stop_atr=0|target_atr=0.0|exit_cross=True|min_bars=0|max_bars=0|confirm=False|entry=cross|exit=cross|regime=spyvw|rs=0|dtrend=0,657,41.856925418569254,1.7100994533641687,1123.5353408602589,1.9947131700519654,4.851944563002051,275,382,9.648274987316084,1.1365961711661676,3.5085805117278244,553,33.45388788426763,0.4240456847177494,234.4972636489154,1.208197560361629,1.125363922428517,185,368,7.980937311633514,0.14937221590562028,0.44050746990194145
tf=1|ema=21|vwap=roll50|trend=0|sides=long|stop_atr=0|target_atr=0.0|exit_cross=True|min_bars=7|max_bars=0|confirm=False|entry=cross_or_pb|exit=cross|regime=spyvw|rs=0|dtrend=0,735,41.08843537414966,1.6989825140815713,1248.7521478499548,1.9339975103697475,4.894329963623697,302,433,9.905272108843537,1.1225057150983886,3.5070763396074023,580,34.6551724137931,0.27007388456840414,156.64285304967441,1.1297673710679197,0.764090664735506,201,379,8.428879310344827,-0.019092007408197234,-0.06069159510305578
tf=1|ema=13|vwap=roll50|trend=0|sides=long|stop_atr=4.0|target_atr=0.0|exit_cross=True|min_bars=0|max_bars=0|confirm=False|entry=cross|exit=cross|regime=|rs=0|dtrend=0,967,40.95139607032058,1.6000765146043299,1547.273989622387,1.8648394775564474,5.512329327650124,396,571,9.561573595311962,0.9206429213944595,3.5064997167685776,808,32.67326732673267,0.3654491143442598,295.2828843901619,1.1735515896670836,1.225365614795409,264,544,7.7904806105610565,0.0754297363701574,0.2777791606735498
tf=1|ema=21|vwap=week|trend=0|sides=long|stop_atr=4.0|target_atr=0.0|exit_cross=True|min_bars=0|max_bars=0|confirm=False|entry=cross|exit=close_vwap|regime=spyvw|rs=0|dtrend=0,1234,44.570502431118314,0.5664729627094263,699.027635983432,1.7709726461328807,4.8339171567670265,550,684,2.1729470556455968,0.37630457779393145,3.494616961821764,898,40.200445434298445,0.2897351935565818,260.1822038138105,1.3756990617985991,2.531815132560347,361,537,2.0251020786933926,0.22695019369758573,2.1487678687041556
tf=1|ema=34|vwap=week|trend=0|sides=long|stop_atr=0|target_atr=0.0|exit_cross=True|min_bars=7|max_bars=0|confirm=False|entry=cross_or_pb|exit=cross|regime=spy50|rs=0|dtrend=50,725,59.724137931034484,0.8372555604261361,607.0102813089487,1.7736441917216623,4.891461809916188,433,292,4.901781609195402,0.5437614358533805,3.49284127571673,581,56.626506024096386,0.5668716323633534,329.35241840310835,1.4117220243422484,2.629308881723216,329,252,5.060456110154905,0.3308852937374361,1.6034481850388904
tf=1|ema=21|vwap=roll35|trend=0|sides=long|stop_atr=0|target_atr=0.0|exit_cross=True|min_bars=0|max_bars=0|confirm=False|entry=cross_or_pb|exit=close_vwap|regime=|rs=20|dtrend=0,822,35.523114355231144,1.1127116170785945,914.6489492386046,1.9239040723662284,4.397730456078985,292,530,4.537510137875101,0.8055543223438913,3.4771005023088444,653,32.618683001531394,0.7708965702993673,503.39546040548686,1.5812414627964448,2.9214492339323037,213,440,4.25236089841756,0.6203504464548241,2.572683312492484
tf=1|ema=34|vwap=week|trend=0|sides=long|stop_atr=0|target_atr=0.0|exit_cross=True|min_bars=7|max_bars=0|confirm=False|entry=cross_or_pb|exit=cross|regime=|rs=20|dtrend=0,717,61.64574616457462,1.075680358483028,771.262817032331,1.9071618635639387,5.422961111278479,442,275,5.095827522082752,0.629259326277837,3.475361683999707,528,57.38636363636363,0.7274559845919087,384.0967598645278,1.511339790622611,3.156037541668621,303,225,4.867503156565657,0.49457979117046036,2.2922712465027404
tf=1|ema=21|vwap=week|trend=0|sides=long|stop_atr=4.0|target_atr=0.0|exit_cross=True|min_bars=0|max_bars=0|confirm=False|entry=cross|exit=cross|regime=spyvw|rs=20|dtrend=50,523,58.31739961759082,1.0177948592376262,532.3067113812785,1.9418867259417691,4.829829777827332,305,218,3.566363926067559,0.6794857276995618,3.4752171854410348,411,51.338199513381994,0.2893309680718192,118.91502787751769,1.1985242792389377,1.2594415518184408,211,200,3.211476074614761,0.23143739181393205,1.0850068015244632
tf=1|ema=13|vwap=roll50|trend=0|sides=long|stop_atr=0|target_atr=0.0|exit_cross=True|min_bars=7|max_bars=0|confirm=False|entry=cross|exit=cross|regime=|rs=0|dtrend=0,942,42.78131634819533,1.6254533570623544,1531.1770623527377,1.8320655319295986,5.365904989382579,403,539,10.067055909412597,0.949568379219478,3.467525196193357,790,34.050632911392405,0.3978415752537723,314.2948444504801,1.1815309254959077,1.2785826511399307,269,521,8.29298523206751,0.10745237226603563,0.381058889594681
tf=1|ema=13|vwap=roll50|trend=0|sides=long|stop_atr=0|target_atr=0.0|exit_cross=True|min_bars=0|max_bars=0|confirm=False|entry=cross|exit=cross|regime=|rs=0|dtrend=0,967,41.46845915201654,1.5828045118725327,1530.5719629807393,1.8378513211331142,5.402550329892928,401,566,9.728412616339194,0.9175815950712167,3.4631860402233157,808,33.29207920792079,0.41636103818098735,336.41971885023776,1.1988058875526388,1.3868086689690702,269,539,8.02707301980198,0.12767744032229322,0.4689533599686246
tf=1|ema=21|vwap=week|trend=0|sides=long|stop_atr=4.0|target_atr=0.0|exit_cross=True|min_bars=7|max_bars=0|confirm=False|entry=cross_or_pb|exit=cross|regime=spyvw|rs=20|dtrend=50,543,58.74769797421731,1.0967994297216204,595.5620903388399,1.9021652307051744,4.937399026774334,319,224,3.925414364640884,0.714451061924693,3.460990853931117,455,52.527472527472526,0.5233329990265951,238.1165145571008,1.3470494115723326,2.1694063172340323,239,216,3.517399267399267,0.45396886931662406,2.015045083059331
tf=1|ema=13|vwap=roll35|trend=0|sides=long|stop_atr=0|target_atr=0.0|exit_cross=True|min_bars=7|max_bars=0|confirm=False|entry=cross_or_pb|exit=close_vwap|regime=|rs=0|dtrend=0,1502,36.61784287616511,0.9074700949900918,1363.020082675118,1.612996317218536,4.615485310547188,550,952,5.221898579671549,0.6249913384416055,3.457815594459822,1130,34.7787610619469,0.3946792058026809,445.9875025570295,1.2582525282376267,2.117567848621672,393,737,4.849373156342183,0.23076912065605693,1.3543835534949382
tf=1|ema=13|vwap=roll50|trend=0|sides=long|stop_atr=0|target_atr=0.0|exit_cross=True|min_bars=7|max_bars=0|confirm=False|entry=cross_or_pb|exit=close_vwap|regime=spyvw|rs=0|dtrend=0,892,38.00448430493274,1.249193706321584,1114.280786038853,1.9022563489924176,4.715978229861254,339,553,6.322776532137519,0.8440020096042918,3.454005525567453,686,30.903790087463555,0.16351514149230822,112.17138706372344,1.1008642916263056,0.6370858867583488,212,474,5.686710398445093,-0.03929790262703049,-0.17151513139156996
tf=1|ema=13|vwap=roll35|trend=0|sides=long|stop_atr=0|target_atr=0.0|exit_cross=True|min_bars=0|max_bars=0|confirm=False|entry=cross|exit=close_vwap|regime=|rs=0|dtrend=0,1348,34.347181008902076,0.947145616640154,1276.7522912309275,1.6876618347863763,4.628527800516111,463,885,4.727590257171118,0.6524752277296952,3.4488784163213504,1031,32.49272550921435,0.4929467237898623,508.2280722273481,1.3517841514096391,2.535854882410374,335,696,4.553629162625282,0.30881387619547035,1.736188679844256
tf=1|ema=21|vwap=roll35|trend=0|sides=long|stop_atr=4.0|target_atr=0.0|exit_cross=True|min_bars=0|max_bars=0|confirm=False|entry=cross_or_pb|exit=close_vwap|regime=|rs=0|dtrend=0,1620,33.76543209876543,0.8006124175905094,1296.9921164966254,1.6472072271661675,4.752476907890655,547,1073,4.247042181069959,0.5313262995162497,3.442385046570176,1237,30.719482619240097,0.3386638534863289,418.9271867625888,1.2591042191012476,2.0685616918004293,380,857,3.956649151172191,0.19424434837933252,1.2965164238989273
tf=1|ema=21|vwap=roll35|trend=0|sides=long|stop_atr=0|target_atr=0.0|exit_cross=True|min_bars=7|max_bars=0|confirm=False|entry=cross_or_pb|exit=close_vwap|regime=|rs=0|dtrend=0,1508,36.6710875331565,0.8540668714354793,1287.9328421247028,1.5721587652455167,4.434614313459206,553,955,5.1126768346595926,0.6049314439937814,3.437261931154021,1137,35.44415127528584,0.3989394108833397,453.5941101743572,1.2643054411285686,2.1732426785817043,403,734,4.786902667839343,0.23120705227753194,1.3814018296373225
tf=1|ema=21|vwap=roll50|trend=0|sides=long|stop_atr=4.0|target_atr=0.0|exit_cross=True|min_bars=7|max_bars=0|confirm=False|entry=cross|exit=cross|regime=spyvw|rs=0|dtrend=0,598,41.63879598662207,1.8515206910030577,1107.2093732198284,1.9836374544984283,4.658672443720887,249,349,10.22421962095875,1.2651414175716404,3.4363738786786326,499,33.66733466933868,0.24415082056438447,121.83125946162785,1.1128383815876157,0.6241866831280748,168,331,8.384101536406144,-0.05344413990483363,-0.15293919588828517
tf=1|ema=13|vwap=roll35|trend=0|sides=long|stop_atr=0|target_atr=0.0|exit_cross=True|min_bars=0|max_bars=0|confirm=False|entry=cross_or_pb|exit=close_vwap|regime=|rs=0|dtrend=0,1617,33.333333333333336,0.8204410674803251,1326.6532061156856,1.6497408371081568,4.732042738176691,539,1078,4.386234796949083,0.5486382738688933,3.435117604615973,1218,30.37766830870279,0.3790896412317011,461.7311830202119,1.2858519127123849,2.2472653222017347,370,848,4.12298166392994,0.21765003200722144,1.4115471564803432
tf=1|ema=21|vwap=roll35|trend=0|sides=long|stop_atr=4.0|target_atr=0.0|exit_cross=True|min_bars=0|max_bars=0|confirm=False|entry=cross|exit=close_vwap|regime=|rs=0|dtrend=0,1359,34.87858719646799,0.9237794305744925,1255.4162461507353,1.6877320553714936,4.665483780190458,474,885,4.549454255580083,0.622429988844567,3.426124072699187,1047,32.9512893982808,0.46146773191458107,483.1567153145664,1.3390325148027191,2.4527216961137035,345,702,4.325652658389048,0.2954476089466798,1.7143118458361835
tf=1|ema=34|vwap=week|trend=0|sides=long|stop_atr=0|target_atr=0.0|exit_cross=True|min_bars=0|max_bars=0|confirm=False|entry=cross|exit=cross|regime=|rs=20|dtrend=50,610,59.67213114754098,0.8943845565959926,545.5745795235554,1.9548953781616931,5.017800618938592,364,246,4.0783469945355195,0.5629815049121552,3.421479636406341,435,56.7816091954023,0.5428968883696184,236.16014644078396,1.427736712528582,2.3224276362913803,247,188,4.254406130268199,0.38575645962306926,1.74387100103544
tf=1|ema=13|vwap=roll35|trend=0|sides=long|stop_atr=0|target_atr=0.0|exit_cross=True|min_bars=7|max_bars=0|confirm=False|entry=cross|exit=close_vwap|regime=|rs=0|dtrend=0,1305,37.088122605363985,1.006354322406333,1313.2923907402646,1.64852403952664,4.533351434896519,484,821,5.438505747126436,0.6982114309458715,3.4184874408318513,1004,35.45816733067729,0.502811110357036,504.82235479846406,1.3257755927479493,2.463812000169724,356,648,5.105162682602923,0.3079159248399192,1.6498500911238474
tf=1|ema=13|vwap=roll50|trend=0|sides=long|stop_atr=4.0|target_atr=0.0|exit_cross=True|min_bars=7|max_bars=0|confirm=False|entry=cross_or_pb|exit=close_vwap|regime=spyvw|rs=0|dtrend=0,893,37.961926091825305,1.2494959959878693,1115.7999244171674,1.9067409135730171,4.74043301988457,339,554,6.292366554684585,0.8317355988227175,3.4172578085291496,689,30.76923076923077,0.15298242403081852,105.40489015723395,1.0939830823110976,0.5997113606059894,212,477,5.652455249153362,-0.0575136087452064,-0.252581720522643
tf=1|ema=21|vwap=roll50|trend=0|sides=long|stop_atr=4.0|target_atr=0.0|exit_cross=True|min_bars=0|max_bars=0|confirm=False|entry=cross|exit=cross|regime=spyvw|rs=0|dtrend=0,612,41.01307189542484,1.790371022319055,1095.7070656592616,1.969851939989787,4.635450370875245,251,361,9.935934095860567,1.2184684090950617,3.4103279598964535,516,32.55813953488372,0.2616303967838999,135.00128474049234,1.1265929863645758,0.6937092157970679,168,348,8.054667312661499,-0.02514971482305996,-0.07462954580470345
tf=1|ema=21|vwap=roll35|trend=0|sides=long|stop_atr=0|target_atr=0.0|exit_cross=True|min_bars=7|max_bars=0|confirm=False|entry=cross_or_pb|exit=close_vwap|regime=|rs=20|dtrend=0,779,38.125802310654684,1.1497858556975473,895.6831815883895,1.80269075880779,4.178260128850993,297,482,5.238553701326487,0.8533198351532694,3.404973167135641,607,38.38550247116969,0.8163356317680257,495.5157284831916,1.533385777450429,2.8255031206784813,233,374,5.008031301482702,0.6481007624079459,2.4596957322362223
tf=1|ema=21|vwap=roll50|trend=0|sides=long|stop_atr=0|target_atr=0.0|exit_cross=True|min_bars=0|max_bars=0|confirm=False|entry=cross|exit=cross|regime=spyvw|rs=0|dtrend=0,612,41.666666666666664,1.7735390508008715,1085.4058990901333,1.9360790489768394,4.5575392645076125,255,357,10.332175925925926,1.2250087406586052,3.4044713825474378,516,33.52713178294574,0.3132713137835856,161.64799791233014,1.1492380462804557,0.8100152054007305,173,343,8.492571059431523,0.047639438529450163,0.13746066933186946
tf=1|ema=34|vwap=week|trend=0|sides=long|stop_atr=0|target_atr=0.0|exit_cross=True|min_bars=7|max_bars=0|confirm=False|entry=cross_or_pb|exit=cross|regime=|rs=20|dtrend=50,582,60.99656357388316,1.0175462137748144,592.211896416942,1.9178699602327285,4.9099310392922115,355,227,4.817081901489119,0.6489182118724124,3.3972800162822354,430,58.13953488372093,0.7137745431699942,306.92305356309754,1.5085290796552706,2.783727977328864,250,180,4.732945736434108,0.49749898713304364,2.053364489989891
tf=1|ema=13|vwap=roll50|trend=0|sides=long|stop_atr=4.0|target_atr=0.0|exit_cross=True|min_bars=7|max_bars=0|confirm=False|entry=cross_or_pb|exit=close_vwap|regime=|rs=0|dtrend=0,1132,38.60424028268551,1.198980804090969,1357.2462702309772,1.7844622735160571,5.033058464376163,437,695,6.695965842167255,0.7377578624564838,3.396031727873823,912,31.359649122807017,0.2543164336004362,231.93658744359783,1.1494963442562742,1.1092752961856998,286,626,5.8530244883040945,0.05982594952064174,0.28681520284341366
tf=1|ema=13|vwap=roll50|trend=0|sides=long|stop_atr=0|target_atr=0.0|exit_cross=True|min_bars=7|max_bars=0|confirm=False|entry=cross_or_pb|exit=close_vwap|regime=|rs=0|dtrend=0,1131,38.63837312113174,1.18032065460541,1334.9426603587187,1.7604871044939912,4.927291193773764,437,694,6.724211612142647,0.7383306237773367,3.384161725086913,908,31.497797356828194,0.2650371852193061,240.65376417912995,1.156261153384295,1.1495038089761398,286,622,5.892896475770925,0.08002040358353957,0.38193432444289943
tf=1|ema=21|vwap=week|trend=0|sides=long|stop_atr=4.0|target_atr=0.0|exit_cross=True|min_bars=7|max_bars=0|confirm=False|entry=cross|exit=cross|regime=spyvw|rs=20|dtrend=50,486,59.67078189300412,1.1085999460232652,538.7795737673069,1.9267415101301983,4.828752292009829,290,196,3.941872427983539,0.7208542628494065,3.381108447093846,393,52.92620865139949,0.5287154468189509,207.78517059984773,1.346034021186778,2.0250239059247206,208,185,3.483248515691264,0.45093267732665326,1.8471275141306078
tf=1|ema=21|vwap=roll35|trend=0|sides=long|stop_atr=4.0|target_atr=0.0|exit_cross=True|min_bars=0|max_bars=0|confirm=False|entry=cross_or_pb|exit=close_vwap|regime=|rs=20|dtrend=0,826,35.351089588377725,1.0920926583590138,902.0685358045453,1.8983614544000231,4.327503867126134,292,534,4.5075665859564165,0.7811418394483637,3.3796722864895488,655,32.51908396946565,0.7622113682195095,499.24844618377875,1.5737060606522248,2.896447900328916,213,442,4.229262086513995,0.6048089076357857,2.511329281771605
tf=1|ema=21|vwap=roll35|trend=0|sides=long|stop_atr=0|target_atr=0.0|exit_cross=True|min_bars=7|max_bars=0|confirm=False|entry=cross|exit=close_vwap|regime=|rs=0|dtrend=0,1331,36.58903080390684,0.9280290009918081,1235.2066003200966,1.5957673664694918,4.333106650107909,487,844,5.272195091409967,0.6609905383966554,3.376155265524672,1018,36.44400785854617,0.5087141096124393,517.8709635854633,1.3350895696976757,2.541749646557463,371,647,5.0037655533726255,0.323334748341013,1.7688049511645263
tf=1|ema=13|vwap=roll35|trend=0|sides=long|stop_atr=0|target_atr=0.0|exit_cross=True|min_bars=7|max_bars=0|confirm=False|entry=cross|exit=close_vwap|regime=spyvw|rs=0|dtrend=0,884,36.76470588235294,1.0822068163733516,956.6708256740428,1.7235133194591437,3.8089912630456966,325,559,5.319193061840121,0.8975822037164584,3.373437389677335,684,36.111111111111114,0.43496685455265527,297.5173285140162,1.2873105709668093,1.8803287733974396,247,437,5.2967227095516565,0.2019106661392994,0.9687608708624902
tf=1|ema=21|vwap=roll50|trend=0|sides=long|stop_atr=0|target_atr=0.0|exit_cross=True|min_bars=7|max_bars=0|confirm=False|entry=cross_or_pb|exit=cross|regime=|rs=0|dtrend=0,898,43.87527839643653,1.7350912377810983,1558.1119315274263,1.8402903254722527,5.358665854268044,394,504,10.740952115812918,0.9874101649993505,3.369581091345626,726,35.81267217630854,0.4786494749746776,347.4995188316159,1.2156200968790727,1.4592393634484355,260,466,9.009814049586776,0.16227844535426125,0.5451554999609577
tf=1|ema=13|vwap=roll35|trend=0|sides=long|stop_atr=4.0|target_atr=0.0|exit_cross=True|min_bars=0|max_bars=0|confirm=False|entry=cross|exit=close_vwap|regime=|rs=0|dtrend=0,1348,34.347181008902076,0.9389435654232487,1265.6959261905395,1.6776713278161643,4.582800057714313,463,885,4.720728239366964,0.6380140325542004,3.3660819682036784,1031,32.49272550921435,0.4982925439449915,513.7396128072862,1.3569609106399776,2.57101795729865,335,696,4.537786938247656,0.30753008142469573,1.7326148420186882
tf=1|ema=21|vwap=roll50|trend=0|sides=long|stop_atr=4.0|target_atr=0.0|exit_cross=True|min_bars=7|max_bars=0|confirm=False|entry=cross_or_pb|exit=cross|regime=spyvw|rs=0|dtrend=0,746,40.3485254691689,1.6486014161948466,1229.8566564813555,1.9178610511399374,4.847631821528712,301,445,9.56797363717605,1.0556882604164537,3.365680484833142,595,33.61344537815126,0.2706010906670142,161.00764894687347,1.1335639311611556,0.7935922740141098,200,395,7.945728291316526,-0.030099694956683548,-0.09920889796784638
tf=1|ema=34|vwap=week|trend=0|sides=long|stop_atr=0|target_atr=0.0|exit_cross=True|min_bars=0|max_bars=0|confirm=False|entry=cross|exit=cross|regime=|rs=0|dtrend=50,855,57.77777777777778,0.7141382165453396,610.5881751462653,1.730702138177827,4.90736581170713,494,361,4.420224171539961,0.44262577629666006,3.3563464953026143,647,55.17774343122102,0.3846133932873154,248.8448654568931,1.302937529886827,2.0740498370856693,357,290,4.5081787738279235,0.1931695969839869,1.08766465490388
tf=1|ema=13|vwap=roll35|trend=0|sides=long|stop_atr=4.0|target_atr=0.0|exit_cross=True|min_bars=0|max_bars=0|confirm=False|entry=cross_or_pb|exit=close_vwap|regime=|rs=0|dtrend=0,1621,33.25107958050586,0.8108480032182999,1314.384613216864,1.639887314557196,4.684620177885556,539,1082,4.370398930701213,0.5344623742249557,3.349877774356816,1225,30.285714285714285,0.3777351618202668,462.7255732298268,1.28645298386351,2.2578833170945627,371,854,4.097585034013605,0.2121374841756138,1.3858453513416396
tf=1|ema=13|vwap=roll35|trend=0|sides=long|stop_atr=4.0|target_atr=0.0|exit_cross=True|min_bars=7|max_bars=0|confirm=False|entry=cross_or_pb|exit=close_vwap|regime=|rs=0|dtrend=0,1506,36.58698539176627,0.9070253616496949,1365.9801946444406,1.6151440075390593,4.629830153679077,551,955,5.183847941567065,0.6043343294343405,3.3487573788322664,1137,34.65259454705365,0.3956969575470494,449.90744073099523,1.2609520758116637,2.145696055624424,394,743,4.802990325417766,0.21508346510998805,1.2725127969938441
tf=1|ema=21|vwap=roll50|trend=0|sides=long|stop_atr=0|target_atr=0.0|exit_cross=True|min_bars=0|max_bars=0|confirm=False|entry=cross_or_pb|exit=cross|regime=spyvw|rs=0|dtrend=0,749,40.453938584779706,1.6078428689307516,1204.274308829133,1.8868724155517198,4.7433171703882975,303,446,9.640798842901647,1.0434424809342695,3.3448187045792577,597,33.50083752093802,0.27981252892923364,167.04807977075248,1.1399021799963074,0.8179443098317203,200,397,8.126954215522055,0.0012279515517340915,0.004033536036901374
tf=1|ema=13|vwap=roll50|trend=0|sides=long|stop_atr=4.0|target_atr=0.0|exit_cross=True|min_bars=0|max_bars=0|confirm=False|entry=cross_or_pb|exit=close_vwap|regime=spyvw|rs=0|dtrend=0,949,33.298208640674396,1.0853179243417101,1029.966710200283,1.8964451771603097,4.5479147561278985,316,633,5.3541886195995785,0.7320573141586908,3.3286193110089988,724,29.005524861878452,0.20883264657428777,151.19483611978436,1.1480831483568714,0.8894660996080871,210,514,4.939053867403315,0.04154814875217542,0.19723487190498074
tf=1|ema=21|vwap=roll50|trend=0|sides=long|stop_atr=4.0|target_atr=0.0|exit_cross=True|min_bars=0|max_bars=0|confirm=False|entry=cross_or_pb|exit=cross|regime=spyvw|rs=0|dtrend=0,759,39.92094861660079,1.5997789121066335,1214.232194288935,1.9026422801165583,4.809297368897136,303,456,9.335309617918314,1.0195010337100452,3.3276139376192746,611,32.56955810147299,0.2834226732901442,173.1712533802781,1.1450652049000352,0.8558271996666249,199,412,7.681123840698308,-0.004722619256959961,-0.01602709022913713
tf=1|ema=21|vwap=week|trend=0|sides=long|stop_atr=0|target_atr=0.0|exit_cross=True|min_bars=0|max_bars=0|confirm=False|entry=cross|exit=cross|regime=|rs=20|dtrend=0,1061,55.70216776625825,0.8022517560858868,851.189113207126,1.6891755564507127,5.330041673050998,591,470,3.8067075086396485,0.4455044236358665,3.324708736911217,787,52.60482846251588,0.36675239656727887,288.6341360984485,1.247039884195275,2.069261756192721,414,373,3.605040237187633,0.24259719022113277,1.4497466435946038
tf=1|ema=21|vwap=roll50|trend=0|sides=long|stop_atr=4.0|target_atr=0.0|exit_cross=True|min_bars=7|max_bars=0|confirm=False|entry=cross_or_pb|exit=cross|regime=|rs=0|dtrend=0,915,42.73224043715847,1.7109067465920325,1565.47967313171,1.8614914371203792,5.467018877415025,391,524,10.310792349726777,0.9426801137538292,3.3237426001296484,748,34.62566844919786,0.4412128129824534,330.02718411087517,1.205097692569242,1.4078083178660212,259,489,8.473596256684491,0.11225877579907417,0.3954561374976042
tf=1|ema=13|vwap=roll35|trend=0|sides=long|stop_atr=4.0|target_atr=0.0|exit_cross=True|min_bars=7|max_bars=0|confirm=False|entry=cross|exit=close_vwap|regime=|rs=0|dtrend=0,1305,37.088122605363985,1.0080298681662683,1315.47897795698,1.6503059912433702,4.543881584577709,484,821,5.408492975734355,0.6788546008637555,3.319157791147211,1004,35.45816733067729,0.5081021175600328,510.1345260302729,1.3303361027028267,2.498333926722091,356,648,5.0706756308100935,0.29800607300333265,1.5991365781841351
tf=1|ema=21|vwap=roll50|trend=0|sides=long|stop_atr=4.0|target_atr=0.0|exit_cross=True|min_bars=0|max_bars=0|confirm=False|entry=cross_or_pb|exit=cross|regime=|rs=0|dtrend=0,937,42.049092849519745,1.6611261630971268,1556.4752148220077,1.8556317436803353,5.461548088769493,394,543,9.999199573105656,0.9132146237629502,3.3171564405231186,774,33.85012919896641,0.4490358743941287,347.5537667810556,1.218760914564844,1.4891120389984644,262,512,8.127691645133506,0.13711108690696766,0.5017158082304232
tf=1|ema=13|vwap=roll50|trend=0|sides=long|stop_atr=0|target_atr=0.0|exit_cross=True|min_bars=0|max_bars=0|confirm=False|entry=cross_or_pb|exit=close_vwap|regime=spyvw|rs=0|dtrend=0,948,33.333333333333336,1.0725317785865638,1016.7601261000625,1.8744706206185824,4.472972711523391,316,632,5.362122011251758,0.7280494405552981,3.2967251228295944,722,28.94736842105263,0.20692205783600584,149.3977257575962,1.1466497748966011,0.8774477026268122,209,513,4.955274699907664,0.04590511164039931,0.21688949531859703
tf=1|ema=13|vwap=roll35|trend=0|sides=long|stop_atr=0|target_atr=0.0|exit_cross=True|min_bars=0|max_bars=0|confirm=False|entry=cross_or_pb|exit=close_vwap|regime=spyvw|rs=0|dtrend=0,1266,31.990521327014218,0.7410720387908029,938.1972011091565,1.6286825847742714,3.982845112068134,405,861,3.9634347024749865,0.5696802637677866,3.2937920674795342,905,30.055248618784532,0.2809807440109825,254.28757332993914,1.2207659646285045,1.5651812918897134,272,633,4.078360957642725,0.07281869088792568,0.4526592446455997
tf=1|ema=21|vwap=week|trend=0|sides=long|stop_atr=4.0|target_atr=0.0|exit_cross=True|min_bars=7|max_bars=0|confirm=False|entry=cross_or_pb|exit=close_vwap|regime=spyvw|rs=20|dtrend=50,527,51.42314990512334,1.0785093713569334,568.3744387051039,2.0370946284974605,4.339080402943259,271,256,3.423624288425048,0.7559173351193693,3.2915403527283327,452,45.575221238938056,0.4854664608746585,219.43084031534562,1.4020904129386682,2.1948786611055207,206,246,3.156618731563422,0.4309375888319194,2.097121874810861
tf=1|ema=21|vwap=week|trend=0|sides=long|stop_atr=4.0|target_atr=0.0|exit_cross=True|min_bars=0|max_bars=0|confirm=False|entry=cross|exit=cross|regime=spyvw|rs=0|dtrend=50,715,57.34265734265734,0.8588306057834051,614.0638831351346,1.8548523101167373,5.123222401463901,410,305,3.563053613053613,0.5048385918177354,3.2797642534897653,574,47.73519163763066,0.09092304470590135,52.18982766118737,1.0657773739572887,0.5071413747678089,274,300,3.2296022067363532,0.06951880864428976,0.41860375074045886
tf=1|ema=13|vwap=roll35|trend=0|sides=long|stop_atr=4.0|target_atr=0.0|exit_cross=True|min_bars=7|max_bars=0|confirm=False|entry=cross|exit=close_vwap|regime=spyvw|rs=0|dtrend=0,884,36.76470588235294,1.0811653430301986,955.7501632386956,1.7223141052037665,3.806034649047707,325,559,5.2820041478129705,0.8736423647624038,3.2768987256644655,684,36.111111111111114,0.4354794532952108,297.8679460539242,1.2877465879297452,1.8884903889049174,247,437,5.267056530214425,0.1829749143853845,0.8784653291613178
tf=1|ema=13|vwap=roll35|trend=0|sides=long|stop_atr=0|target_atr=0.0|exit_cross=True|min_bars=7|max_bars=0|confirm=False|entry=cross_or_pb|exit=close_vwap|regime=spyvw|rs=0|dtrend=0,1173,36.146632566069904,0.8631577317023851,1012.4840192868977,1.6130052962009713,3.838415249642423,424,749,4.869387610116511,0.6873878905838706,3.2742941670072603,841,35.43400713436385,0.3052122049671712,256.683464377391,1.2058188489153407,1.521671161570756,298,543,4.919589774078478,0.09479207617925166,0.5274869663534123
tf=1|ema=34|vwap=week|trend=0|sides=long|stop_atr=0|target_atr=0.0|exit_cross=True|min_bars=0|max_bars=0|confirm=False|entry=cross_or_pb|exit=cross|regime=spy50|rs=0|dtrend=50,777,57.915057915057915,0.6893337244681282,535.6123039117357,1.7061485960155727,4.551860486727138,450,327,4.37467824967825,0.4476475301127307,3.27208143308196,621,55.072463768115945,0.45326455688557205,281.47728982594026,1.3535711014461966,2.2973780598032367,342,279,4.530059044551798,0.257760349199355,1.3668127678558453
tf=1|ema=34|vwap=week|trend=0|sides=long|stop_atr=4.0|target_atr=0.0|exit_cross=True|min_bars=7|max_bars=0|confirm=False|entry=cross|exit=cross|regime=spyvw|rs=0|dtrend=0,795,55.723270440251575,1.0994727634666175,874.0808469559609,1.7389279322584417,5.2761319346281494,443,352,4.268448637316562,0.5616175074173357,3.270866534687346,592,52.87162162162162,0.46097866832835577,272.8993716503866,1.2740103512338785,2.05725239544545,313,279,4.260205518018019,0.19698317262348192,0.9532140451774311
tf=1|ema=13|vwap=roll35|trend=0|sides=long|stop_atr=0|target_atr=0.0|exit_cross=True|min_bars=0|max_bars=0|confirm=False|entry=cross|exit=close_vwap|regime=spyvw|rs=0|dtrend=0,915,34.31693989071038,0.9192874070663141,841.1479774656774,1.7015296943725113,3.833514571440934,314,601,4.560063752276867,0.7285521427045061,3.270496988261964,705,33.04964539007092,0.4157421077677012,293.09818597622933,1.3045251725515357,1.910653287902751,233,472,4.697754137115839,0.18534163193068923,0.9463844924675907
tf=1|ema=13|vwap=week|trend=0|sides=long|stop_atr=0|target_atr=0.0|exit_cross=True|min_bars=7|max_bars=0|confirm=False|entry=cross|exit=close_vwap|regime=spyvw|rs=0|dtrend=0,1419,46.22973925299507,0.8978023636945501,1273.9815540825666,1.7450445811530606,5.210644959112152,656,763,3.0685929058022086,0.5049648083065392,3.2667331378351134,1008,42.55952380952381,0.10552225341899658,106.36643144634857,1.0849583457962142,0.8395366497017824,429,579,2.947048611111111,0.01408470987016091,0.1222788688487085
tf=1|ema=21|vwap=roll35|trend=0|sides=long|stop_atr=4.0|target_atr=0.0|exit_cross=True|min_bars=7|max_bars=0|confirm=False|entry=cross_or_pb|exit=close_vwap|regime=|rs=20|dtrend=0,783,37.93103448275862,1.1342727100740155,888.1355319879542,1.7894804694107365,4.138097429592714,297,486,5.189123031077053,0.8163504246318013,3.2649268183263778,610,38.19672131147541,0.7969641349693277,486.1481223312899,1.5180781899389515,2.770465735806317,233,377,4.9562841530054635,0.6169409971746002,2.344820722551685
tf=1|ema=21|vwap=roll50|trend=0|sides=long|stop_atr=0|target_atr=0.0|exit_cross=True|min_bars=0|max_bars=0|confirm=False|entry=cross_or_pb|exit=cross|regime=|rs=0|dtrend=0,921,42.99674267100977,1.654671593611488,1523.9525377161804,1.8157824741329425,5.267432393324302,396,525,10.397303655446978,0.9251496723221959,3.258973321946131,754,35.0132625994695,0.485059522519133,365.73487997942624,1.230393844748084,1.5442459983883732,264,490,8.608919098143236,0.18179783529327756,0.6373765897776797
tf=1|ema=21|vwap=week|trend=0|sides=long|stop_atr=0|target_atr=0.0|exit_cross=True|min_bars=0|max_bars=0|confirm=False|entry=cross_or_pb|exit=close_vwap|regime=spyvw|rs=20|dtrend=50,568,46.30281690140845,0.8338160397114633,473.6075105561112,2.023104147585392,4.284972744359396,263,305,2.6619718309859155,0.5995431199894963,3.257995092374509,484,40.90909090909091,0.3982068130858974,192.73209753357432,1.415596675380271,2.0923821968928986,198,286,2.441287878787879,0.36270277353604374,2.056674608893221
tf=1|ema=13|vwap=roll50|trend=0|sides=long|stop_atr=0|target_atr=0.0|exit_cross=True|min_bars=7|max_bars=0|confirm=False|entry=cross_or_pb|exit=cross|regime=spy50|rs=0|dtrend=0,716,40.22346368715084,1.3549982342391358,970.1787357152214,1.7407654606948912,4.021109017583097,288,428,8.857832867783985,1.0312753566413546,3.2354490701566228,693,34.05483405483405,0.11952106087930822,82.8280951893606,1.0554994654100713,0.4274594995720896,236,457,7.89093314093314,0.017834487904389323,0.0672212271979526
tf=1|ema=13|vwap=roll50|trend=0|sides=long|stop_atr=0|target_atr=0.0|exit_cross=True|min_bars=7|max_bars=0|confirm=False|entry=cross|exit=close_vwap|regime=spyvw|rs=0|dtrend=0,634,39.27444794952682,1.4269248731938133,904.6703696048777,1.9380785453754175,4.2223494188599,249,385,7.077287066246057,1.0145847696068213,3.2302196099437057,532,32.330827067669176,0.2844023351005275,151.30204227348062,1.163557497559462,0.9016981300155319,172,360,6.3186873433583965,0.08332717415927042,0.29410639625547086
tf=1|ema=13|vwap=roll50|trend=0|sides=long|stop_atr=4.0|target_atr=0.0|exit_cross=True|min_bars=7|max_bars=0|confirm=False|entry=cross_or_pb|exit=cross|regime=spy50|rs=0|dtrend=0,721,39.94452149791955,1.37506341976396,991.4207256498152,1.7722561451277232,4.144804495961556,288,433,8.676490984743412,1.0152195534019117,3.2272690060971083,702,33.333333333333336,0.10005987470813164,70.2420320451084,1.0468237700806755,0.3652586798864844,234,468,7.677231718898386,-0.03571646821686089,-0.13698126151593165
tf=1|ema=21|vwap=week|trend=0|sides=long|stop_atr=0|target_atr=0.0|exit_cross=True|min_bars=0|max_bars=0|confirm=False|entry=cross_or_pb|exit=cross|regime=|rs=20|dtrend=0,1100,55.54545454545455,0.7676813733322831,844.4495106655115,1.638506235669126,5.1021055498562875,611,489,3.7995454545454543,0.4308393011456854,3.227045272215976,835,52.09580838323353,0.3580236539442047,298.9497510434109,1.2384384460521267,2.069715383259116,435,400,3.610279441117764,0.24445091341291952,1.501204040993304
tf=1|ema=21|vwap=roll35|trend=0|sides=long|stop_atr=0|target_atr=0.0|exit_cross=True|min_bars=0|max_bars=0|confirm=False|entry=cross|exit=close_vwap|regime=spyvw|rs=0|dtrend=0,928,35.23706896551724,0.9520818220633932,883.531930874829,1.7129369840898756,3.8559850254166976,327,601,4.6101382902298855,0.7337907314120312,3.220155444698443,705,33.191489361702125,0.40041164808962465,282.29021190318537,1.2898364272634146,1.81308361947101,234,471,4.5212765957446805,0.2291623050651832,1.1521382764508454
tf=1|ema=21|vwap=week|trend=0|sides=long|stop_atr=0|target_atr=0.0|exit_cross=True|min_bars=7|max_bars=0|confirm=False|entry=cross_or_pb|exit=close_vwap|regime=spyvw|rs=20|dtrend=50,524,51.52671755725191,1.074345976177561,562.9572915170419,2.033659683077,4.277324044400632,270,254,3.4561863867684477,0.7481001170676788,3.219373943639291,449,45.43429844097996,0.44523636581737314,199.91112825200057,1.3563712344278758,1.9727326636180635,204,245,3.1937639198218264,0.40817080521854565,1.9524872475769584
tf=1|ema=13|vwap=roll50|trend=0|sides=long|stop_atr=4.0|target_atr=0.0|exit_cross=True|min_bars=7|max_bars=0|confirm=False|entry=cross|exit=close_vwap|regime=spyvw|rs=0|dtrend=0,634,39.11671924290221,1.4348677084132333,909.7061271339899,1.952880518327477,4.2662049643972475,248,386,7.042981072555205,1.0063050798873014,3.214944948918025,532,32.142857142857146,0.23546332503269402,125.26648891739323,1.1345772728971455,0.7541049086725331,171,361,6.218984962406015,0.05154269049124137,0.1824439195799393
tf=1|ema=34|vwap=week|trend=0|sides=long|stop_atr=0|target_atr=0.0|exit_cross=True|min_bars=0|max_bars=0|confirm=False|entry=cross_or_pb|exit=cross|regime=|rs=20|dtrend=0,775,60.903225806451616,0.8996192786511394,697.2049409546331,1.840369051325935,5.190921410148378,472,303,4.508118279569892,0.5049053670531202,3.209977475292047,566,56.360424028268554,0.6235860567041969,352.94970809457544,1.4794253718843087,2.9784738108203217,319,247,4.391710836277974,0.4234527152109142,2.1631982406410732
tf=1|ema=21|vwap=week|trend=0|sides=long|stop_atr=4.0|target_atr=0.0|exit_cross=True|min_bars=0|max_bars=0|confirm=False|entry=cross_or_pb|exit=close_vwap|regime=spyvw|rs=20|dtrend=50,571,46.234676007005255,0.8200591843515176,468.2537942647166,1.9899739649326476,4.238023350598501,264,307,2.636310566258027,0.5865510955473537,3.2095285160745086,484,40.90909090909091,0.41016930899719745,198.52194555464357,1.4334937055864274,2.167318396297953,198,286,2.4391356749311295,0.3689091118509876,2.0983206537256165
tf=1|ema=13|vwap=roll35|trend=0|sides=long|stop_atr=4.0|target_atr=0.0|exit_cross=True|min_bars=0|max_bars=0|confirm=False|entry=cross_or_pb|exit=close_vwap|regime=spyvw|rs=0|dtrend=0,1270,31.88976377952756,0.7304279007091375,927.6434339006047,1.617245358301357,3.93588791444089,405,865,3.9453740157480315,0.5531689512282665,3.2031541298157027,909,30.033003300330034,0.27851654768645556,253.1715418469881,1.2193794852984738,1.562631590024723,273,636,4.052805280528053,0.06297334842437316,0.39345845609823604
tf=1|ema=34|vwap=week|trend=0|sides=long|stop_atr=0|target_atr=0.0|exit_cross=True|min_bars=7|max_bars=0|confirm=False|entry=cross|exit=cross|regime=|rs=20|dtrend=0,682,61.43695014662757,1.053180440583206,718.2690604777465,1.9221509518319637,5.344667981863716,419,263,4.98252688172043,0.5761764470807345,3.2014400015919846,497,56.94164989939638,0.7381748938071584,366.8729222221577,1.530912527056291,3.1450206199639834,283,214,4.824362843729041,0.5015231000279748,2.283695863591539
tf=1|ema=21|vwap=roll35|trend=0|sides=long|stop_atr=0|target_atr=0.0|exit_cross=True|min_bars=0|max_bars=0|confirm=False|entry=cross_or_pb|exit=close_vwap|regime=spyvw|rs=0|dtrend=0,1258,32.829888712241655,0.7559607504084996,950.9986240138925,1.6318069172781213,3.951626871069832,413,845,4.03702967673556,0.5637164707290825,3.1902666915571287,912,29.714912280701753,0.2499398646125037,227.9451565266034,1.1950714854486715,1.399081819303146,271,641,3.924205043859649,0.07917137061701959,0.49488239157718295
tf=1|ema=21|vwap=roll35|trend=0|sides=long|stop_atr=0|target_atr=0.0|exit_cross=True|min_bars=7|max_bars=0|confirm=False|entry=cross|exit=close_vwap|regime=spyvw|rs=0|dtrend=0,911,36.99231613611416,1.0165826190645555,926.1067659678101,1.6670729812378338,3.696954297741964,337,574,5.323133918770582,0.8103769836010035,3.183400373115079,693,36.65223665223665,0.38979301197461225,270.1265572984063,1.2509154672292837,1.6831892985444432,254,439,5.186868686868687,0.2080236498427176,0.994336980495356
tf=1|ema=21|vwap=roll35|trend=0|sides=long|stop_atr=4.0|target_atr=0.0|exit_cross=True|min_bars=7|max_bars=0|confirm=False|entry=cross_or_pb|exit=close_vwap|regime=|rs=0|dtrend=0,1514,36.65785997357992,0.8238609902684114,1247.3255392663748,1.5511670800061554,4.325163703879156,555,959,5.075682518714222,0.5535635150139231,3.1795262795844357,1145,35.28384279475983,0.3905194417738813,447.14476083109406,1.2594098984989213,2.1471675394767242,404,741,4.739810771470161,0.2097834565815065,1.2622289625877372
tf=1|ema=21|vwap=roll35|trend=0|sides=long|stop_atr=0|target_atr=0.0|exit_cross=True|min_bars=0|max_bars=0|confirm=False|entry=cross|exit=close_vwap|regime=|rs=20|dtrend=0,648,36.574074074074076,1.2432621353482716,805.63386370568,1.9375860348757705,4.137721326161497,237,411,5.0176826131687235,0.87002484707787,3.1737866381267614,517,36.170212765957444,1.0791882301369446,557.9403149808004,1.7794130125599608,3.3186972335399827,187,330,4.816166989039329,0.8988478753607371,3.028489753298727
tf=1|ema=34|vwap=week|trend=0|sides=long|stop_atr=0|target_atr=0.0|exit_cross=True|min_bars=7|max_bars=0|confirm=False|entry=cross|exit=cross|regime=spyvw|rs=0|dtrend=50,451,59.42350332594235,1.0456965221139507,471.60913147339187,2.0335990585586403,4.71067811966375,268,183,4.84460458240946,0.6470225295513135,3.173647391848724,328,57.6219512195122,0.5025500133356817,164.8364043741036,1.3679224816765918,1.747168696410548,189,139,4.777947154471544,0.1779310182783309,0.6481143639996797
tf=1|ema=21|vwap=week|trend=0|sides=long|stop_atr=0|target_atr=0.0|exit_cross=True|min_bars=0|max_bars=0|confirm=False|entry=cross_or_pb|exit=cross|regime=spyvw|rs=0|dtrend=50,785,57.961783439490446,0.8691714301621359,682.2995726772767,1.8508403613227111,5.1721390917995,455,330,3.8561040339702757,0.49477049226197845,3.1714583971208765,638,50.470219435736674,0.16829901965129693,107.37477453752744,1.11672048213046,0.8834587437280196,322,316,3.7633228840125392,0.13225510207741303,0.7361348972769742
tf=1|ema=13|vwap=roll35|trend=0|sides=long|stop_atr=4.0|target_atr=0.0|exit_cross=True|min_bars=0|max_bars=0|confirm=False|entry=cross|exit=close_vwap|regime=spyvw|rs=0|dtrend=0,915,34.31693989071038,0.9072078416891474,830.0951751455699,1.6859879230106896,3.7748528960040892,314,601,4.551183970856101,0.7087843277477553,3.1712782682382423,705,33.04964539007092,0.4162882601342624,293.483223394655,1.3050472551786636,1.919578655101616,233,472,4.683687943262411,0.1745595504151623,0.8926268102201241
tf=1|ema=21|vwap=week|trend=0|sides=long|stop_atr=0|target_atr=0.0|exit_cross=True|min_bars=0|max_bars=0|confirm=False|entry=cross|exit=cross|regime=spy50|rs=20|dtrend=50,773,54.721862871927556,0.6824583767011002,527.5403251899504,1.6133084019717352,4.077315588378763,423,350,3.616860715825787,0.4978313467555193,3.1672511112052293,637,51.49136577708006,0.23775223976516333,151.44817673040905,1.1532219746808468,1.1734778505945271,328,309,3.646258503401361,0.19201214253300408,1.0000852167028598
tf=1|ema=34|vwap=roll50|trend=0|sides=long|stop_atr=0|target_atr=0.0|exit_cross=True|min_bars=7|max_bars=0|confirm=False|entry=cross|exit=cross|regime=spyvw|rs=0|dtrend=0,663,45.70135746606335,1.5210757102919743,1008.4731959235789,1.809417383892499,4.450383422481719,303,360,9.490635997988939,1.0196555402395657,3.166012313963899,537,37.243947858473,0.30973311499270234,166.32668275108117,1.136016305117029,0.7725728873131797,200,337,8.49130974549969,0.07453828653252643,0.20624978297295898
tf=1|ema=21|vwap=roll50|trend=0|sides=long|stop_atr=0|target_atr=0.0|exit_cross=True|min_bars=7|max_bars=0|confirm=False|entry=cross|exit=cross|regime=|rs=0|dtrend=0,882,43.53741496598639,1.660996976341642,1464.9993331333283,1.7909577349724717,5.127444410804021,384,498,10.6921768707483,0.9252542951930738,3.1611121738676453,726,35.81267217630854,0.4786494749746776,347.4995188316159,1.2156200968790727,1.4592393634484355,260,466,9.009814049586776,0.16227844535426125,0.5451554999609577
tf=1|ema=13|vwap=roll35|trend=0|sides=long|stop_atr=4.0|target_atr=0.0|exit_cross=True|min_bars=7|max_bars=0|confirm=False|entry=cross_or_pb|exit=close_vwap|regime=spyvw|rs=0|dtrend=0,1177,36.10875106202209,0.8612321747953708,1013.6702697341516,1.6141612580559261,3.8411154316378995,425,752,4.827421410365336,0.6635227511363349,3.16092122679368,845,35.38461538461539,0.30523370589444043,257.92248148080216,1.2068393120174021,1.53596705411448,299,546,4.876676528599606,0.07530432204877684,0.42147495318901457
tf=1|ema=13|vwap=roll35|trend=0|sides=long|stop_atr=0|target_atr=0.0|exit_cross=True|min_bars=7|max_bars=0|confirm=False|entry=cross_or_pb|exit=close_vwap|regime=|rs=20|dtrend=0,786,38.67684478371501,1.1090741538971156,871.732284963133,1.7585621950623884,3.9162951209322623,304,482,5.1314673452078035,0.825358652990604,3.157631389861436,611,37.64320785597381,0.7764605468260933,474.41739411074303,1.5125669911886668,2.6990555271395116,230,381,4.918371522094926,0.5846519802436757,2.223206178307988
tf=1|ema=13|vwap=week|trend=0|sides=long|stop_atr=4.0|target_atr=0.0|exit_cross=True|min_bars=7|max_bars=0|confirm=False|entry=cross|exit=close_vwap|regime=spyvw|rs=0|dtrend=0,1422,45.9915611814346,0.8882713492355201,1263.1218586129094,1.7379267509931786,5.193459628532794,654,768,3.0368319268635724,0.4847485120200075,3.1570307329496248,1010,42.57425742574257,0.1343127957043611,135.65592366140473,1.1096422807826138,1.0734368068907985,430,580,2.9252475247524754,0.026721315753515405,0.23268118300562354
tf=1|ema=21|vwap=roll50|trend=0|sides=long|stop_atr=0|target_atr=0.0|exit_cross=True|min_bars=7|max_bars=0|confirm=False|entry=cross|exit=close_vwap|regime=spyvw|rs=0|dtrend=0,585,39.14529914529915,1.4622408821593884,855.4109160632422,1.9543814932615018,4.04522319325041,229,356,7.229558404558405,1.0745407424213005,3.153736040847379,488,33.60655737704918,0.33595884958602173,163.9479185979786,1.1903213108283826,0.9398395311212462,164,324,6.52698087431694,0.10156550685193881,0.3143485339923078
tf=1|ema=13|vwap=roll50|trend=0|sides=long|stop_atr=4.0|target_atr=0.0|exit_cross=True|min_bars=0|max_bars=0|confirm=False|entry=cross_or_pb|exit=close_vwap|regime=|rs=0|dtrend=0,1215,33.415637860082306,0.9841265236580002,1195.7137262444703,1.7139217402519493,4.569369419066514,406,809,5.701920438957477,0.6173410781640428,3.150290906565499,961,28.82414151925078,0.25717119077211276,247.14151433200033,1.1707471346379046,1.2173213149642852,277,684,5.103537981269511,0.103023806315049,0.5351746722448073
tf=1|ema=34|vwap=week|trend=0|sides=long|stop_atr=4.0|target_atr=0.0|exit_cross=True|min_bars=0|max_bars=0|confirm=False|entry=cross|exit=cross|regime=spyvw|rs=0|dtrend=0,835,55.449101796407184,0.9936011953605267,829.6569981260399,1.7209876283868515,5.117123270311714,463,372,3.8856786427145713,0.4989888572612883,3.1454029116691755,628,53.02547770700637,0.38606598104562395,242.44943609665182,1.2471369753774435,1.8522864321433146,333,295,3.8247080679405525,0.15725830758517068,0.8201229527593615
tf=1|ema=34|vwap=week|trend=0|sides=long|stop_atr=4.0|target_atr=0.0|exit_cross=True|min_bars=7|max_bars=0|confirm=False|entry=cross_or_pb|exit=cross|regime=spyvw|rs=0|dtrend=0,927,57.605177993527505,1.157530847197506,1073.0310953520882,1.7329170163561578,5.713730826807925,534,393,4.352391226177634,0.5349862626024515,3.137711423954582,670,54.32835820895522,0.5998834664599373,401.92192252815795,1.3736518530097297,2.8912135221152475,364,306,4.2666666666666675,0.31766271663943413,1.6602814223646312
tf=1|ema=34|vwap=week|trend=0|sides=long|stop_atr=0|target_atr=0.0|exit_cross=True|min_bars=7|max_bars=0|confirm=False|entry=cross_or_pb|exit=cross|regime=spyvw|rs=20|dtrend=0,462,62.121212121212125,1.2717732006601956,587.5592187050104,2.0426549130261042,4.778759560857008,287,175,5.211038961038961,0.7591369339418929,3.1363055713921666,326,59.8159509202454,1.0664073173750934,347.6487854642804,1.8397585463091612,3.619284427836666,195,131,4.503578732106339,0.7079499047453851,2.604283119063029
tf=1|ema=34|vwap=week|trend=0|sides=long|stop_atr=0|target_atr=0.0|exit_cross=True|min_bars=7|max_bars=0|confirm=False|entry=cross_or_pb|exit=cross|regime=|rs=0|dtrend=50,811,59.06288532675709,0.7814089026832118,633.7226200760847,1.6919531185243597,4.785620472940253,479,332,5.046855733662145,0.4648488624680036,3.1356916580957637,618,56.47249190938511,0.5367706725117719,331.72427561227505,1.3823999850668547,2.564201133311339,349,269,5.031081445523193,0.30153428830057,1.508839783347668
tf=1|ema=21|vwap=roll35|trend=0|sides=long|stop_atr=4.0|target_atr=0.0|exit_cross=True|min_bars=0|max_bars=0|confirm=False|entry=cross|exit=close_vwap|regime=spyvw|rs=0|dtrend=0,928,35.23706896551724,0.944298910918109,876.3093893320053,1.7030118447595775,3.8175514255928626,327,601,4.594154094827586,0.7156942590924229,3.130539409274428,705,33.191489361702125,0.3962991662422679,279.3909122007989,1.2860082326513775,1.7970504936179312,234,471,4.5026004728132385,0.20808387950940768,1.0441817871484225
tf=1|ema=34|vwap=roll50|trend=0|sides=long|stop_atr=0|target_atr=0.0|exit_cross=True|min_bars=7|max_bars=0|confirm=False|entry=cross_or_pb|exit=cross|regime=|rs=0|dtrend=0,993,46.82779456193354,1.4300936790952905,1420.0830233416234,1.7073169626119193,5.13324621586004,465,528,9.50612621685129,0.7956448578142714,3.128554831252734,779,37.09884467265725,0.3888616599955711,302.9232331365499,1.1730701733601787,1.246755373986558,289,490,8.562312794180572,0.07094878113469058,0.2508293665409221
tf=1|ema=34|vwap=roll50|trend=0|sides=long|stop_atr=0|target_atr=0.0|exit_cross=True|min_bars=7|max_bars=0|confirm=False|entry=cross_or_pb|exit=cross|regime=spyvw|rs=0|dtrend=0,799,45.18147684605757,1.3666756557293172,1091.9738489277245,1.7722356064569131,4.656110180411739,361,438,8.807259073842303,0.8599223932404683,3.126998827419006,618,38.18770226537217,0.334768072899054,206.8866690516154,1.158020093702588,0.942000054036843,236,382,8.119066882416398,0.0634189240600165,0.199213315193441
tf=1|ema=34|vwap=roll35|trend=0|sides=long|stop_atr=0|target_atr=0.0|exit_cross=True|min_bars=7|max_bars=0|confirm=False|entry=cross_or_pb|exit=close_vwap|regime=spyvw|rs=0|dtrend=0,1063,40.07525870178739,0.8786242260452933,933.9775522861468,1.6369483527075275,3.9802345550517333,426,637,4.8361163374098455,0.6285362121449599,3.1248798122282517,877,35.4618015963512,0.35470574341154415,311.0769369719242,1.2615862259064134,1.8658715408746975,311,566,4.186383504370962,0.132598689215421,0.781867507845849
tf=1|ema=21|vwap=roll50|trend=0|sides=long|stop_atr=0|target_atr=0.0|exit_cross=True|min_bars=7|max_bars=0|confirm=False|entry=cross_or_pb|exit=close_vwap|regime=|rs=0|dtrend=0,1085,38.433179723502306,1.153711330327953,1251.7767934058288,1.739104199903295,4.763888680819233,417,668,6.719508448540706,0.689749170853239,3.1215647403510958,851,32.78495887191539,0.3077872095360422,261.9269153151719,1.183945991398527,1.2724333230393656,279,572,6.042450058754406,0.0801943819230975,0.36562556029192145
tf=1|ema=21|vwap=roll35|trend=0|sides=long|stop_atr=4.0|target_atr=0.0|exit_cross=True|min_bars=7|max_bars=0|confirm=False|entry=cross|exit=close_vwap|regime=|rs=0|dtrend=0,1333,36.53413353338335,0.8893090031051656,1185.4489011391856,1.5671771903308145,4.186590343394666,487,846,5.237965741435358,0.6035720501625875,3.108132682396653,1018,36.44400785854617,0.5067198980292404,515.8408561937667,1.333338116020888,2.5356914546239215,371,647,4.965618860510806,0.30687213028133237,1.6784671032166
tf=1|ema=21|vwap=roll35|trend=0|sides=long|stop_atr=0|target_atr=0.0|exit_cross=True|min_bars=0|max_bars=0|confirm=False|entry=cross_or_pb|exit=close_vwap|regime=|rs=20|dtrend=50,674,35.90504451038576,1.1193732517703243,754.4575716931986,1.948741874334634,3.9155810513191,242,432,4.501421859545005,0.8254037817197459,3.1063514901873903,559,32.73703041144902,0.6830705635833421,381.83644504308825,1.505765826225927,2.4744604204301353,183,376,4.2435897435897445,0.6025897153403657,2.3166855258015064
tf=1|ema=34|vwap=roll50|trend=0|sides=long|stop_atr=4.0|target_atr=0.0|exit_cross=True|min_bars=7|max_bars=0|confirm=False|entry=cross_or_pb|exit=cross|regime=|rs=0|dtrend=0,1022,45.596868884540115,1.3721405359898842,1402.3276277816617,1.708325923798937,5.2098474686565135,466,556,8.884091650358773,0.745627345254945,3.105152492805112,801,35.95505617977528,0.4227983322858985,338.66146416100474,1.1991500366683936,1.421396745918658,288,513,7.944548481065336,0.08246243429873937,0.30562919375107056
tf=1|ema=13|vwap=roll50|trend=0|sides=long|stop_atr=0|target_atr=0.0|exit_cross=True|min_bars=0|max_bars=0|confirm=False|entry=cross_or_pb|exit=cross|regime=spy50|rs=0|dtrend=0,740,38.24324324324324,1.259371575452525,931.9349658348685,1.7008949277375136,3.8890302113436768,283,457,8.483108108108109,0.9493757177350787,3.097841708155685,708,32.76836158192091,0.13841362787380704,97.99684853465538,1.06714342226567,0.5161332798939491,232,476,7.6366525423728815,0.0336514323342075,0.13202848669449424
tf=1|ema=34|vwap=roll35|trend=0|sides=long|stop_atr=0|target_atr=0.0|exit_cross=True|min_bars=7|max_bars=0|confirm=False|entry=cross_or_pb|exit=cross|regime=spyvw|rs=0|dtrend=0,1147,48.91020052310375,0.6198975622941351,711.0225039513729,1.4025767223884111,3.556408415490222,561,586,4.869841615809357,0.4785696452618806,3.0976156212971757,898,45.657015590200444,0.38775569803979804,348.2046168397386,1.2350776912278933,2.0882905308641306,410,488,5.084771714922049,0.08592450885298347,0.5064295054890761
tf=1|ema=21|vwap=week|trend=0|sides=long|stop_atr=0|target_atr=0.0|exit_cross=True|min_bars=0|max_bars=0|confirm=False|entry=cross|exit=cross|regime=spy50|rs=0|dtrend=50,1070,53.64485981308411,0.564451508878066,603.9631144995307,1.5313251692371888,4.133241829388499,574,496,3.6391355140186916,0.3942091504020183,3.097248626516318,891,49.494949494949495,0.0694830056227326,61.90935800985474,1.0465932370626223,0.43316303484317475,441,450,3.684156378600824,0.03141901843849706,0.20718601848211113
tf=1|ema=34|vwap=week|trend=0|sides=long|stop_atr=0|target_atr=0.0|exit_cross=True|min_bars=0|max_bars=0|confirm=False|entry=cross_or_pb|exit=cross|regime=|rs=20|dtrend=50,627,59.4896331738437,0.8308144414531855,520.9206547911473,1.8380514691367222,4.675802200291618,373,254,4.25299043062201,0.5041335363776217,3.0961449947189164,457,57.330415754923415,0.6136450174872726,280.43577299168356,1.476598583430353,2.6150562564177826,262,195,4.281181619256017,0.4449699969754732,2.005328282093175
tf=1|ema=13|vwap=roll50|trend=0|sides=long|stop_atr=0|target_atr=0.0|exit_cross=True|min_bars=7|max_bars=0|confirm=False|entry=cross_or_pb|exit=cross|regime=|rs=20|dtrend=0,538,40.520446096654275,1.7629553480066242,948.4699772275638,1.9139733036196172,4.223272308335474,218,320,9.329306071871127,1.1780637919531962,3.0958747525756283,439,35.7630979498861,0.6744712165309843,296.09286405710213,1.3199110318018465,1.5654315159283811,157,282,7.899297646165527,0.409097323190483,1.0464472796734077
tf=1|ema=21|vwap=roll50|trend=0|sides=long|stop_atr=0|target_atr=0.0|exit_cross=True|min_bars=7|max_bars=0|confirm=False|entry=cross_or_pb|exit=close_vwap|regime=spyvw|rs=0|dtrend=0,860,37.7906976744186,1.1579845416759138,995.8667058412859,1.8324179725578496,4.306403397955622,325,535,6.274612403100774,0.7776818529003097,3.0958345652512413,658,31.458966565349545,0.21508693323379424,141.5272020678366,1.1318994387290913,0.7695241695248057,207,451,5.776152482269503,0.004529148177395684,0.01802100497790231
tf=1|ema=13|vwap=roll50|trend=0|sides=long|stop_atr=0|target_atr=0.0|exit_cross=True|min_bars=0|max_bars=0|confirm=False|entry=cross_or_pb|exit=close_vwap|regime=|rs=0|dtrend=0,1214,33.44316309719934,0.966607206642914,1173.4611488644975,1.69121940947673,4.467312808470017,406,808,5.709225700164745,0.6091511362482948,3.0947594741433893,958,28.810020876826723,0.2603774148285043,249.44156340570714,1.1730982585474707,1.2285392699270488,276,682,5.122738343771747,0.11508919883676169,0.5963719403301394
tf=1|ema=13|vwap=roll35|trend=0|sides=long|stop_atr=4.0|target_atr=0.0|exit_cross=True|min_bars=0|max_bars=0|confirm=False|entry=cross_or_pb|exit=cross|regime=|rs=0|dtrend=0,1397,39.08375089477452,1.0217153181546197,1427.3362994620036,1.5986712103319904,4.790278130187686,546,851,6.757217847769028,0.6063951801394643,3.0902199409743174,1057,34.437086092715234,0.24861286001070546,262.78379303131567,1.1330506015884092,1.200774347688768,364,693,6.141004415011038,0.025815002469965428,0.13575187035241976
tf=1|ema=21|vwap=week|trend=0|sides=long|stop_atr=4.0|target_atr=0.0|exit_cross=True|min_bars=7|max_bars=0|confirm=False|entry=cross_or_pb|exit=close_vwap|regime=spyvw|rs=20|dtrend=0,679,50.8100147275405,1.0675889035320367,724.892865498253,2.0087068959053243,4.513257357559895,345,334,3.3645679921453113,0.6642338263059332,3.0892464675534077,541,46.02587800369686,0.48462886163985647,262.1842141471624,1.4259581775651002,2.5528826859680613,249,292,3.0951170671595807,0.3490847207990625,2.0015785114900213
tf=1|ema=21|vwap=roll35|trend=0|sides=long|stop_atr=0|target_atr=0.0|exit_cross=True|min_bars=7|max_bars=0|confirm=False|entry=cross_or_pb|exit=close_vwap|regime=spyvw|rs=0|dtrend=0,1178,36.5874363327674,0.8280320400445133,975.4217431724365,1.5773676617393995,3.7210604736928232,431,747,4.899830220713073,0.6361436116029325,3.0882891134750303,853,35.990621336459554,0.2856932122514013,243.69631005044533,1.1928704785793673,1.450744211792814,307,546,4.838266901133256,0.098256570963455,0.5575786606101396
tf=1|ema=13|vwap=roll35|trend=0|sides=long|stop_atr=4.0|target_atr=0.0|exit_cross=True|min_bars=0|max_bars=0|confirm=False|entry=cross|exit=cross|regime=|rs=0|dtrend=0,1374,38.646288209606986,1.0244437898031276,1407.5857671894973,1.5935883631861667,4.729517088295737,531,843,6.770712032993693,0.6147899147172494,3.085856319484706,1044,34.770114942528735,0.26154484834762437,273.0528216749198,1.138976542327111,1.247914867350027,363,681,6.1788393997445725,0.03785248679897248,0.1966389895815606
tf=1|ema=13|vwap=roll35|trend=0|sides=long|stop_atr=4.0|target_atr=0.0|exit_cross=True|min_bars=7|max_bars=0|confirm=False|entry=cross_or_pb|exit=close_vwap|regime=|rs=20|dtrend=0,789,38.5297845373891,1.113371862027218,878.450399139475,1.7689031225609417,3.953439871720468,304,485,5.081537811575834,0.803058993395314,3.083370482042823,614,37.62214983713355,0.7618680760055225,467.78699866739083,1.50122991893605,2.663650291222702,231,383,4.861834961997828,0.5580187271908112,2.1280226321902567
tf=1|ema=13|vwap=roll50|trend=0|sides=long|stop_atr=0|target_atr=0.0|exit_cross=True|min_bars=0|max_bars=0|confirm=False|entry=cross_or_pb|exit=cross|regime=|rs=20|dtrend=0,554,40.07220216606498,1.707305829253445,945.8474294064085,1.91733021841764,4.2368549871044,222,332,8.965177496991577,1.1325215066253125,3.082488663078748,446,35.65022421524664,0.7058930587537598,314.8283042041769,1.347999483380626,1.687356885707748,159,287,7.700298953662181,0.4379261631728025,1.15475605772928
tf=1|ema=34|vwap=week|trend=0|sides=long|stop_atr=0|target_atr=0.0|exit_cross=True|min_bars=0|max_bars=0|confirm=False|entry=cross_or_pb|exit=cross|regime=spyvw|rs=20|dtrend=0,491,62.5254582484725,1.1157246496725046,547.8208029891998,2.0245395478233386,4.7525559747383745,307,184,4.618550577053632,0.6486353736900288,3.0757564739208747,343,58.60058309037901,0.9505772438675623,326.0479946465739,1.8051191771115003,3.4787731956052577,201,142,4.113338192419825,0.6362210223849338,2.537659669672661
tf=1|ema=13|vwap=roll50|trend=0|sides=long|stop_atr=4.0|target_atr=0.0|exit_cross=True|min_bars=7|max_bars=0|confirm=False|entry=cross_or_pb|exit=cross|regime=|rs=20|dtrend=0,541,40.29574861367837,1.7721643964294467,958.7409384683307,1.9365846019090158,4.3053632993449575,218,323,9.186614294516328,1.1553833161330291,3.074757051585693,443,34.5372460496614,0.5514697939444925,244.30111871741013,1.2577329436941154,1.2963050428594447,153,290,7.552106847253573,0.3141728264884252,0.8090720194832428
tf=1|ema=21|vwap=roll35|trend=0|sides=long|stop_atr=4.0|target_atr=0.0|exit_cross=True|min_bars=0|max_bars=0|confirm=False|entry=cross_or_pb|exit=close_vwap|regime=spyvw|rs=0|dtrend=0,1263,32.699920823436265,0.7412884929549409,936.2473666020903,1.615970138121712,3.8866199437928866,413,850,4.012470308788599,0.5421637539332167,3.0735313307364294,918,29.62962962962963,0.2396814406862353,220.02756254996402,1.1868575228469198,1.3521712372017647,272,646,3.896014887436456,0.05884654967676282,0.3695251274417635
tf=1|ema=21|vwap=week|trend=0|sides=long|stop_atr=0|target_atr=0.0|exit_cross=True|min_bars=7|max_bars=0|confirm=False|entry=cross|exit=cross|regime=|rs=20|dtrend=0,974,56.57084188911704,0.878849881782197,855.9997848558598,1.683527233175184,5.244288043535801,551,423,4.317975701574264,0.46006501680122397,3.072399669670764,744,52.956989247311824,0.4850926498725813,360.9089315052005,1.3025945710413211,2.4528058597750664,394,350,3.981070788530466,0.3439753195344385,1.840518941036778
tf=1|ema=34|vwap=week|trend=0|sides=long|stop_atr=0|target_atr=0.0|exit_cross=True|min_bars=0|max_bars=0|confirm=False|entry=cross|exit=cross|regime=|rs=20|dtrend=0,739,60.622462787550745,0.9115405377174113,673.628457373167,1.8919781168742507,5.214282059441039,448,291,4.346695985566081,0.4892446349549502,3.0706657488494806,533,55.72232645403377,0.6074160003405337,323.75272818150444,1.4788824068439854,2.871843684717567,297,236,4.342714196372733,0.4122323715207909,2.085454684724815
tf=1|ema=34|vwap=week|trend=0|sides=long|stop_atr=4.0|target_atr=0.0|exit_cross=True|min_bars=0|max_bars=0|confirm=False|entry=cross_or_pb|exit=cross|regime=spyvw|rs=0|dtrend=0,969,57.378740970072236,1.066067038009948,1033.0189598316397,1.7205551698721184,5.587842298753256,556,413,4.015651874785002,0.49055900709241984,3.068200583533533,707,54.45544554455446,0.5200185551567224,367.6531184958027,1.345823013272018,2.675817414723163,385,322,3.870520980669496,0.27407082804215466,1.5332411634127259
tf=1|ema=13|vwap=roll50|trend=0|sides=long|stop_atr=4.0|target_atr=0.0|exit_cross=True|min_bars=0|max_bars=0|confirm=False|entry=cross_or_pb|exit=cross|regime=spy50|rs=0|dtrend=0,745,37.986577181208055,1.266772071672331,943.7451933958865,1.7186783338772966,3.9655307151401225,283,462,8.324496644295301,0.9285414448716645,3.0672313576126427,717,32.07810320781032,0.10011407148716042,71.78178925629402,1.0484727820858941,0.37976117603300313,230,487,7.436715481171548,-0.03418801714151535,-0.13613348776336454
tf=1|ema=21|vwap=week|trend=0|sides=long|stop_atr=0|target_atr=0.0|exit_cross=True|min_bars=0|max_bars=0|confirm=False|entry=cross|exit=close_vwap|regime=spyvw|rs=20|dtrend=50,478,48.74476987447699,0.8436918145746717,403.2846873666931,1.9997081308574816,4.037792042149762,233,245,2.8257496513249656,0.6081100805331698,3.0651076389055265,389,44.473007712082264,0.46773603747298315,181.94931857699044,1.4790867803864927,2.286503528546577,173,216,2.6357112253641812,0.39767227761217305,2.0926772672418315
tf=1|ema=34|vwap=roll35|trend=0|sides=long|stop_atr=0|target_atr=0.0|exit_cross=True|min_bars=0|max_bars=0|confirm=False|entry=cross_or_pb|exit=cross|regime=spyvw|rs=0|dtrend=0,1285,48.48249027237354,0.5334505333851661,685.4839353999384,1.389128974293965,3.476780199492916,623,662,4.107652399481193,0.4135302395209305,3.0621595299831674,1017,44.14945919370698,0.3377739209017433,343.5160775570729,1.2360172467651627,2.1511663988982255,449,568,4.272779416584727,0.08384906404985135,0.5883173934594415
tf=1|ema=34|vwap=roll50|trend=0|sides=long|stop_atr=0|target_atr=0.0|exit_cross=True|min_bars=7|max_bars=0|confirm=False|entry=cross|exit=cross|regime=|rs=0|dtrend=0,979,46.57814096016343,1.4203521098755945,1390.5247155682068,1.6934684597994396,5.034266425056245,456,523,9.523535921007833,0.7885238350496024,3.060968534645105,779,37.09884467265725,0.3888616599955711,302.9232331365499,1.1730701733601787,1.246755373986558,289,490,8.562312794180572,0.07094878113469058,0.2508293665409221
tf=1|ema=21|vwap=week|trend=0|sides=long|stop_atr=0|target_atr=0.0|exit_cross=True|min_bars=7|max_bars=0|confirm=False|entry=cross_or_pb|exit=close_vwap|regime=spyvw|rs=20|dtrend=0,676,51.03550295857988,1.0672179722381265,721.4393492329737,2.007977014587937,4.474645935035983,345,331,3.3979289940828403,0.6636836983101752,3.0592761092401974,538,45.910780669144984,0.44928205046119285,241.71374314812172,1.382636992261892,2.322749959824018,247,291,3.1260842627013634,0.32894892969825373,1.85653613279743
tf=1|ema=21|vwap=roll35|trend=0|sides=long|stop_atr=4.0|target_atr=0.0|exit_cross=True|min_bars=0|max_bars=0|confirm=False|entry=cross|exit=close_vwap|regime=|rs=20|dtrend=0,648,36.41975308641975,1.217375737777722,788.8594780799638,1.9016896012814715,4.036724637051039,236,412,5.000900205761316,0.8404563197267033,3.053877984725647,517,36.170212765957444,1.076744782648438,556.6770526292424,1.7762783954790986,3.3099870230627544,187,330,4.801982591876209,0.8870428297288981,2.983448687580101
tf=1|ema=21|vwap=roll35|trend=0|sides=long|stop_atr=4.0|target_atr=0.0|exit_cross=True|min_bars=0|max_bars=0|confirm=False|entry=cross_or_pb|exit=close_vwap|regime=|rs=20|dtrend=50,677,35.745937961595274,1.106311382027615,748.9728056326953,1.93357020000998,3.885522018612697,242,435,4.4721811915312655,0.8080736311098631,3.0536163877933413,560,32.67857142857143,0.6697219307202104,375.0442812033178,1.4923397850743152,2.4263415878486168,183,377,4.234077380952381,0.5792842750328618,2.2227073617666737
tf=1|ema=13|vwap=roll50|trend=0|sides=long|stop_atr=0|target_atr=0.0|exit_cross=True|min_bars=7|max_bars=0|confirm=False|entry=cross_or_pb|exit=cross|regime=spyvw|rs=20|dtrend=0,403,39.20595533498759,1.8547959598762005,747.4827718301088,2.1008770566629695,3.8475951844502934,158,245,8.456989247311828,1.3655892657281246,3.0512090156137535,323,35.913312693498455,0.5569920693234733,179.9084383914819,1.278316776463264,1.1195131662387705,116,207,7.6381578947368425,0.2712186936429694,0.616367101167575
tf=1|ema=21|vwap=roll50|trend=0|sides=long|stop_atr=0|target_atr=0.0|exit_cross=True|min_bars=0|max_bars=0|confirm=False|entry=cross|exit=cross|regime=|rs=0|dtrend=0,905,42.651933701657455,1.580942681752624,1430.7531269861247,1.7667061998505635,5.033886605563009,386,519,10.343738489871086,0.8634472201164648,3.047437405780941,754,35.0132625994695,0.485059522519133,365.73487997942624,1.230393844748084,1.5442459983883732,264,490,8.608919098143236,0.18179783529327756,0.6373765897776797
tf=1|ema=34|vwap=week|trend=0|sides=long|stop_atr=4.0|target_atr=0.0|exit_cross=True|min_bars=7|max_bars=0|confirm=False|entry=cross|exit=cross|regime=spy50|rs=20|dtrend=50,499,58.31663326653307,0.8590754639721466,428.67865652210116,1.7155391228670231,3.9407050754822084,291,208,3.5062625250501003,0.6112782946338116,3.0420762982595133,380,54.73684210526316,0.37958100484875423,144.2407818425266,1.2450556634390018,1.4631094418784811,208,172,3.5482456140350873,0.30545696208510376,1.2657762072983016
tf=1|ema=34|vwap=week|trend=0|sides=long|stop_atr=0|target_atr=0.0|exit_cross=True|min_bars=0|max_bars=0|confirm=False|entry=cross|exit=cross|regime=spyvw|rs=0|dtrend=50,476,57.773109243697476,0.914197667883661,435.1580899126226,2.024669554330686,4.620225353156668,275,201,4.2745098039215685,0.5454741613928982,3.040479041447662,349,57.02005730659026,0.4285929215610027,149.57892962478996,1.3413004709072094,1.6235145031320306,199,150,4.269579751671442,0.16110406062987193,0.6364540526003706
tf=1|ema=13|vwap=roll50|trend=0|sides=long|stop_atr=4.0|target_atr=0.0|exit_cross=True|min_bars=0|max_bars=0|confirm=False|entry=cross_or_pb|exit=cross|regime=|rs=20|dtrend=0,558,39.784946236559136,1.6988537824678331,947.9604106170509,1.9250423491203092,4.277277273330524,222,336,8.825268817204302,1.1015736308049766,3.039756122626404,450,34.44444444444444,0.5904431292944949,265.6994081825227,1.2874431234737667,1.429652103125617,155,295,7.3674074074074065,0.3512604594672652,0.9327569206818563
tf=1|ema=21|vwap=week|trend=0|sides=long|stop_atr=4.0|target_atr=0.0|exit_cross=True|min_bars=0|max_bars=0|confirm=False|entry=cross_or_pb|exit=cross|regime=spyvw|rs=0|dtrend=50,802,56.733167082294266,0.8051366158389549,645.7195659028419,1.7519339774696603,4.886862592719316,455,347,3.586762261014131,0.46112760168215583,3.037741450064661,651,48.07987711213518,0.16756715003578065,109.0862146732932,1.1216776222013782,0.9714213269212219,313,338,3.2576804915514592,0.14003046707782296,0.8752799288551321
tf=1|ema=34|vwap=roll50|trend=0|sides=long|stop_atr=4.0|target_atr=0.0|exit_cross=True|min_bars=0|max_bars=0|confirm=False|entry=cross_or_pb|exit=cross|regime=|rs=0|dtrend=0,1075,45.116279069767444,1.2917988410423262,1388.6837541205007,1.7145830510476714,5.2621369067088715,485,590,8.336744186046511,0.6798413249515889,3.0375605660492857,842,35.510688836104514,0.36410788903908414,306.5788425709088,1.176843401304786,1.3067849147831319,299,543,7.45041567695962,0.04888378348059206,0.19415657993603516
tf=1|ema=21|vwap=week|trend=0|sides=long|stop_atr=4.0|target_atr=0.0|exit_cross=True|min_bars=0|max_bars=0|confirm=False|entry=cross|exit=close_vwap|regime=spyvw|rs=20|dtrend=50,478,48.53556485355649,0.8313727693210822,397.39618373547734,1.972096553674761,3.9938931941671676,232,246,2.7986401673640167,0.5986462553427597,3.0331951562071957,389,44.473007712082264,0.4850344442491844,188.6783988129327,1.5057662392324218,2.3903993715886482,173,216,2.633676092544987,0.4070698717056976,2.1519695066190945
tf=1|ema=21|vwap=week|trend=0|sides=long|stop_atr=0|target_atr=0.0|exit_cross=True|min_bars=0|max_bars=0|confirm=False|entry=cross_or_pb|exit=cross|regime=spy50|rs=20|dtrend=50,795,54.84276729559748,0.6591162415738097,523.9974120511787,1.590274194188881,4.009925150641359,436,359,3.6461740041928716,0.46734152915170457,3.0327933771130615,663,51.73453996983409,0.2879394691288895,190.90386803245374,1.1857621342803084,1.4269878344861902,343,320,3.649446958270487,0.23635349713545464,1.2385277886539214
tf=1|ema=13|vwap=roll50|trend=0|sides=long|stop_atr=4.0|target_atr=0.0|exit_cross=True|min_bars=7|max_bars=0|confirm=False|entry=cross_or_pb|exit=cross|regime=spyvw|rs=20|dtrend=0,403,39.20595533498759,1.868392772423066,752.9622872864957,2.1179693152053454,3.8893008480918367,158,245,8.396712158808933,1.3530153450358,3.0327233461519083,326,34.355828220858896,0.4069724467167223,132.67301762965144,1.1997495155778437,0.8312653516872156,112,214,7.226226993865031,0.16199850025524637,0.3711307149028709
tf=1|ema=21|vwap=roll50|trend=0|sides=long|stop_atr=4.0|target_atr=0.0|exit_cross=True|min_bars=0|max_bars=0|confirm=False|entry=cross_or_pb|exit=close_vwap|regime=spyvw|rs=0|dtrend=0,916,32.20524017467249,1.0118732653948552,926.8759111016873,1.8302413941420328,4.115544338350148,295,621,5.258597161572053,0.6963673348654541,3.0289931169519457,704,28.693181818181817,0.1435581046586932,101.06490567972001,1.1020633254792331,0.614676865828533,202,502,4.895063920454546,-0.03433361672593751,-0.16623971220423306
tf=1|ema=21|vwap=roll50|trend=0|sides=long|stop_atr=4.0|target_atr=0.0|exit_cross=True|min_bars=7|max_bars=0|confirm=False|entry=cross|exit=cross|regime=|rs=0|dtrend=0,882,42.290249433106574,1.6346998977878442,1441.8053098488788,1.8026947422350643,5.150452006394383,373,509,10.277399848828422,0.8692285844180324,3.0285922399236984,727,34.93810178817056,0.419990813245087,305.3333212291783,1.1930305798418575,1.3171598378188083,254,473,8.572099954149472,0.08082473520693752,0.2803042292695369
tf=1|ema=21|vwap=roll50|trend=0|sides=long|stop_atr=4.0|target_atr=0.0|exit_cross=True|min_bars=0|max_bars=0|confirm=False|entry=cross|exit=cross|regime=|rs=0|dtrend=0,905,41.65745856353591,1.5861330406155723,1435.450401757093,1.7982527183903851,5.153572615752174,377,528,9.95842541436464,0.8412044750587209,3.0264722707802427,754,34.08488063660477,0.42515831260773906,320.56936770623525,1.2050077476373424,1.389030939728434,257,497,8.20960433244916,0.1037005098625276,0.374434178405037
tf=1|ema=13|vwap=roll35|trend=0|sides=long|stop_atr=4.0|target_atr=0.0|exit_cross=True|min_bars=0|max_bars=0|confirm=False|entry=cross|exit=cross|regime=spyvw|rs=0|dtrend=0,932,37.44635193133047,1.0067729867097095,938.3124236134493,1.6014079799110053,3.878192272814118,349,583,6.539565450643777,0.7245807603232483,3.0199658427789533,710,34.225352112676056,0.15788825383670962,112.10066022406384,1.083717806394049,0.6414469635556006,243,467,6.320305164319248,-0.1009254216741601,-0.45396036751144686
tf=1|ema=13|vwap=week|trend=0|sides=long|stop_atr=0|target_atr=0.0|exit_cross=True|min_bars=7|max_bars=0|confirm=False|entry=cross|exit=cross|regime=|rs=20|dtrend=0,1150,49.56521739130435,0.7873209075865957,905.419043724585,1.547503950255841,4.648536563751555,570,580,4.029166666666667,0.4622247418063427,3.018655701931214,858,47.43589743589744,0.3818185090293799,327.60028074720793,1.2392608197097381,2.188029930907647,407,451,3.7218822843822843,0.27322896247075745,1.674869960995442
tf=1|ema=13|vwap=week|trend=0|sides=long|stop_atr=0|target_atr=0.0|exit_cross=True|min_bars=7|max_bars=0|confirm=False|entry=cross_or_pb|exit=close_vwap|regime=|rs=0|dtrend=0,2467,43.69679773003648,0.5640001403951987,1391.3883463549555,1.4679363853881817,4.944285088771081,1078,1389,2.925297257127415,0.3081606343659807,3.0179799557890052,1820,40.32967032967033,0.1908216096959545,347.2953296466372,1.1519771139582755,1.857095496372404,734,1086,2.800869963369964,0.0785119863488775,0.8395047492894014
tf=1|ema=21|vwap=roll50|trend=0|sides=long|stop_atr=4.0|target_atr=0.0|exit_cross=True|min_bars=0|max_bars=0|confirm=False|entry=cross|exit=close_vwap|regime=spyvw|rs=0|dtrend=0,597,36.515912897822446,1.3634323918399123,813.9691379284276,1.9534169110878896,3.9332385959148635,218,379,6.617881072026801,0.9852249278454229,3.0163472009602947,502,32.27091633466136,0.29739318601233256,149.29137937819092,1.1901508535213818,0.9614860903363577,162,340,5.889110225763612,0.08253248448229157,0.3007169459851114
tf=1|ema=13|vwap=roll35|trend=0|sides=long|stop_atr=0|target_atr=0.0|exit_cross=True|min_bars=7|max_bars=0|confirm=False|entry=cross_or_pb|exit=cross|regime=spyvw|rs=0|dtrend=0,1070,38.3177570093458,0.9077208660260683,971.261326647893,1.5296360315536786,3.813788418649175,410,660,6.633372274143302,0.6626288752415267,3.0155085412674283,788,36.04060913705584,0.10479290106780528,82.57680604143056,1.0546631984797372,0.4455358991676869,284,504,6.401015228426396,-0.14024988676764114,-0.6608639449219501
tf=1|ema=34|vwap=week|trend=0|sides=long|stop_atr=0|target_atr=0.0|exit_cross=True|min_bars=0|max_bars=0|confirm=False|entry=cross|exit=cross|regime=spyvw|rs=20|dtrend=50,354,59.03954802259887,1.034594834666603,366.24657147197746,2.2332563924836046,4.510019755576022,209,145,3.850870998116761,0.6354603369210796,3.01483410205555,238,56.72268907563025,0.6130112104817829,145.89666809466434,1.47931836794533,1.847261427644942,135,103,3.840861344537815,0.41376787939973153,1.3329139487610773
tf=1|ema=21|vwap=roll50|trend=0|sides=long|stop_atr=4.0|target_atr=0.0|exit_cross=True|min_bars=7|max_bars=0|confirm=False|entry=cross|exit=close_vwap|regime=spyvw|rs=0|dtrend=0,586,39.07849829351536,1.4043813404911705,822.9674655278259,1.9187020032654558,3.9491942223558407,229,357,7.184655858930604,1.009024600242627,3.010980121299519,488,33.60655737704918,0.3321302563025665,162.07956507565245,1.1877452040913883,0.9326020875297959,164,324,6.4942793715847,0.08604305849926146,0.26699299134466026
tf=1|ema=34|vwap=week|trend=0|sides=long|stop_atr=4.0|target_atr=0.0|exit_cross=True|min_bars=7|max_bars=0|confirm=False|entry=cross_or_pb|exit=cross|regime=|rs=0|dtrend=0,1503,57.152361942781106,0.8503503721258961,1278.0766093052218,1.5620094808384029,5.856117758248903,859,644,4.235612109115103,0.3756980625963334,3.0105797687112013,1160,52.41379310344828,0.3849489106826704,446.54073639189767,1.2275812933296766,2.518540760859928,608,552,4.126544540229886,0.19594180314815826,1.3820449337346827
tf=1|ema=21|vwap=roll50|trend=0|sides=long|stop_atr=0|target_atr=0.0|exit_cross=True|min_bars=0|max_bars=0|confirm=False|entry=cross|exit=close_vwap|regime=spyvw|rs=0|dtrend=0,597,36.515912897822446,1.3486046443619872,805.1169726841064,1.933370368420614,3.880380941339621,218,379,6.632049134561697,0.9836256940266044,3.006976499323057,502,32.27091633466136,0.2936944570226528,147.4346174253717,1.1873428611590455,0.9460329660231849,162,340,5.919737715803453,0.08622970311926065,0.3132746765374222
tf=1|ema=21|vwap=roll50|trend=0|sides=long|stop_atr=0|target_atr=0.0|exit_cross=True|min_bars=0|max_bars=0|confirm=False|entry=cross_or_pb|exit=close_vwap|regime=spyvw|rs=0|dtrend=0,912,32.34649122807018,1.0004902614551616,912.4471184471073,1.8068883182855655,4.038267816507734,295,617,5.290981359649122,0.6943795707628897,3.0003730412656866,701,28.530670470756064,0.1425383628483163,99.91939235666973,1.1011392829089335,0.6060433029905736,200,501,4.91862815026153,-0.02869037112740312,-0.13803500673754787
tf=1|ema=13|vwap=week|trend=0|sides=long|stop_atr=0|target_atr=0.0|exit_cross=True|min_bars=7|max_bars=0|confirm=False|entry=cross|exit=cross|regime=spyvw|rs=20|dtrend=0,736,51.358695652173914,1.0615431178537842,781.2957347403852,1.7457267863828028,4.710342587474402,378,358,4.168308423913044,0.6099204321870916,2.998957667889035,516,49.031007751937985,0.3048250604116047,157.28973117238803,1.192759826199703,1.4113219153794907,253,263,3.832122093023256,0.171681271463959,0.8479345267217269
tf=1|ema=21|vwap=week|trend=0|sides=long|stop_atr=4.0|target_atr=0.0|exit_cross=True|min_bars=7|max_bars=0|confirm=False|entry=cross|exit=cross|regime=spyvw|rs=0|dtrend=50,668,57.634730538922156,0.8985210572914586,600.2120662706943,1.783894694651925,4.89380798164763,385,283,3.9406187624750495,0.5051504573104251,2.998086161442508,548,49.08759124087591,0.26284463737119185,144.03886127941314,1.1796572114433712,1.2968953048627203,269,279,3.4850973236009737,0.22747370261284083,1.20424933383172
tf=1|ema=13|vwap=roll35|trend=0|sides=long|stop_atr=0|target_atr=0.0|exit_cross=True|min_bars=0|max_bars=0|confirm=False|entry=cross_or_pb|exit=close_vwap|regime=|rs=20|dtrend=0,839,35.160905840286055,0.9844378504241416,825.9433565058547,1.809491077242436,3.9348532957846216,295,544,4.31997417560588,0.6928123346994407,2.9977768045074407,657,31.963470319634702,0.7141448359785035,469.19315723787685,1.5497654182099605,2.740058854408815,210,447,4.156012176560122,0.5364532820451555,2.249141654692641
tf=1|ema=21|vwap=week|trend=0|sides=long|stop_atr=4.0|target_atr=0.0|exit_cross=True|min_bars=0|max_bars=0|confirm=False|entry=cross|exit=close_vwap|regime=spyvw|rs=20|dtrend=0,609,47.61904761904762,0.7290905415055162,444.0161397768594,1.9088103902012346,4.230789616981268,290,319,2.6674192665571974,0.48538708256637014,2.997609425888424,457,45.51422319474836,0.48134126930810234,219.97296007380277,1.5419502159936191,2.7118013172357274,208,249,2.4571480671043036,0.3771340484427317,2.2835225613841468
tf=1|ema=21|vwap=roll35|trend=0|sides=long|stop_atr=0|target_atr=0.0|exit_cross=True|min_bars=7|max_bars=0|confirm=False|entry=cross|exit=close_vwap|regime=|rs=20|dtrend=0,637,37.990580847723706,1.2025103357161782,765.9990838512055,1.7987462201958115,3.858147658718301,242,395,5.554356357927786,0.8472680037256609,2.9974205614661384,503,39.761431411530815,1.1302835248092227,568.532612979039,1.7422572057268777,3.3242074129689114,200,303,5.38228959575878,0.935968604350671,3.019567655908655
tf=1|ema=13|vwap=roll35|trend=0|sides=long|stop_atr=0|target_atr=0.0|exit_cross=True|min_bars=0|max_bars=0|confirm=False|entry=cross|exit=cross|regime=spyvw|rs=0|dtrend=0,932,37.44635193133047,0.9874256501669639,920.2807059556104,1.583111384267649,3.785878714617834,349,583,6.615790414878397,0.7218093534893023,2.996835410625228,710,34.50704225352113,0.1664063819985501,118.14853121897056,1.088290495829517,0.6704417347594389,245,465,6.4305164319248815,-0.08567414142260861,-0.38220020236936225
tf=1|ema=21|vwap=week|trend=0|sides=long|stop_atr=4.0|target_atr=0.0|exit_cross=True|min_bars=0|max_bars=0|confirm=False|entry=cross_or_pb|exit=close_vwap|regime=spyvw|rs=20|dtrend=0,747,44.44444444444444,0.6624923475733072,494.88178363726047,1.8079285083206051,4.207779922450798,332,415,2.4923583221775996,0.43865956842564363,2.995619097162046,579,42.487046632124354,0.42816203634788036,247.90581904542273,1.4943067074422693,2.6260750708678215,246,333,2.3223949337938974,0.34575977475164227,2.294403627003158
tf=1|ema=21|vwap=roll50|trend=0|sides=long|stop_atr=4.0|target_atr=0.0|exit_cross=True|min_bars=7|max_bars=0|confirm=False|entry=cross_or_pb|exit=close_vwap|regime=|rs=0|dtrend=0,1090,38.440366972477065,1.1285080482827647,1230.0737726282134,1.7295417086467466,4.734828305589632,419,671,6.6681192660550455,0.6508961133080905,2.995220430556133,857,32.78879813302217,0.29988179568777534,256.9986989044235,1.1795124421756986,1.2526664009361062,281,576,5.983858420847918,0.06166470574480075,0.2836796910993207
tf=1|ema=21|vwap=week|trend=0|sides=long|stop_atr=0|target_atr=0.0|exit_cross=True|min_bars=0|max_bars=0|confirm=False|entry=cross_or_pb|exit=close_vwap|regime=spyvw|rs=20|dtrend=0,744,44.48924731182796,0.6664399469169984,495.8313205062468,1.8170546640501837,4.20343384157408,331,413,2.511648745519713,0.4418337242581052,2.992506562371659,579,42.487046632124354,0.4179633857594443,242.00080035471822,1.476917202901545,2.54992765869175,246,333,2.32426597582038,0.3412105606248847,2.257970041703019
tf=1|ema=21|vwap=week|trend=0|sides=long|stop_atr=0|target_atr=0.0|exit_cross=True|min_bars=0|max_bars=0|confirm=False|entry=cross|exit=close_vwap|regime=spyvw|rs=20|dtrend=0,609,47.783251231527096,0.7344357464242087,447.27136957234313,1.920688427556232,4.237853295175824,291,318,2.6889709906951285,0.4876059715766043,2.9884799085494254,457,45.51422319474836,0.4663647903024622,213.12870916822524,1.5163805982255607,2.6071510748580318,208,249,2.4589715536105032,0.36994413304373647,2.2307692444372336
tf=1|ema=34|vwap=roll50|trend=0|sides=long|stop_atr=0|target_atr=0.0|exit_cross=True|min_bars=0|max_bars=0|confirm=False|entry=cross|exit=cross|regime=spyvw|rs=0|dtrend=0,703,44.950213371266,1.379378036920187,969.7027599548913,1.7806656233287557,4.346546733365926,316,387,8.8217164532954,0.8942028911376351,2.9861494172041274,557,36.983842010771994,0.1724427902710395,96.05063418096901,1.077624466385994,0.4675145496310835,206,351,8.007630161579891,-0.061406707897220796,-0.1863472096140825
tf=1|ema=13|vwap=roll35|trend=0|sides=long|stop_atr=4.0|target_atr=0.0|exit_cross=True|min_bars=7|max_bars=0|confirm=False|entry=cross_or_pb|exit=cross|regime=|rs=0|dtrend=0,1354,39.955686853766615,1.024001788372587,1386.498421456483,1.5704085883858452,4.627316494023121,541,813,7.070131708517972,0.6070428572696691,2.9856683937402586,1027,35.54040895813048,0.2398780983790678,246.35480703530263,1.1229072769473982,1.1132891122757138,365,662,6.393216488153198,-0.002556563621673247,-0.012924540789769717
tf=1|ema=13|vwap=roll35|trend=0|sides=long|stop_atr=0|target_atr=0.0|exit_cross=True|min_bars=0|max_bars=0|confirm=False|entry=cross_or_pb|exit=close_vwap|regime=|rs=20|dtrend=50,698,36.38968481375358,1.076034024726387,751.0717492590181,1.9278507941835505,3.7895643172099005,254,444,4.259252626552053,0.789944515112617,2.9845745758947846,561,32.97682709447415,0.6551789293799216,367.55537938213604,1.4999606886841315,2.3865320206462566,185,376,4.151960784313726,0.5327525743540392,2.0678312728221386
tf=1|ema=13|vwap=roll35|trend=0|sides=long|stop_atr=0|target_atr=0.0|exit_cross=True|min_bars=7|max_bars=0|confirm=False|entry=cross|exit=cross|regime=spyvw|rs=0|dtrend=0,900,38.22222222222222,0.9878981184388798,889.1083065949917,1.5499458298678208,3.6302854741862403,344,556,6.959675925925927,0.7476639430783142,2.984400536251687,688,36.19186046511628,0.16682050161316478,114.77250510985738,1.084960419208633,0.6418376852252867,249,439,6.7080910852713185,-0.09707413923486069,-0.4132580642855203
tf=1|ema=21|vwap=week|trend=0|sides=long|stop_atr=0|target_atr=0.0|exit_cross=True|min_bars=7|max_bars=0|confirm=False|entry=cross_or_pb|exit=cross|regime=|rs=20|dtrend=0,1011,56.37982195845697,0.8390350444663526,848.2644299554825,1.6317290330645522,5.01883736247715,570,441,4.301269370260469,0.44314158122744235,2.977227025050169,789,52.344740177439796,0.47935907512208453,378.21431027132473,1.2962299349496016,2.485584378955335,413,376,3.9862167300380227,0.3469862717562317,1.9098274885902984
tf=1|ema=21|vwap=roll35|trend=0|sides=long|stop_atr=0|target_atr=0.0|exit_cross=True|min_bars=7|max_bars=0|confirm=False|entry=cross_or_pb|exit=close_vwap|regime=|rs=20|dtrend=50,642,38.62928348909657,1.1253499852254987,722.4746905147703,1.7980457979838063,3.647630936401506,248,394,5.13006230529595,0.8501362674699438,2.977113069908397,521,37.61996161228407,0.716299932538191,373.19226485239756,1.4575948714844995,2.3360517830843124,196,325,4.957453614843249,0.6211310868695538,2.159023707930509
tf=1|ema=13|vwap=roll50|trend=0|sides=long|stop_atr=0|target_atr=0.0|exit_cross=True|min_bars=7|max_bars=0|confirm=False|entry=cross|exit=close_vwap|regime=|rs=0|dtrend=0,932,38.51931330472103,1.2191807536826165,1136.2764624321987,1.7249344886028717,4.425433893086854,359,573,7.121244635193133,0.7481573619877689,2.9732748838934087,779,32.34916559691913,0.3475709693836628,270.7577851498733,1.1970938239423174,1.3345365239553135,252,527,6.324828840393668,0.1400745489183734,0.5928724049402173
tf=1|ema=13|vwap=roll35|trend=0|sides=long|stop_atr=0|target_atr=0.0|exit_cross=True|min_bars=0|max_bars=0|confirm=False|entry=cross_or_pb|exit=cross|regime=spyvw|rs=0|dtrend=0,1110,37.65765765765766,0.8898266202077832,987.7075484306393,1.549174060857898,3.912252176093175,418,692,6.290953453453454,0.6253851823124852,2.9730908453107228,810,34.32098765432099,0.131575821359041,106.5764153008232,1.072186175275181,0.584882366790022,278,532,6.146913580246913,-0.10995265004994455,-0.5415148378557433
tf=1|ema=21|vwap=roll35|trend=0|sides=long|stop_atr=4.0|target_atr=0.0|exit_cross=True|min_bars=7|max_bars=0|confirm=False|entry=cross_or_pb|exit=close_vwap|regime=|rs=20|dtrend=50,644,38.50931677018634,1.1380520677319257,732.9055316193601,1.8175757685513045,3.7115311927878167,248,396,5.090126811594203,0.8445520928299295,2.973006417206683,523,37.476099426386234,0.6959102916775151,363.96108254734037,1.4412810940667944,2.2763477662766207,196,327,4.917304015296367,0.5853372195298677,2.033722622481624
tf=1|ema=13|vwap=roll35|trend=0|sides=long|stop_atr=4.0|target_atr=0.0|exit_cross=True|min_bars=7|max_bars=0|confirm=False|entry=cross|exit=cross|regime=|rs=0|dtrend=0,1334,39.430284857571216,1.0203250172987586,1361.1135730765438,1.5616459461505825,4.54704454886468,526,808,7.072901049475262,0.611708925857553,2.9680791986334683,1016,35.826771653543304,0.2546915565284379,258.7666214328929,1.1300197108738748,1.169923211449099,364,652,6.422818241469817,0.012733077895755023,0.06370814414947691
tf=1|ema=13|vwap=roll35|trend=0|sides=long|stop_atr=4.0|target_atr=0.0|exit_cross=True|min_bars=7|max_bars=0|confirm=False|entry=cross|exit=cross|regime=spyvw|rs=0|dtrend=0,900,38.22222222222222,1.011593574809006,910.4342173281054,1.5706642285264447,3.7384654674507245,344,556,6.869027777777778,0.7407720048187538,2.9669785956192225,688,35.901162790697676,0.1545276447665666,106.31501959939781,1.0785102868707577,0.5985562140856089,247,441,6.593507751937985,-0.1233024675169297,-0.5278747653800435
tf=1|ema=34|vwap=week|trend=0|sides=long|stop_atr=4.0|target_atr=0.0|exit_cross=True|min_bars=7|max_bars=0|confirm=False|entry=cross|exit=cross|regime=spy50|rs=20|dtrend=0,531,58.00376647834275,0.8467456199456797,449.6219241911559,1.6867053168877857,3.918009917600036,308,223,3.6599183929692405,0.590099383272919,2.9650264585382513,420,54.04761904761905,0.42738241573638674,179.50061460928245,1.2699390108621205,1.6904935447443172,227,193,3.625,0.364686091571282,1.544766229805651
tf=1|ema=13|vwap=roll50|trend=0|sides=long|stop_atr=4.0|target_atr=0.0|exit_cross=True|min_bars=7|max_bars=0|confirm=False|entry=cross|exit=close_vwap|regime=|rs=0|dtrend=0,932,38.412017167381975,1.236671824972926,1152.578140874767,1.745302100951167,4.50800423928406,358,574,7.091693490701002,0.7438290264808762,2.9643225435303604,779,32.22079589216945,0.3169098056872043,246.87273863033212,1.1792380783087952,1.225605540953747,251,528,6.249946512623022,0.11547665475531445,0.4892889632745784
tf=1|ema=21|vwap=week|trend=0|sides=long|stop_atr=0|target_atr=0.0|exit_cross=True|min_bars=0|max_bars=0|confirm=False|entry=cross|exit=cross|regime=spy50|rs=20|dtrend=0,821,54.323995127892815,0.6429917136978577,527.8961969459411,1.5495150958080937,3.845695996552649,446,375,3.6262180267965896,0.46225396662656226,2.961031722720944,693,51.94805194805195,0.293512989680393,203.40450184851235,1.191937706013433,1.5140282411899662,360,333,3.6447811447811445,0.24498122763442443,1.333679785266861
tf=1|ema=34|vwap=roll50|trend=0|sides=long|stop_atr=0|target_atr=0.0|exit_cross=True|min_bars=0|max_bars=0|confirm=False|entry=cross_or_pb|exit=cross|regime=spyvw|rs=0|dtrend=0,840,44.523809523809526,1.2623912409127604,1060.4086423667188,1.7560542790493034,4.59072828457121,374,466,8.252083333333333,0.7635937481568341,2.9598628228499555,640,37.34375,0.17383910340141168,111.25702617690348,1.0829662269566729,0.5300287516791827,239,401,7.663997395833334,-0.08580479415178924,-0.2947526866032934
tf=1|ema=21|vwap=roll35|trend=0|sides=long|stop_atr=4.0|target_atr=0.0|exit_cross=True|min_bars=7|max_bars=0|confirm=False|entry=cross|exit=close_vwap|regime=spyvw|rs=0|dtrend=0,913,37.02081051478642,0.9728472807461398,888.2095673212257,1.6369806887290912,3.5791874354736946,338,575,5.282174151150055,0.7449125464034216,2.957775125500671,693,36.65223665223665,0.38393877853215014,266.06957352278005,1.246219145517567,1.6602676213677294,254,439,5.148508898508898,0.1816605804337829,0.8671188992164174
tf=1|ema=13|vwap=roll50|trend=0|sides=long|stop_atr=4.0|target_atr=0.0|exit_cross=True|min_bars=0|max_bars=0|confirm=False|entry=cross|exit=close_vwap|regime=spyvw|rs=0|dtrend=0,650,36.46153846153846,1.2570323173993063,817.0710063095491,1.898998067534558,3.9950508565713263,237,413,6.343141025641026,0.863674774665917,2.9562042668385726,545,31.009174311926607,0.27554768139010377,150.17348635760658,1.176961390267908,0.9393593111554481,169,376,5.651452599388379,0.1319848257037147,0.495629031805232
tf=1|ema=13|vwap=roll35|trend=0|sides=long|stop_atr=0|target_atr=0.0|exit_cross=True|min_bars=0|max_bars=0|confirm=False|entry=cross_or_pb|exit=cross|regime=|rs=0|dtrend=0,1389,39.23686105111591,0.9898114294059451,1374.8480754448576,1.5626244921726455,4.558707430049298,545,844,6.841762658987282,0.5897034159250136,2.954118285070128,1044,34.96168582375479,0.25117214553017186,262.22371993349947,1.13238495597446,1.1882395974607884,365,679,6.269835568326949,0.03562938571173954,0.18355593634877387
tf=1|ema=13|vwap=roll50|trend=0|sides=long|stop_atr=0|target_atr=0.0|exit_cross=True|min_bars=0|max_bars=0|confirm=False|entry=cross|exit=close_vwap|regime=spyvw|rs=0|dtrend=0,650,36.61538461538461,1.246855011387558,810.4557574019127,1.8830482776893673,3.948839518402961,238,412,6.355448717948717,0.8651107617644107,2.9529401972210056,545,31.192660550458715,0.31832990213618917,173.4897966642231,1.205168420010958,1.0739178394883708,170,375,5.7424311926605505,0.1547053926560293,0.5791528550826358
tf=1|ema=34|vwap=roll50|trend=0|sides=long|stop_atr=4.0|target_atr=0.0|exit_cross=True|min_bars=7|max_bars=0|confirm=False|entry=cross|exit=cross|regime=|rs=0|dtrend=0,987,45.2887537993921,1.3635761477508628,1345.8496578301017,1.6874370845845807,5.0321093955258185,447,540,8.924012158054712,0.7284070978415611,2.9494557192348636,781,36.23559539052497,0.441682988841439,344.95441428516386,1.2081724758118504,1.463050458044482,283,498,8.010990183525395,0.09565449217463354,0.34968671185784694
tf=1|ema=21|vwap=week|trend=0|sides=long|stop_atr=0|target_atr=0.0|exit_cross=True|min_bars=7|max_bars=0|confirm=False|entry=cross|exit=cross|regime=spy50|rs=20|dtrend=50,702,54.98575498575499,0.7471712084611992,524.5141883397619,1.60446466217849,3.998168646696372,386,316,4.145121082621083,0.5161751214357787,2.949310630960566,602,52.159468438538205,0.38073859850968217,229.20463630282865,1.2271485429216655,1.6695110058206615,314,288,4.0188953488372094,0.3260688661981365,1.5102879649002632
tf=1|ema=13|vwap=roll50|trend=0|sides=long|stop_atr=0|target_atr=0.0|exit_cross=True|min_bars=7|max_bars=0|confirm=False|entry=cross|exit=cross|regime=spy50|rs=0|dtrend=0,643,39.968895800933126,1.2949970035478304,832.6830732812549,1.6704555224457118,3.584067064781081,257,386,9.168221876620011,1.0111980313059166,2.9492367844462897,661,33.58547655068079,-0.07935022549484783,-52.450499052094415,0.9643196899680542,-0.293728788027336,222,439,7.961296016137165,-0.15470761815552636,-0.5975623793620097
tf=1|ema=34|vwap=roll50|trend=0|sides=long|stop_atr=0|target_atr=0.0|exit_cross=True|min_bars=7|max_bars=0|confirm=False|entry=cross_or_pb|exit=close_vwap|regime=|rs=0|dtrend=0,1116,40.23297491039426,1.0315820181128856,1151.2455322139804,1.6484609264241326,4.504442085532355,449,667,6.582437275985663,0.6122523143872438,2.9484691772186085,883,33.975084937712346,0.2540588930214047,224.33400253790037,1.1557617677107004,1.094627934729945,300,583,5.803888259720649,0.03649372292330454,0.17364861622002645
tf=1|ema=13|vwap=roll35|trend=0|sides=long|stop_atr=4.0|target_atr=0.0|exit_cross=True|min_bars=0|max_bars=0|confirm=False|entry=cross_or_pb|exit=close_vwap|regime=|rs=20|dtrend=50,700,36.285714285714285,1.0705220769968604,749.3654538978022,1.9237956167818948,3.7814076515410444,254,446,4.238214285714286,0.7784657601203896,2.948054562052589,563,32.85968028419183,0.6374003223644485,358.85638149118455,1.482419723582109,2.325366922443352,185,378,4.135583185316755,0.5118759842752391,1.9877505107290288
tf=1|ema=13|vwap=roll35|trend=0|sides=long|stop_atr=4.0|target_atr=0.0|exit_cross=True|min_bars=0|max_bars=0|confirm=False|entry=cross_or_pb|exit=close_vwap|regime=|rs=20|dtrend=0,842,35.03562945368171,0.9757107929666017,821.5484876778786,1.8017304373039127,3.9113646200875993,295,547,4.296912114014252,0.6795887196262654,2.9474646977389622,660,31.96969696969697,0.6990647675471878,461.382746581144,1.5350424220253351,2.691296315993352,211,449,4.119949494949496,0.5208328921359852,2.1893589367168054
tf=1|ema=13|vwap=roll50|trend=0|sides=long|stop_atr=4.0|target_atr=0.0|exit_cross=True|min_bars=7|max_bars=0|confirm=False|entry=cross|exit=cross|regime=spy50|rs=0|dtrend=0,643,39.502332814930014,1.3280265636795827,853.9210804459717,1.7068969403974137,3.713248314399819,254,389,8.97680145152929,1.0020566681248133,2.943578085348329,661,33.13161875945537,-0.08193400057184189,-54.158374377987485,0.9630077802105864,-0.30621490860003425,219,442,7.769730206757437,-0.19407688901345013,-0.7540666995324989
tf=1|ema=34|vwap=roll50|trend=0|sides=long|stop_atr=0|target_atr=0.0|exit_cross=True|min_bars=0|max_bars=0|confirm=False|entry=cross_or_pb|exit=cross|regime=|rs=0|dtrend=0,1052,46.38783269961977,1.319611308910005,1388.2310969733253,1.6965925633380807,5.105869601208699,488,564,8.877416032953107,0.6938586440497214,2.9429407170854884,821,36.78440925700365,0.354392140880782,290.95594766312206,1.1637025531360778,1.2137644703402002,302,519,8.023497766950872,0.055024437891851415,0.20847051352483081
tf=1|ema=13|vwap=roll35|trend=0|sides=long|stop_atr=0|target_atr=0.0|exit_cross=True|min_bars=0|max_bars=0|confirm=False|entry=cross|exit=close_vwap|regime=spy50|rs=0|dtrend=0,915,32.459016393442624,0.9088668234494047,831.6131434562053,1.6926782229689747,3.4587558816263333,297,618,4.394581056466302,0.7389328988197257,2.942840271265389,860,32.906976744186046,0.38868389334562053,334.26814827723365,1.2773012491348508,1.8684487107455818,283,577,4.511821705426357,0.2753422142073167,1.4079283076247031
tf=1|ema=21|vwap=week|trend=0|sides=long|stop_atr=4.0|target_atr=0.0|exit_cross=True|min_bars=7|max_bars=0|confirm=False|entry=cross|exit=close_vwap|regime=spyvw|rs=20|dtrend=50,454,51.10132158590309,1.020741642156726,463.41670553915355,1.962051454298508,3.8720937788793397,232,222,3.4833883994126285,0.7159485142016873,2.9383278100136403,377,46.15384615384615,0.376087274915747,141.78490264323662,1.2986995224186204,1.6632176761316555,174,203,3.1786030061892134,0.32436497354635435,1.5423887844534672
tf=1|ema=13|vwap=roll35|trend=0|sides=long|stop_atr=4.0|target_atr=0.0|exit_cross=True|min_bars=7|max_bars=0|confirm=False|entry=cross_or_pb|exit=cross|regime=spyvw|rs=0|dtrend=0,1077,38.254410399257196,0.9149463970399775,985.3972696120558,1.5410846160885812,3.8821891795129067,412,665,6.535012380068091,0.6409641522058679,2.937242845755168,794,35.642317380352644,0.09173153211705348,72.83483650094045,1.0480135268870172,0.39596791753872584,283,511,6.277235516372796,-0.16982225529995118,-0.8110671156676124
tf=1|ema=21|vwap=week|trend=0|sides=long|stop_atr=0|target_atr=0.0|exit_cross=True|min_bars=0|max_bars=0|confirm=False|entry=cross_or_pb|exit=cross|regime=spy50|rs=0|dtrend=50,1095,53.60730593607306,0.5447546635514863,596.5063565888775,1.5080377430016978,4.053553919019164,587,508,3.65,0.3676818394419449,2.934820587618257,906,49.88962472406181,0.13867400354564738,125.63864721235652,1.0931566506340733,0.8529653343773708,452,454,3.697479764532745,0.09172192704541453,0.5959204113901211
tf=1|ema=13|vwap=roll50|trend=0|sides=long|stop_atr=0|target_atr=0.0|exit_cross=True|min_bars=7|max_bars=0|confirm=False|entry=cross|exit=cross|regime=|rs=20|dtrend=0,434,41.935483870967744,1.9362967696930955,840.3527980468034,1.9509217126549485,3.959471343096079,182,252,10.118183563748081,1.307031793419447,2.928503396338481,371,36.65768194070081,0.8181909860067927,303.5488558085201,1.369272175822245,1.6638924511935989,136,235,8.656221922731357,0.48174968896301135,1.086500711514066
tf=1|ema=21|vwap=roll50|trend=0|sides=long|stop_atr=4.0|target_atr=0.0|exit_cross=True|min_bars=7|max_bars=0|confirm=False|entry=cross_or_pb|exit=close_vwap|regime=spyvw|rs=0|dtrend=0,863,37.89107763615296,1.1131385561629252,960.6385739686045,1.8000427818470912,4.206432813916766,327,536,6.234598300502124,0.723392342138529,2.9274189190047024,661,31.467473524962177,0.20290486666745822,134.12011686718986,1.1239082424530176,0.7314763780763124,208,453,5.736447302067575,-0.016401271477363193,-0.06569748207074796
tf=1|ema=34|vwap=week|trend=0|sides=long|stop_atr=4.0|target_atr=0.0|exit_cross=True|min_bars=0|max_bars=0|confirm=False|entry=cross|exit=cross|regime=spy50|rs=20|dtrend=50,534,56.741573033707866,0.7191698841753978,384.0367181496624,1.677227588893477,3.752619816842631,303,231,3.1104868913857677,0.5140308647452215,2.924126354901757,401,53.61596009975062,0.27023141852911026,108.36279883017322,1.1876086330132352,1.136977286616402,215,186,3.209788029925187,0.2330035020725781,1.0550160537812234
tf=1|ema=21|vwap=week|trend=0|sides=long|stop_atr=0|target_atr=0.0|exit_cross=True|min_bars=0|max_bars=0|confirm=False|entry=cross_or_pb|exit=close_vwap|regime=spyvw|rs=0|dtrend=50,813,43.665436654366545,0.578431372356682,470.2647057259824,1.7582503199706576,4.014765903152849,355,458,2.4626896268962692,0.3960967744226209,2.923834580813931,679,36.9661266568483,0.275855176669559,187.30566495863056,1.3069816381915973,1.8506892022552903,251,428,2.2944894452626414,0.2446965033926788,1.777578068555928
tf=1|ema=21|vwap=week|trend=0|sides=long|stop_atr=0|target_atr=0.0|exit_cross=True|min_bars=7|max_bars=0|confirm=False|entry=cross_or_pb|exit=cross|regime=spyvw|rs=0|dtrend=50,735,58.36734693877551,0.9153111470605753,672.7536930895228,1.794205426556725,4.982911733256991,429,306,4.281349206349207,0.4987733512203522,2.9238292554251464,609,52.052545155993435,0.3228194761470617,196.59706097356056,1.210265408574273,1.517625181252958,317,292,4.041119321291735,0.2715754915603896,1.3501238120287355
tf=1|ema=13|vwap=roll35|trend=0|sides=long|stop_atr=0|target_atr=0.0|exit_cross=True|min_bars=7|max_bars=0|confirm=False|entry=cross_or_pb|exit=cross|regime=|rs=0|dtrend=0,1347,40.089086859688194,0.9914912698989672,1335.5387405539086,1.5366536139942228,4.402958358989365,540,807,7.162274189557041,0.603685243645844,2.9234805358267506,1016,36.023622047244096,0.2421738276537504,246.0486088962104,1.1225264780547544,1.1029456234488038,366,650,6.5236220472440944,0.01690504777647205,0.08396754144638073
tf=1|ema=13|vwap=roll35|trend=0|sides=long|stop_atr=0|target_atr=0.0|exit_cross=True|min_bars=7|max_bars=0|confirm=False|entry=cross_or_pb|exit=close_vwap|regime=spy50|rs=0|dtrend=0,1073,35.3215284249767,0.8032144439053235,861.849098310412,1.5855528581733762,3.439731868674821,379,694,4.726196023609816,0.6485480032001615,2.922796811616411,972,34.97942386831276,0.27689652027108974,269.14341770349927,1.1824670913169077,1.412230398879569,340,632,4.75252914951989,0.17852202546692555,0.9740108664961525
tf=1|ema=13|vwap=roll35|trend=0|sides=long|stop_atr=0|target_atr=0.0|exit_cross=True|min_bars=0|max_bars=0|confirm=False|entry=cross|exit=cross|regime=|rs=0|dtrend=0,1374,38.71906841339156,0.9814163270629654,1348.4660333845145,1.5529066734100285,4.475374633172511,532,842,6.833333333333333,0.5886200300596008,2.9203130721140327,1044,34.96168582375479,0.25117214553017186,262.22371993349947,1.13238495597446,1.1882395974607884,365,679,6.269835568326949,0.03562938571173954,0.18355593634877387
tf=1|ema=13|vwap=roll50|trend=0|sides=long|stop_atr=4.0|target_atr=0.0|exit_cross=True|min_bars=0|max_bars=0|confirm=False|entry=cross|exit=close_vwap|regime=|rs=0|dtrend=0,956,35.56485355648535,1.1208793097342094,1071.5606201059043,1.7266127042944435,4.308660736438398,340,616,6.393741283124128,0.6919544069923107,2.9173048234779118,798,30.20050125313283,0.3222803538339505,257.1797223594925,1.201763808655411,1.3171456024721135,241,557,5.626514202172098,0.16926878515941998,0.7558129830192888
tf=1|ema=34|vwap=roll50|trend=0|sides=long|stop_atr=4.0|target_atr=0.0|exit_cross=True|min_bars=0|max_bars=0|confirm=False|entry=cross|exit=cross|regime=|rs=0|dtrend=0,1038,44.99036608863199,1.293976115849035,1343.1472082512985,1.7033361988378901,5.1271580200734705,467,571,8.36492453436095,0.6702185999148024,2.9131466419326197,821,35.80998781973204,0.3889233829772298,319.3060974243056,1.189644388870882,1.37636367929573,294,527,7.513804303694681,0.06683458596873446,0.2620339056681265
tf=1|ema=13|vwap=roll35|trend=0|sides=long|stop_atr=0|target_atr=0.0|exit_cross=True|min_bars=7|max_bars=0|confirm=False|entry=cross|exit=close_vwap|regime=spy50|rs=0|dtrend=0,885,35.25423728813559,0.9270209867967351,820.4135733151105,1.6379062420548127,3.3729037469216654,312,573,5.023305084745763,0.7630745682312652,2.912627371233143,838,36.0381861575179,0.41601654551770534,348.6218651438371,1.2722014816408007,1.9033061106507565,302,536,5.058273667462212,0.2939501946580011,1.4350094644109097
tf=1|ema=21|vwap=roll50|trend=0|sides=long|stop_atr=4.0|target_atr=0.0|exit_cross=True|min_bars=0|max_bars=0|confirm=False|entry=cross_or_pb|exit=close_vwap|regime=|rs=0|dtrend=0,1160,33.44827586206897,0.9837156737452544,1141.1101815444952,1.7103033385820092,4.475955273827927,388,772,5.729777298850574,0.5839145499275344,2.910950819410916,909,30.693069306930692,0.35903963298055364,326.36702637932325,1.2484267708848757,1.6462145769795737,279,630,5.240924092409241,0.15799740354667965,0.8010739032679091
tf=1|ema=34|vwap=week|trend=0|sides=long|stop_atr=0|target_atr=0.0|exit_cross=True|min_bars=7|max_bars=0|confirm=False|entry=cross|exit=cross|regime=spyvw|rs=20|dtrend=50,336,59.226190476190474,1.1321968982091812,380.4181577982849,2.128956963177513,4.339676857668238,199,137,4.537326388888888,0.7082383049882963,2.909224509573246,226,57.9646017699115,0.710229890537629,160.51195526150414,1.5068401539091534,1.9688146409121188,131,95,4.245575221238938,0.4422068626369512,1.309016134598074
tf=1|ema=13|vwap=roll35|trend=0|sides=long|stop_atr=0|target_atr=0.0|exit_cross=True|min_bars=7|max_bars=0|confirm=False|entry=cross_or_pb|exit=close_vwap|regime=|rs=20|dtrend=50,656,39.78658536585366,1.1216652264892117,735.8123885769229,1.8054036839798844,3.613358873195444,261,395,4.996125508130081,0.8399553562468262,2.9087246122638164,525,37.714285714285715,0.6225849860174938,326.8571176591842,1.4018971843993142,2.0639752843027175,198,327,4.844285714285714,0.4891632171121502,1.7344668606874578
tf=1|ema=21|vwap=roll35|trend=0|sides=long|stop_atr=0|target_atr=0.0|exit_cross=True|min_bars=7|max_bars=0|confirm=False|entry=cross_or_pb|exit=close_vwap|regime=spy50|rs=0|dtrend=0,1059,35.316336166194525,0.7688353028658438,814.1965857349286,1.5610207957564273,3.3287197692843726,374,685,4.681578533207428,0.6374048156059736,2.908708404865203,963,36.3447559709242,0.37892391510108464,364.9037302423445,1.2617177331312337,1.9372647748010103,350,613,4.756317064728281,0.2659785236445025,1.454415271446806
tf=1|ema=13|vwap=roll35|trend=0|sides=long|stop_atr=4.0|target_atr=0.0|exit_cross=True|min_bars=0|max_bars=0|confirm=False|entry=cross_or_pb|exit=cross|regime=spyvw|rs=0|dtrend=0,1118,37.567084078711986,0.8884035870151021,993.235210282884,1.5534993329717952,3.941442697547013,420,698,6.200134168157424,0.6071386049315785,2.9078686344938784,818,33.863080684596575,0.1154744537200615,94.4581031430103,1.0636772511406594,0.5223900397567582,277,541,6.019610839445802,-0.13214305735987608,-0.6621053637800244
tf=1|ema=34|vwap=week|trend=0|sides=long|stop_atr=0|target_atr=0.0|exit_cross=True|min_bars=0|max_bars=0|confirm=False|entry=cross_or_pb|exit=cross|regime=|rs=0|dtrend=50,874,57.55148741418764,0.6589555099334006,575.9271156817921,1.6476753650314238,4.552389842068249,503,371,4.494755911517926,0.3814582753138449,2.9060119780421783,661,55.37065052950076,0.44570475589775843,294.6108436484183,1.3455733666596437,2.3379244088645392,366,295,4.524583963691376,0.24740796427068162,1.355489942870424
tf=1|ema=13|vwap=week|trend=0|sides=long|stop_atr=0|target_atr=0.0|exit_cross=True|min_bars=7|max_bars=0|confirm=False|entry=cross|exit=close_vwap|regime=|rs=0|dtrend=0,2193,43.63885088919289,0.5813275745989431,1274.8513710954824,1.475808401241923,4.70283803717092,957,1236,2.933025535795714,0.32137638342438324,2.904638171314344,1645,41.21580547112462,0.19114136829597606,314.4275508468806,1.1495302901428346,1.7667297337305565,678,967,2.837841945288754,0.0670012291590085,0.6812772466720732
tf=1|ema=34|vwap=week|trend=0|sides=long|stop_atr=4.0|target_atr=0.0|exit_cross=True|min_bars=7|max_bars=0|confirm=False|entry=cross_or_pb|exit=cross|regime=spyvw|rs=20|dtrend=50,363,57.30027548209367,1.0148884519072447,368.40450804232984,1.8410598366892807,3.779088866995435,208,155,3.7365702479338845,0.712706585689985,2.902582744933298,249,57.429718875502004,0.7383069401799528,183.83842810480823,1.5278572159376909,2.2668465119443284,143,106,3.421352074966533,0.5348324974786046,1.78182966389008
tf=1|ema=34|vwap=roll50|trend=0|sides=long|stop_atr=0|target_atr=0.0|exit_cross=True|min_bars=7|max_bars=0|confirm=False|entry=cross|exit=close_vwap|regime=|rs=0|dtrend=0,945,40.95238095238095,1.13922403246841,1076.5667106826475,1.6712979266649297,4.3710698569550726,387,558,7.014462081128748,0.6870900667242644,2.9008137043328106,759,35.70487483530962,0.3498303931491992,265.52126840024226,1.2056280845375413,1.3304181751655462,271,488,6.241545893719808,0.08898013527491506,0.3746224853277058
tf=1|ema=13|vwap=roll50|trend=0|sides=long|stop_atr=0|target_atr=0.0|exit_cross=True|min_bars=7|max_bars=0|confirm=False|entry=cross_or_pb|exit=close_vwap|regime=spyvw|rs=20|dtrend=0,442,37.55656108597285,1.549217972608623,684.7543438930113,2.101567522571628,3.542398528449875,166,276,5.945324283559577,1.1883860330355096,2.900689564948974,352,32.95454545454545,0.3787964893147164,133.33636423878016,1.2339575839838217,0.9130974006461677,116,236,5.485913825757575,0.2023941725176246,0.5466889505688592
tf=1|ema=13|vwap=roll35|trend=0|sides=long|stop_atr=0|target_atr=0.0|exit_cross=True|min_bars=0|max_bars=0|confirm=False|entry=cross_or_pb|exit=close_vwap|regime=spy50|rs=0|dtrend=0,1152,31.770833333333332,0.7331142857611008,844.5476571967882,1.6164807020437266,3.4528185611261084,366,786,3.9665075231481475,0.5863027151253636,2.899353591631232,1045,30.526315789473685,0.26794327524452927,280.00072263053306,1.2043174701120432,1.5213517477627085,319,726,4.028708133971292,0.16638411464386904,1.0084110281496916
tf=1|ema=13|vwap=roll50|trend=0|sides=long|stop_atr=0|target_atr=0.0|exit_cross=True|min_bars=0|max_bars=0|confirm=False|entry=cross|exit=close_vwap|regime=|rs=0|dtrend=0,956,35.66945606694561,1.1080557115408889,1059.3012602330898,1.711273112547882,4.2467623603379865,341,615,6.4031119246861925,0.6890445364979256,2.896914110865246,798,30.325814536340854,0.3528494512275102,281.5738620795531,1.2216150964022154,1.4327701304964922,242,556,5.690162907268171,0.1911716649860755,0.8530692268923297
tf=1|ema=13|vwap=roll50|trend=0|sides=long|stop_atr=4.0|target_atr=0.0|exit_cross=True|min_bars=7|max_bars=0|confirm=False|entry=cross|exit=cross|regime=|rs=20|dtrend=0,434,41.474654377880185,1.9435903199148372,843.5181988430394,1.9714454698865758,4.005398195146658,180,254,9.9673579109063,1.2842036393619483,2.8946465049019006,371,35.57951482479784,0.698683338640121,259.2115186354849,1.309727414138846,1.4265975951203587,132,239,8.288185085354897,0.3904425859353377,0.8785438971255102
tf=1|ema=21|vwap=week|trend=0|sides=long|stop_atr=0|target_atr=0.0|exit_cross=True|min_bars=7|max_bars=0|confirm=False|entry=cross|exit=cross|regime=spy50|rs=0|dtrend=50,976,53.07377049180328,0.6093107907563864,594.6873317782331,1.514190944014094,3.998015918076393,518,458,4.15479849726776,0.40975860250873075,2.888454076738483,840,50.476190476190474,0.1975049723125791,165.90417674256642,1.1232072496997851,1.0983911658715368,424,416,4.050694444444445,0.14250565124865502,0.8390021124099374
tf=1|ema=21|vwap=week|trend=0|sides=long|stop_atr=0|target_atr=0.0|exit_cross=True|min_bars=0|max_bars=0|confirm=False|entry=cross|exit=cross|regime=|rs=20|dtrend=50,870,55.28735632183908,0.6740493425055585,586.4229279798359,1.5876757794911396,4.280868588363131,481,389,3.719683908045977,0.42225002195955774,2.888077134642108,676,51.92307692307692,0.2852196002790647,192.8084497886477,1.1868087582398665,1.4660671285906668,351,325,3.6037968441814594,0.2114664872204043,1.1465929483527806
tf=1|ema=34|vwap=week|trend=0|sides=long|stop_atr=0|target_atr=0.0|exit_cross=True|min_bars=7|max_bars=0|confirm=False|entry=cross_or_pb|exit=cross|regime=spyvw|rs=20|dtrend=50,360,60.27777777777778,1.1326372823384008,407.7494216418243,2.007595859229224,4.073454477545274,217,143,4.730787037037037,0.7398435943206004,2.8875849489822936,247,60.32388663967611,0.9674761627070052,238.96661218863028,1.7389809435279138,2.771809915874052,149,98,4.210863697705802,0.6656427383469433,2.0376030886790133
tf=1|ema=13|vwap=roll50|trend=0|sides=long|stop_atr=4.0|target_atr=0.0|exit_cross=True|min_bars=7|max_bars=0|confirm=False|entry=cross_or_pb|exit=close_vwap|regime=|rs=20|dtrend=0,610,38.36065573770492,1.3815680020888892,842.7564812742224,1.8988330335681898,3.9219281360423746,234,376,6.386543715846995,0.9353837938023961,2.8862603903066617,487,33.880903490759756,0.5509525483410693,268.31389104210075,1.3241667544927236,1.51085576262282,165,322,5.666495550992471,0.42178577646687576,1.256572731811629
tf=1|ema=21|vwap=roll35|trend=0|sides=long|stop_atr=0|target_atr=0.0|exit_cross=True|min_bars=0|max_bars=0|confirm=False|entry=cross_or_pb|exit=close_vwap|regime=spy50|rs=0|dtrend=0,1132,31.448763250883392,0.6963973584195452,788.3218097309252,1.5944038127236915,3.367734286760711,356,776,3.91464222614841,0.56728445676926,2.8856187601850003,1036,31.46718146718147,0.32466261212751146,336.3504661641019,1.2552426870705027,1.8437709048343256,326,710,3.9793677606177607,0.2272898905385119,1.3792222894117894
tf=1|ema=13|vwap=roll50|trend=0|sides=long|stop_atr=0|target_atr=0.0|exit_cross=True|min_bars=0|max_bars=0|confirm=False|entry=cross|exit=cross|regime=|rs=20|dtrend=0,449,40.75723830734967,1.836079032278222,824.3994854929216,1.9237196440960076,3.9108360241515014,183,266,9.702858203414996,1.2335602941110817,2.8827407662086113,375,36.53333333333333,0.874914090371453,328.0927838892949,1.413055310306591,1.8088002758704869,137,238,8.505333333333333,0.534958005834644,1.2247638964364316
tf=1|ema=13|vwap=roll35|trend=0|sides=long|stop_atr=0|target_atr=0.0|exit_cross=True|min_bars=7|max_bars=0|confirm=False|entry=cross|exit=cross|regime=|rs=0|dtrend=0,1334,39.50524737631184,0.9787633914980342,1305.6703642583777,1.52493238206349,4.30810886534774,527,807,7.146551724137931,0.6001875924783174,2.8817823090283947,1016,36.023622047244096,0.2421738276537504,246.0486088962104,1.1225264780547544,1.1029456234488038,366,650,6.5236220472440944,0.01690504777647205,0.08396754144638073
tf=1|ema=34|vwap=week|trend=0|sides=long|stop_atr=4.0|target_atr=0.0|exit_cross=True|min_bars=0|max_bars=0|confirm=False|entry=cross_or_pb|exit=cross|regime=spyvw|rs=20|dtrend=50,384,57.552083333333336,0.8712225608881972,334.5494633810677,1.8337653983012392,3.812795365021117,221,163,3.2846137152777772,0.5933444402720304,2.8804460927423,260,56.53846153846154,0.6481647491822493,168.52283478738482,1.5004161819828599,2.130601983807442,147,113,3.099358974358974,0.511422372153175,1.8324284678582345
tf=1|ema=21|vwap=week|trend=0|sides=long|stop_atr=4.0|target_atr=0.0|exit_cross=True|min_bars=7|max_bars=0|confirm=False|entry=cross|exit=close_vwap|regime=spyvw|rs=20|dtrend=0,577,51.47313691507799,1.0895047418607544,628.6442360536553,2.041380633241589,4.200386123267877,297,280,3.434503177354131,0.6802456958044313,2.879587075429576,444,47.52252252252252,0.44176041976258623,196.14162637458827,1.3718718657323556,2.2112782695059976,211,233,3.1402027027027026,0.2886784736325152,1.5677644804328954
tf=1|ema=34|vwap=roll50|trend=0|sides=long|stop_atr=0|target_atr=0.0|exit_cross=True|min_bars=0|max_bars=0|confirm=False|entry=cross|exit=cross|regime=|rs=0|dtrend=0,1038,46.24277456647399,1.3093430640397676,1359.098100473279,1.6829556427859955,5.006943533365486,480,558,8.887122671804754,0.6859070044454599,2.874563059007151,821,36.78440925700365,0.354392140880782,290.95594766312206,1.1637025531360778,1.2137644703402002,302,519,8.023497766950872,0.055024437891851415,0.20847051352483081
tf=1|ema=13|vwap=roll35|trend=0|sides=long|stop_atr=4.0|target_atr=0.0|exit_cross=True|min_bars=7|max_bars=0|confirm=False|entry=cross_or_pb|exit=close_vwap|regime=|rs=20|dtrend=50,658,39.66565349544073,1.1322661943691135,745.0311558948766,1.823807092638383,3.6708814427911696,261,397,4.948898176291793,0.8262499673259306,2.874530753184657,527,37.571157495256166,0.6113173350183079,322.1642355546482,1.3938542592419954,2.037638575593225,198,329,4.8075585072738765,0.46207014843684024,1.6417383687323293
tf=1|ema=21|vwap=week|trend=0|sides=long|stop_atr=0|target_atr=0.0|exit_cross=True|min_bars=0|max_bars=0|confirm=False|entry=cross_or_pb|exit=cross|regime=spy50|rs=20|dtrend=0,847,54.42739079102716,0.6260672733872356,530.2789805589886,1.5298206269660912,3.8059594501205853,461,386,3.6551062573789848,0.4398630744456554,2.873666586538014,731,51.70998632010944,0.2899942521867549,211.98579834851782,1.1879287709669273,1.5306678891615815,378,353,3.642555859553123,0.24192303141457325,1.3505330198116992
tf=1|ema=21|vwap=week|trend=0|sides=long|stop_atr=0|target_atr=0.0|exit_cross=True|min_bars=7|max_bars=0|confirm=False|entry=cross|exit=close_vwap|regime=spyvw|rs=20|dtrend=50,454,51.3215859030837,1.0177659433253003,462.06573826968634,1.9555992059080878,3.8185405989098644,233,221,3.5363436123348015,0.7086990748385992,2.8716095428806954,375,46.13333333333333,0.32469139128420443,121.75927173157666,1.2478904205238017,1.4019083084930666,173,202,3.216111111111111,0.29331637381090336,1.3684815410990445
tf=1|ema=21|vwap=roll50|trend=0|sides=long|stop_atr=0|target_atr=0.0|exit_cross=True|min_bars=0|max_bars=0|confirm=False|entry=cross_or_pb|exit=close_vwap|regime=|rs=0|dtrend=0,1155,33.59307359307359,0.9684689323326855,1118.5816168442518,1.6873242799321697,4.3707238469793435,388,767,5.763059163059163,0.580057235258989,2.8695155941499575,905,30.607734806629836,0.3586444385416757,324.57321688021653,1.2473684210996838,1.633385297667286,277,628,5.266712707182321,0.16618555884615457,0.8378624248956932
tf=1|ema=34|vwap=roll50|trend=0|sides=long|stop_atr=4.0|target_atr=0.0|exit_cross=True|min_bars=7|max_bars=0|confirm=False|entry=cross_or_pb|exit=cross|regime=spyvw|rs=0|dtrend=0,818,43.88753056234719,1.244463902758973,1017.9714724568398,1.7092757144084234,4.401157742706996,359,459,8.246790953545233,0.7577888254671543,2.865830698299722,631,37.24247226624406,0.4351426664386221,274.5750225227705,1.2216370483777155,1.276410801963625,235,396,7.5391574220813515,0.12984208485278556,0.42516307143458704
tf=1|ema=13|vwap=week|trend=0|sides=long|stop_atr=4.0|target_atr=0.0|exit_cross=True|min_bars=7|max_bars=0|confirm=False|entry=cross_or_pb|exit=close_vwap|regime=|rs=0|dtrend=0,2475,43.474747474747474,0.5552935505666599,1374.3515376524833,1.4603300685465568,4.904205028105219,1076,1399,2.9008922558922556,0.2904118327656644,2.8644628832992605,1831,40.3604587657018,0.19579358113567227,358.49804705941597,1.1562328615960393,1.9121548460566695,739,1092,2.777216457309303,0.07126576418599193,0.7632471082659172
tf=1|ema=21|vwap=week|trend=0|sides=long|stop_atr=4.0|target_atr=0.0|exit_cross=True|min_bars=0|max_bars=0|confirm=False|entry=cross_or_pb|exit=close_vwap|regime=spyvw|rs=0|dtrend=50,817,43.57405140758874,0.5671158859223396,463.3336787985515,1.7332873908195214,3.9556590284638045,356,461,2.4423194614443084,0.38566204442103097,2.8639203626904086,680,36.911764705882355,0.291500955061287,198.22064944167516,1.3307880254403783,1.9738988335129737,251,429,2.2878676470588237,0.25445075185638827,1.8633592973362236
tf=1|ema=34|vwap=roll50|trend=0|sides=long|stop_atr=4.0|target_atr=0.0|exit_cross=True|min_bars=7|max_bars=0|confirm=False|entry=cross|exit=cross|regime=spyvw|rs=0|dtrend=0,667,43.92803598200899,1.3793381625468855,920.0185544187725,1.7319220184552873,4.122814066853763,293,374,8.800162418790606,0.9001258653024522,2.8627599589409627,538,36.43122676579926,0.42194202076779347,227.0048071730729,1.2016091428365465,1.091106679601423,196,342,7.884448574969021,0.1421042233892146,0.40818238568037196
tf=1|ema=13|vwap=roll50|trend=0|sides=long|stop_atr=4.0|target_atr=0.0|exit_cross=True|min_bars=7|max_bars=0|confirm=False|entry=cross_or_pb|exit=close_vwap|regime=spyvw|rs=20|dtrend=0,442,37.55656108597285,1.5530554603359974,686.4505134685108,2.1073176251940433,3.5556475478944174,166,276,5.920060331825038,1.1720972191914927,2.860975390483712,355,32.394366197183096,0.2724599412028695,96.72327912701867,1.1647735426087662,0.6679468719156845,115,240,5.309389671361503,0.12941215835268952,0.3524247587926093
tf=1|ema=34|vwap=week|trend=0|sides=long|stop_atr=4.0|target_atr=0.0|exit_cross=True|min_bars=7|max_bars=0|confirm=False|entry=cross_or_pb|exit=cross|regime=spyvw|rs=20|dtrend=0,470,57.02127659574468,1.0186009156553744,478.7424303580259,1.7534615939174507,4.044439775996994,268,202,3.9062943262411345,0.6277787372107402,2.8596478274510697,328,57.01219512195122,0.7724086326917314,253.35003152288792,1.5366387910430142,2.7182610412249026,187,141,3.6656504065040654,0.5073358006735225,1.9544284910293124
tf=1|ema=34|vwap=week|trend=0|sides=long|stop_atr=0|target_atr=0.0|exit_cross=True|min_bars=7|max_bars=0|confirm=False|entry=cross_or_pb|exit=cross|regime=spyvw|rs=0|dtrend=50,488,60.450819672131146,0.971155781436326,473.92402134092714,1.884174915332684,4.401295435770888,295,193,5.047984972677595,0.5743127931623393,2.858569138296184,359,58.77437325905292,0.6048837344123297,217.15326065402633,1.4426331301320243,2.1243878761119595,211,148,4.7764623955431755,0.25709251092922064,0.9454973949843977
tf=1|ema=21|vwap=week|trend=0|sides=long|stop_atr=0|target_atr=0.0|exit_cross=True|min_bars=7|max_bars=0|confirm=False|entry=cross|exit=close_vwap|regime=spyvw|rs=20|dtrend=0,577,51.81975736568457,1.08879714605358,628.2359532729156,2.0349209957923717,4.163949222946755,299,278,3.4844020797227038,0.6807880186688932,2.8558258461472037,442,47.51131221719457,0.3963014401068614,175.16523652723274,1.321461501522808,1.939846187905915,210,232,3.1722285067873304,0.2613485888670097,1.394677557376821
tf=1|ema=13|vwap=roll50|trend=0|sides=long|stop_atr=0|target_atr=0.0|exit_cross=True|min_bars=0|max_bars=0|confirm=False|entry=cross|exit=cross|regime=spy50|rs=0|dtrend=0,666,38.43843843843844,1.2121928231701071,807.3204202312913,1.6440160774839372,3.5025489205961953,256,410,8.770958458458459,0.9377465241972645,2.8533229919471887,675,33.03703703703704,-0.042359687173675276,-28.59278884223081,0.9800362707389512,-0.16391426975217344,223,452,7.715617283950618,-0.12311347779578774,-0.49596327640796
tf=1|ema=34|vwap=week|trend=0|sides=long|stop_atr=4.0|target_atr=0.0|exit_cross=True|min_bars=7|max_bars=0|confirm=False|entry=cross_or_pb|exit=cross|regime=spy50|rs=20|dtrend=50,520,58.26923076923077,0.8076310060523213,419.9681231472071,1.6594608365678585,3.8058541042932714,303,217,3.586298076923077,0.5566687674363872,2.852635808265653,406,54.679802955665025,0.40410826489909657,164.0679555490332,1.2586051133985676,1.5909861249683908,222,184,3.5544950738916254,0.30800452058027167,1.3041846856799477
tf=1|ema=21|vwap=week|trend=0|sides=long|stop_atr=0|target_atr=0.0|exit_cross=True|min_bars=0|max_bars=0|confirm=False|entry=cross_or_pb|exit=cross|regime=|rs=20|dtrend=50,893,55.20716685330347,0.6739392536855874,601.8277535412295,1.5832141160266495,4.255831072505799,493,400,3.7249440089585666,0.41987397951566313,2.852533351395211,707,52.05091937765205,0.32917187406217907,232.7245149619606,1.2147144519420079,1.7006050045744225,368,339,3.6209335219236207,0.2564530462592742,1.4011917524168676
tf=1|ema=34|vwap=roll50|trend=0|sides=long|stop_atr=0|target_atr=0.0|exit_cross=True|min_bars=7|max_bars=0|confirm=False|entry=cross_or_pb|exit=close_vwap|regime=spyvw|rs=0|dtrend=0,870,39.88505747126437,1.025587012225866,892.2607006365032,1.7231076424658696,4.028330823591056,347,523,6.186015325670499,0.675042660124886,2.8524051028846014,674,33.82789317507418,0.29248121148067396,197.13233653797425,1.1896455168324362,1.070795418715059,228,446,5.6445351137487645,0.0711890658773988,0.2909990716642923
tf=1|ema=34|vwap=roll50|trend=0|sides=long|stop_atr=4.0|target_atr=0.0|exit_cross=True|min_bars=0|max_bars=0|confirm=False|entry=cross_or_pb|exit=cross|regime=spyvw|rs=0|dtrend=0,854,43.442622950819676,1.191519970640899,1017.5580549273277,1.7245298338534767,4.4684573422128215,371,483,7.7762002341920375,0.7127089576301107,2.851507024961368,653,36.29402756508423,0.26142263246673797,170.7089790007799,1.1337257007115202,0.8320030587083108,237,416,7.105538540071466,-0.02641794872056357,-0.09480112154894889
tf=1|ema=21|vwap=roll35|trend=0|sides=long|stop_atr=4.0|target_atr=0.0|exit_cross=True|min_bars=7|max_bars=0|confirm=False|entry=cross_or_pb|exit=close_vwap|regime=spyvw|rs=0|dtrend=0,1184,36.570945945945944,0.7938306197429803,939.8954537756886,1.5545625948738118,3.614728745231026,433,751,4.85888231981982,0.5799818120185215,2.8482570407913914,861,35.77235772357724,0.2689940328229112,231.60386226052654,1.181409351158509,1.3800563764638105,308,553,4.7881339527681,0.06690127697472828,0.38242519292656907
tf=1|ema=13|vwap=roll50|trend=0|sides=long|stop_atr=0|target_atr=0.0|exit_cross=True|min_bars=7|max_bars=0|confirm=False|entry=cross_or_pb|exit=close_vwap|regime=|rs=20|dtrend=0,610,38.36065573770492,1.3441534860976567,819.9336265195706,1.85371097433094,3.796145810769759,234,376,6.409153005464481,0.9256859499722747,2.8460473941946076,484,34.29752066115702,0.638007142055753,308.79545675498446,1.3827674466954283,1.7327056719451224,166,318,5.804838154269972,0.49118005334796166,1.4592257472133976
tf=1|ema=21|vwap=roll35|trend=0|sides=long|stop_atr=0|target_atr=0.0|exit_cross=True|min_bars=0|max_bars=0|confirm=False|entry=cross_or_pb|exit=close_vwap|regime=|rs=0|dtrend=50,943,33.61611876988335,0.7863692428676559,741.5461960241995,1.6759708765300854,3.6294535177739085,317,626,4.283448214916932,0.5708279246550675,2.8406913486065566,751,31.025299600532623,0.37206373610366905,279.41986581385544,1.283872911927129,1.7397023090894288,233,518,4.071071904127829,0.301497860572138,1.498020842521129
tf=1|ema=34|vwap=week|trend=0|sides=long|stop_atr=4.0|target_atr=0.0|exit_cross=True|min_bars=0|max_bars=0|confirm=False|entry=cross_or_pb|exit=cross|regime=|rs=0|dtrend=0,1601,56.21486570893192,0.748545730210302,1198.4217140666935,1.5389360214265728,5.610814949116215,900,701,3.8566260670414327,0.3245414110401152,2.840473594703925,1255,52.03187250996016,0.2799083500392907,351.28497929930984,1.1812926740483898,2.0374355081042737,653,602,3.6579681274900397,0.11975657782146841,0.9433162168158135
tf=1|ema=13|vwap=roll50|trend=0|sides=long|stop_atr=0|target_atr=0.0|exit_cross=True|min_bars=7|max_bars=0|confirm=False|entry=cross|exit=cross|regime=spyvw|rs=0|dtrend=50,358,40.78212290502793,1.6869739981417804,603.9366913347574,1.9889443971999146,3.294157323179066,146,212,9.700651769087523,1.3844916844461055,2.840131283939609,312,33.65384615384615,-0.44301871897466266,-138.22184032009474,0.7958664064958549,-1.343805646885498,105,207,7.904914529914531,-0.48094095045253993,-1.5629344347905656
tf=1|ema=13|vwap=roll35|trend=0|sides=long|stop_atr=4.0|target_atr=0.0|exit_cross=True|min_bars=0|max_bars=0|confirm=False|entry=cross|exit=close_vwap|regime=spy50|rs=0|dtrend=0,915,32.459016393442624,0.889059227337583,813.4891930138884,1.6675054923389527,3.374049339915424,297,618,4.385564663023679,0.715045077478081,2.8392196203087425,860,32.906976744186046,0.39175807495557363,336.9119444617934,1.280108826250664,1.8887197395876918,283,577,4.498837209302326,0.26911508607827334,1.378053725470279
tf=1|ema=34|vwap=roll50|trend=0|sides=long|stop_atr=4.0|target_atr=0.0|exit_cross=True|min_bars=0|max_bars=0|confirm=False|entry=cross|exit=cross|regime=spyvw|rs=0|dtrend=0,703,43.52773826458037,1.2986146918994887,912.9261284053406,1.7392712383546898,4.1575356575662,306,397,8.230678046467519,0.8349494911128633,2.837441118515259,557,36.086175942549374,0.2802751045493848,156.11323323400734,1.137081162727288,0.7895833028877711,201,356,7.42788749251945,0.006103412808628724,0.019292312112693596
tf=1|ema=21|vwap=roll35|trend=0|sides=long|stop_atr=0|target_atr=0.0|exit_cross=True|min_bars=0|max_bars=0|confirm=False|entry=cross|exit=close_vwap|regime=spy50|rs=0|dtrend=0,910,32.1978021978022,0.8359611801066613,760.7246738970618,1.6484034164764114,3.3085563749946205,293,617,4.285439560439561,0.6834484512692017,2.8371562292651906,858,34.032634032634036,0.46614465583738884,399.9521147084796,1.350784347382901,2.2639524909228848,292,566,4.42205710955711,0.3582518672767738,1.8527639246813026
tf=1|ema=13|vwap=roll50|trend=0|sides=long|stop_atr=4.0|target_atr=0.0|exit_cross=True|min_bars=0|max_bars=0|confirm=False|entry=cross_or_pb|exit=cross|regime=spyvw|rs=20|dtrend=0,415,38.795180722891565,1.6988754133477941,705.0332965393346,2.0298399768909907,3.721202663610742,161,254,8.027309236947792,1.2001085216785712,2.83082807247732,332,33.734939759036145,0.40161744800428845,133.33699273742377,1.202011794352443,0.8494054176002797,112,220,7.01292670682731,0.16603938327145068,0.39481760783637765
tf=1|ema=21|vwap=roll35|trend=0|sides=long|stop_atr=4.0|target_atr=0.0|exit_cross=True|min_bars=7|max_bars=0|confirm=False|entry=cross|exit=close_vwap|regime=|rs=20|dtrend=0,638,37.774294670846395,1.1758164111684595,750.170870325477,1.7704650490308904,3.768302582463585,241,397,5.511494252873563,0.801967217958484,2.829676560463387,503,39.761431411530815,1.1114887188935405,559.0788256034509,1.7210154872398833,3.261532494398771,200,303,5.34749834327369,0.9032557342982722,2.9012802296231732
tf=1|ema=13|vwap=roll50|trend=0|sides=long|stop_atr=4.0|target_atr=0.0|exit_cross=True|min_bars=0|max_bars=0|confirm=False|entry=cross|exit=cross|regime=|rs=20|dtrend=0,449,40.31180400890869,1.8258862615945666,819.8229314559604,1.9265546596568752,3.914204040224767,181,268,9.572104677060134,1.2028381196551012,2.826148456371704,375,35.46666666666667,0.7619741168491732,285.74029381843997,1.3539872339109515,1.5820553062432536,133,242,8.147111111111112,0.45042076890265265,1.0292277834816397
tf=1|ema=13|vwap=roll50|trend=0|sides=long|stop_atr=0|target_atr=0.0|exit_cross=True|min_bars=0|max_bars=0|confirm=False|entry=cross_or_pb|exit=cross|regime=spyvw|rs=20|dtrend=0,415,38.795180722891565,1.676713361166862,695.8360448842478,2.002931795340715,3.657580295508188,161,254,8.075301204819278,1.2026741008146424,2.8257954783037103,329,35.25835866261398,0.5451653912213756,179.3594137118326,1.2787344600253971,1.1341324218561335,116,213,7.412740628166159,0.2674911120983114,0.6306919589927333
tf=1|ema=34|vwap=roll35|trend=0|sides=long|stop_atr=0|target_atr=0.0|exit_cross=True|min_bars=7|max_bars=0|confirm=False|entry=cross|exit=close_vwap|regime=|rs=0|dtrend=0,1433,39.288206559665035,0.7558989253140733,1083.2031599750671,1.5404291454997339,4.12726393130765,563,870,4.66006629448709,0.46742535757190484,2.8224228105213607,1167,38.21765209940017,0.4133549505833884,482.3852273308142,1.2963208995413023,2.335050689685452,446,721,4.167166523850329,0.18576969107111335,1.1527882199500663
tf=1|ema=34|vwap=roll35|trend=0|sides=long|stop_atr=4.0|target_atr=0.0|exit_cross=True|min_bars=7|max_bars=0|confirm=False|entry=cross_or_pb|exit=close_vwap|regime=spyvw|rs=0|dtrend=0,1069,40.224508886810106,0.8481624536011579,906.6856628996378,1.603916528051882,3.8524320353088877,430,639,4.792991892734642,0.5672740985544044,2.820274252606093,880,35.11363636363637,0.36016803654266777,316.9478721575476,1.2670846903520525,1.91132986724929,309,571,4.149952651515151,0.12756701308464785,0.7564709485445877
tf=1|ema=34|vwap=week|trend=0|sides=long|stop_atr=4.0|target_atr=0.0|exit_cross=True|min_bars=0|max_bars=0|confirm=False|entry=cross|exit=cross|regime=spy50|rs=20|dtrend=0,570,56.49122807017544,0.7010508411556308,399.59897945870955,1.6332332028035852,3.667069915225016,322,248,3.2410818713450293,0.49440542188426184,2.818445561143818,444,52.7027027027027,0.3059058037823505,135.8221768793636,1.2091598443797542,1.3282384327483776,234,210,3.2884759759759765,0.2720992594833514,1.2668420183322502
tf=1|ema=13|vwap=roll50|trend=0|sides=long|stop_atr=4.0|target_atr=0.0|exit_cross=True|min_bars=0|max_bars=0|confirm=False|entry=cross|exit=cross|regime=spy50|rs=0|dtrend=0,666,37.987987987987985,1.2266529498768097,816.9508646179553,1.6635411495387553,3.5735711076393772,253,413,8.601976976976976,0.9197017972007402,2.8163217318481903,675,32.592592592592595,-0.06516428559544463,-43.98589277692512,0.969453336668148,-0.253698225411266,220,455,7.534382716049383,-0.17782288463163198,-0.718748126523266
tf=1|ema=21|vwap=roll50|trend=0|sides=long|stop_atr=0|target_atr=0.0|exit_cross=True|min_bars=0|max_bars=0|confirm=False|entry=cross|exit=close_vwap|regime=|rs=0|dtrend=0,885,36.49717514124294,1.1766707079842977,1041.3535765661034,1.7431349987232858,4.291164337476679,323,562,6.654001883239172,0.7050072552993081,2.812358580081367,731,32.83173734610123,0.4869796702393275,355.98213894494836,1.3137307104039355,1.855229161129514,240,491,5.972127222982216,0.25518106320978684,1.0780433013914592
tf=1|ema=21|vwap=roll35|trend=0|sides=long|stop_atr=0|target_atr=0.0|exit_cross=True|min_bars=0|max_bars=0|confirm=False|entry=cross_or_pb|exit=close_vwap|regime=spy50|rs=20|dtrend=50,612,35.78431372549019,0.9925630763128098,607.4486027034396,1.826579388424764,3.3362406699893774,219,393,4.384463507625273,0.7885335322673905,2.8115566100278007,497,33.80281690140845,0.8143510221745454,404.73245802074905,1.6218665609252616,2.683509958058143,168,329,4.319164989939638,0.6945912039873325,2.4414917234172053
tf=1|ema=34|vwap=roll50|trend=0|sides=long|stop_atr=0|target_atr=0.0|exit_cross=True|min_bars=7|max_bars=0|confirm=False|entry=cross|exit=close_vwap|regime=spyvw|rs=0|dtrend=0,639,40.68857589984351,1.1935184372774335,762.65828142028,1.7508726961762162,3.6809855366301787,260,379,6.977112676056338,0.8558321348724557,2.811552346892723,524,35.68702290076336,0.4133446143701881,216.59257792997857,1.250931683031499,1.2302628650543352,187,337,6.260734732824427,0.17281051880262024,0.5733078461874752
tf=1|ema=21|vwap=roll35|trend=0|sides=long|stop_atr=0|target_atr=0.0|exit_cross=True|min_bars=7|max_bars=0|confirm=False|entry=cross|exit=close_vwap|regime=spy50|rs=0|dtrend=0,892,34.64125560538117,0.8471619075284261,755.6684215153562,1.5835840171226823,3.182443541097593,309,583,4.9184417040358746,0.7120420293872514,2.8107964829885983,837,37.634408602150536,0.5126437966905886,429.08285783002265,1.3528858965692645,2.370260920904811,315,522,5.034398645957785,0.3873952708627606,1.9067571538531882
tf=1|ema=21|vwap=roll50|trend=0|sides=long|stop_atr=4.0|target_atr=0.0|exit_cross=True|min_bars=0|max_bars=0|confirm=False|entry=cross|exit=close_vwap|regime=|rs=0|dtrend=0,885,36.38418079096045,1.1864856311538783,1050.0397835711824,1.755781097056088,4.339355692099132,322,563,6.633757062146893,0.7027999282091999,2.8102397255859954,731,32.83173734610123,0.4912252791478269,359.0856790570615,1.3173338579099219,1.8767502685541033,240,491,5.950410396716826,0.2489422024023311,1.053438609310716
tf=1|ema=34|vwap=roll35|trend=0|sides=long|stop_atr=0|target_atr=0.0|exit_cross=True|min_bars=7|max_bars=0|confirm=False|entry=cross_or_pb|exit=close_vwap|regime=|rs=0|dtrend=0,1575,39.36507936507937,0.7253145066791946,1142.3703480197314,1.5254115272779405,4.2653422758761925,620,955,4.591428571428572,0.4311445798548721,2.810200007626639,1314,37.29071537290715,0.310008450319802,407.35110372021984,1.2218550645597306,1.9301091828820676,490,824,4.043569254185693,0.10484059275490769,0.7188232881685703
tf=1|ema=21|vwap=roll50|trend=0|sides=long|stop_atr=0|target_atr=0.0|exit_cross=True|min_bars=7|max_bars=0|confirm=False|entry=cross|exit=close_vwap|regime=|rs=0|dtrend=0,866,38.56812933025404,1.2451363729176825,1078.288098946713,1.736259326823863,4.359271307064313,334,532,7.237730946882217,0.7346040087683142,2.8089961076147603,709,34.27362482369534,0.4217515797996006,299.0218700779168,1.2417955575997104,1.5074129876650995,243,466,6.587212035731078,0.15976236185820628,0.6306579630581871
tf=1|ema=13|vwap=roll35|trend=0|sides=long|stop_atr=0|target_atr=0.0|exit_cross=True|min_bars=7|max_bars=0|confirm=False|entry=cross_or_pb|exit=close_vwap|regime=|rs=0|dtrend=50,904,37.16814159292036,0.8172394412301374,738.7844548720442,1.6171527996008226,3.4697186723494338,336,568,4.935978982300885,0.6127954644930278,2.8060332041505376,711,35.0210970464135,0.27562582141807096,195.96995902824844,1.1807295081641476,1.1779978322963558,249,462,4.69719878105954,0.17799274015267952,0.81204311696278
tf=1|ema=21|vwap=roll35|trend=0|sides=long|stop_atr=0|target_atr=0.0|exit_cross=True|min_bars=0|max_bars=0|confirm=False|entry=cross_or_pb|exit=close_vwap|regime=spy50|rs=20|dtrend=0,649,35.130970724191066,0.9427160137872099,611.8226929478992,1.7788222041522703,3.307048222620792,228,421,4.279404211607602,0.7531597524606471,2.8043035723601712,546,33.6996336996337,0.7711116097041918,421.0269388984887,1.6091817878133026,2.7522342466919487,184,362,4.237637362637362,0.6347612727990319,2.4219195529836792
tf=1|ema=21|vwap=week|trend=0|sides=long|stop_atr=0|target_atr=0.0|exit_cross=True|min_bars=0|max_bars=0|confirm=False|entry=cross_or_pb|exit=close_vwap|regime=|rs=0|dtrend=0,2499,39.335734293717486,0.3215876682805228,803.6475830330264,1.417372743661308,4.345244743080042,983,1516,1.8775510204081634,0.18735136939949254,2.8002233320386254,1901,36.50710152551289,0.2217610338250007,421.56772530132633,1.2832964051790536,2.795450215035244,694,1207,1.7401367701209889,0.141290513498656,1.9574963967851713
tf=1|ema=21|vwap=roll35|trend=0|sides=long|stop_atr=0|target_atr=0.0|exit_cross=True|min_bars=7|max_bars=0|confirm=False|entry=cross_or_pb|exit=close_vwap|regime=|rs=0|dtrend=50,888,36.5990990990991,0.827866505210441,735.1454566268717,1.6106281887787,3.4747756679258344,325,563,4.997466216216216,0.6163242776859431,2.7970829238234973,700,35.57142857142857,0.38356770445861105,268.4973931210277,1.255316047807033,1.6142143204994435,249,451,4.805654761904762,0.2850167087919808,1.2778764399124625
tf=1|ema=21|vwap=week|trend=0|sides=long|stop_atr=0|target_atr=0.0|exit_cross=True|min_bars=0|max_bars=0|confirm=False|entry=cross|exit=cross|regime=|rs=0|dtrend=50,1191,54.4080604534005,0.5696324338534688,678.4322287194815,1.5190554854832943,4.392571195477815,648,543,3.711097117268402,0.3346847638488049,2.7964720610838807,935,49.62566844919786,0.09868826491238282,92.27352769307794,1.0667000898935013,0.6350241085771908,464,471,3.6459893048128342,0.04462508585273486,0.3038025826190938
tf=1|ema=21|vwap=week|trend=0|sides=long|stop_atr=0|target_atr=0.0|exit_cross=True|min_bars=7|max_bars=0|confirm=False|entry=cross_or_pb|exit=cross|regime=spy50|rs=20|dtrend=50,722,55.124653739612185,0.7170720276176562,517.7260039399478,1.5767105275214142,3.906080042461982,398,324,4.177227608494921,0.47968355473692076,2.7951880274821983,625,52.32,0.4337883158463903,271.11769740399393,1.2588561073035078,1.9097846210723155,327,298,4.022866666666666,0.3752580291802652,1.7482170997107729
tf=1|ema=13|vwap=roll35|trend=0|sides=long|stop_atr=4.0|target_atr=0.0|exit_cross=True|min_bars=0|max_bars=0|confirm=False|entry=cross_or_pb|exit=close_vwap|regime=spy50|rs=0|dtrend=0,1155,31.68831168831169,0.7141390994651167,824.8306598822097,1.5935456041244065,3.3649149295398906,366,789,3.9499278499278496,0.5647953028976181,2.7934587162489968,1050,30.476190476190474,0.2682118526802675,281.6224453142808,1.2055826531546476,1.5342744999182012,320,730,4.001825396825396,0.1603068789732877,0.9774723633192393
tf=1|ema=34|vwap=roll35|trend=0|sides=long|stop_atr=4.0|target_atr=0.0|exit_cross=True|min_bars=7|max_bars=0|confirm=False|entry=cross|exit=close_vwap|regime=|rs=0|dtrend=0,1435,39.37282229965157,0.7717283277558289,1107.4301503296144,1.5581989434937487,4.24872521228905,565,870,4.63417537746806,0.4593100233494339,2.793327309833982,1170,37.94871794871795,0.4134243358255307,483.7064729158709,1.2984481630630718,2.358672793454513,444,726,4.131267806267806,0.17525530910130102,1.096698525088795
tf=1|ema=21|vwap=roll35|trend=0|sides=long|stop_atr=4.0|target_atr=0.0|exit_cross=True|min_bars=0|max_bars=0|confirm=False|entry=cross_or_pb|exit=close_vwap|regime=spy50|rs=0|dtrend=0,1135,31.277533039647576,0.6798104606334882,771.5848728190091,1.5750345030618207,3.291745553276293,355,780,3.894897209985316,0.5480256082689922,2.7913623532716008,1042,31.381957773512475,0.3200019944713911,333.4420782391895,1.252272784149438,1.8311153843557748,327,715,3.953254958413307,0.2133727954174078,1.3018463461043668
tf=1|ema=34|vwap=week|trend=0|sides=long|stop_atr=4.0|target_atr=0.0|exit_cross=True|min_bars=7|max_bars=0|confirm=False|entry=cross|exit=cross|regime=|rs=0|dtrend=0,1386,55.77200577200577,0.7579032499323178,1050.4539044061926,1.511416604684894,5.214366967416456,773,613,4.163179413179414,0.3469925721901052,2.7911070779439036,1076,51.57992565055762,0.3171342054770452,341.2364050933006,1.186411900716558,2.00343143231613,555,521,4.085811648079305,0.13827240146553077,0.941377049225812
tf=1|ema=13|vwap=roll50|trend=0|sides=long|stop_atr=4.0|target_atr=0.0|exit_cross=True|min_bars=7|max_bars=0|confirm=False|entry=cross|exit=cross|regime=spyvw|rs=0|dtrend=50,358,40.502793296089386,1.6847550048985815,603.1422917536922,1.9888443453215232,3.296364330210659,145,213,9.481727188081937,1.3584537272095853,2.7903085544893815,312,33.01282051282051,-0.46482165939094044,-145.02435772997342,0.7863254426372905,-1.4212350980205632,103,209,7.748397435897436,-0.5501229703882495,-1.7940514853269938
tf=1|ema=34|vwap=week|trend=0|sides=long|stop_atr=0|target_atr=0.0|exit_cross=True|min_bars=0|max_bars=0|confirm=False|entry=cross_or_pb|exit=cross|regime=spyvw|rs=20|dtrend=50,381,59.84251968503937,0.9594349633326391,365.5447210297355,1.9784461946638716,4.039011738135956,228,153,4.146216097987751,0.6001370453376356,2.7897504900739456,259,59.07335907335907,0.8666069158465816,224.4511912042646,1.7215564234540006,2.6757692895198213,153,106,3.83976833976834,0.6306167724888951,2.0836304058958106
tf=1|ema=34|vwap=week|trend=0|sides=long|stop_atr=0|target_atr=0.0|exit_cross=True|min_bars=0|max_bars=0|confirm=False|entry=cross|exit=cross|regime=spyvw|rs=20|dtrend=0,442,61.53846153846154,1.1311307257446808,499.95978077914896,2.164136442563945,4.7887479959213355,272,170,4.340592006033183,0.5948187565261458,2.7896904039181094,307,56.02605863192182,0.7448666763462995,228.67406963831397,1.5860153483921977,2.549686044764158,172,135,4.10057003257329,0.4580459938753283,1.7080663116073975
tf=1|ema=21|vwap=week|trend=0|sides=long|stop_atr=0|target_atr=0.0|exit_cross=True|min_bars=7|max_bars=0|confirm=False|entry=cross|exit=cross|regime=spy50|rs=20|dtrend=0,748,54.54545454545455,0.7054926026029554,527.7084667470106,1.544422263474907,3.7875663263452948,408,340,4.140652852049911,0.48379675175912573,2.788348584738546,654,52.599388379204896,0.45388959530216477,296.8437953276158,1.2767483915039812,2.086110432720848,344,310,4.014016309887869,0.39410164140429416,1.9124592954387531
tf=1|ema=21|vwap=week|trend=0|sides=long|stop_atr=4.0|target_atr=0.0|exit_cross=True|min_bars=0|max_bars=0|confirm=False|entry=cross_or_pb|exit=close_vwap|regime=|rs=0|dtrend=0,2507,39.25009972078181,0.3199643865567635,802.1507170978061,1.4153385786406678,4.345271342921262,984,1523,1.8707784869033375,0.18518170332462996,2.782933573174223,1909,36.35411210057622,0.2150134970585186,410.46076588471203,1.2737020500474505,2.7240284137173925,694,1215,1.7317749257901172,0.1310082364593146,1.8214358391461332
tf=1|ema=34|vwap=week|trend=0|sides=long|stop_atr=4.0|target_atr=0.0|exit_cross=True|min_bars=7|max_bars=0|confirm=False|entry=cross_or_pb|exit=cross|regime=spy50|rs=20|dtrend=0,557,57.98922800718133,0.7962391554252055,443.5052095718395,1.6299695119677822,3.7913633374728826,323,234,3.711400359066427,0.5364136957031704,2.7809757090495246,455,54.285714285714285,0.386411200116692,175.81709605309484,1.2407858516594266,1.5993794418469711,247,208,3.6456043956043955,0.31314379054680863,1.3877400691301818
tf=1|ema=13|vwap=roll35|trend=0|sides=long|stop_atr=0|target_atr=0.0|exit_cross=True|min_bars=7|max_bars=0|confirm=False|entry=cross_or_pb|exit=close_vwap|regime=spy50|rs=0|dtrend=50,829,36.67068757539204,0.8053017608724874,667.595159763292,1.6133758801179636,3.2094531600961194,304,525,4.827503015681544,0.6541575067675832,2.7786833486878124,658,35.1063829787234,0.2900554257687356,190.856470155828,1.1924655037055913,1.1755371605671276,231,427,4.711182877406281,0.20055659141183213,0.8730942745989141
tf=1|ema=34|vwap=roll35|trend=0|sides=long|stop_atr=4.0|target_atr=0.0|exit_cross=True|min_bars=7|max_bars=0|confirm=False|entry=cross_or_pb|exit=close_vwap|regime=|rs=0|dtrend=0,1578,39.48035487959442,0.7397731421967084,1167.3620183864057,1.5414973266207908,4.386842628012248,623,955,4.566962399662019,0.4227379038806732,2.7751650246919506,1320,36.96969696969697,0.32379919327460377,427.41493512247695,1.2351878470915643,2.04231087585424,488,832,4.007954545454545,0.1079092607243901,0.7478124314352376
tf=1|ema=13|vwap=week|trend=0|sides=long|stop_atr=4.0|target_atr=0.0|exit_cross=True|min_bars=7|max_bars=0|confirm=False|entry=cross|exit=close_vwap|regime=|rs=0|dtrend=0,2196,43.48816029143898,0.574781066636471,1262.2192223336904,1.4704704748382555,4.680294177424846,955,1241,2.9088494231936854,0.3045129449940087,2.7691226574579226,1651,41.18715929739552,0.19203322573337728,317.0468556858059,1.151530802711691,1.7990295841311124,680,971,2.807389460932768,0.05692419190850423,0.5863461648798126
tf=1|ema=21|vwap=roll35|trend=0|sides=long|stop_atr=4.0|target_atr=0.0|exit_cross=True|min_bars=0|max_bars=0|confirm=False|entry=cross_or_pb|exit=close_vwap|regime=spy50|rs=20|dtrend=50,614,35.504885993485345,0.9799732705354084,601.7035881087407,1.8136965596602932,3.3043281015088275,218,396,4.354980998914223,0.7733310725925394,2.76637399904639,497,33.80281690140845,0.8030807372884287,399.13112643234905,1.6080272692639122,2.641700439339665,168,329,4.315140845070423,0.6742129241636933,2.361962985410084
tf=1|ema=34|vwap=week|trend=0|sides=long|stop_atr=4.0|target_atr=0.0|exit_cross=True|min_bars=0|max_bars=0|confirm=False|entry=cross_or_pb|exit=cross|regime=spyvw|rs=20|dtrend=0,497,57.947686116700204,0.891015041852661,442.8344758007725,1.7432061456202856,4.026097469231741,288,209,3.4599262240107316,0.5262265963147583,2.7638384435723675,344,56.104651162790695,0.6675947648635511,229.65259911306157,1.4936812308973686,2.517079275643918,193,151,3.3299418604651163,0.44989556909438394,1.8729795087104197
tf=1|ema=34|vwap=week|trend=0|sides=long|stop_atr=0|target_atr=0.0|exit_cross=True|min_bars=0|max_bars=0|confirm=False|entry=cross_or_pb|exit=cross|regime=spyvw|rs=0|dtrend=50,515,59.029126213592235,0.8571386530137403,441.4264063020762,1.8690232938530538,4.307268915378845,304,211,4.511893203883496,0.496169768319935,2.761465083588522,381,58.267716535433074,0.5286768166541435,201.42586714522866,1.417498249577946,2.0090456136768338,222,159,4.306321084864392,0.23398581767771512,0.9275707880234088
tf=1|ema=34|vwap=roll35|trend=0|sides=long|stop_atr=0|target_atr=0.0|exit_cross=True|min_bars=7|max_bars=0|confirm=False|entry=cross|exit=close_vwap|regime=spyvw|rs=0|dtrend=0,882,39.795918367346935,0.8733924458978236,770.3321372818804,1.6155615214198655,3.4484364625088118,351,531,4.945814436885865,0.639588714923297,2.7602784563380527,712,36.51685393258427,0.3932132931401311,279.9678647157733,1.2824448491724196,1.8680364606336035,260,452,4.365695224719101,0.1557351784829959,0.8143551335802771
tf=1|ema=21|vwap=roll35|trend=0|sides=long|stop_atr=4.0|target_atr=0.0|exit_cross=True|min_bars=0|max_bars=0|confirm=False|entry=cross_or_pb|exit=close_vwap|regime=|rs=0|dtrend=50,947,33.47412882787751,0.7733066755108171,732.3214217087437,1.6610608175300408,3.5823909260180575,317,630,4.2580077437522,0.552495678971655,2.7594676299890244,753,30.942895086321382,0.37069619115659697,279.1342319409175,1.2835004581271512,1.7396984873617825,233,520,4.05787959274015,0.2888750612402789,1.4377515632504396
tf=1|ema=34|vwap=roll50|trend=0|sides=long|stop_atr=4.0|target_atr=0.0|exit_cross=True|min_bars=7|max_bars=0|confirm=False|entry=cross_or_pb|exit=close_vwap|regime=|rs=0|dtrend=0,1128,40.0709219858156,0.9899381517817462,1116.6502352098096,1.625492852365584,4.419638361673522,452,676,6.490839243498818,0.5594466158272435,2.7575925957487004,890,33.82022471910113,0.2630108867727994,234.07968922779148,1.163442259000496,1.1490287047353274,301,589,5.749344569288389,0.028140149916551893,0.1355193462877099
tf=1|ema=13|vwap=roll50|trend=0|sides=long|stop_atr=0|target_atr=0.0|exit_cross=True|min_bars=7|max_bars=0|confirm=False|entry=cross_or_pb|exit=cross|regime=spyvw|rs=0|dtrend=50,477,38.57442348008386,1.3863161877726227,661.2728215675411,1.8484794253361312,3.386034502762688,184,293,8.655398322851154,1.0680484764488496,2.757163888762334,398,34.67336683417086,-0.1688468353204398,-67.20104045753503,0.9150417125292037,-0.52447073595526,138,260,7.285594639865996,-0.21222743504386343,-0.7102277773116582
tf=1|ema=13|vwap=roll50|trend=0|sides=long|stop_atr=4.0|target_atr=0.0|exit_cross=True|min_bars=7|max_bars=0|confirm=False|entry=cross|exit=cross|regime=spyvw|rs=20|dtrend=0,264,40.90909090909091,2.194700886706911,579.4010340906245,2.17334764994043,3.293108618931464,108,156,9.568655303030303,1.7223647623961607,2.748659640057676,236,33.898305084745765,0.5280630205733,124.62287285529881,1.2303970468950796,0.8346482324012746,80,156,8.279661016949152,0.20773203369128063,0.3679323905762257
tf=1|ema=21|vwap=roll35|trend=0|sides=long|stop_atr=4.0|target_atr=0.0|exit_cross=True|min_bars=0|max_bars=0|confirm=False|entry=cross|exit=close_vwap|regime=spy50|rs=0|dtrend=0,910,32.08791208791209,0.819573021891087,745.8114499208891,1.6283319455880794,3.237374195817175,292,618,4.272435897435897,0.6633318943265855,2.7485973499769836,858,34.032634032634036,0.4669463211275895,400.63994352747176,1.3515997285433157,2.2720864671494914,292,566,4.40549728049728,0.3452350807560275,1.7845027844214727
tf=1|ema=21|vwap=roll35|trend=0|sides=long|stop_atr=4.0|target_atr=0.0|exit_cross=True|min_bars=0|max_bars=0|confirm=False|entry=cross_or_pb|exit=close_vwap|regime=spy50|rs=20|dtrend=0,651,34.86943164362519,0.9267500785389732,603.3143011288715,1.7608838650948815,3.258174073098443,227,424,4.251664106502816,0.7361974163933774,2.7481342840217087,547,33.63802559414991,0.7579190656865211,414.58172893052705,1.594313945662274,2.7054238989704507,184,363,4.22554844606947,0.6134574129737872,2.33730902466776
tf=1|ema=13|vwap=roll35|trend=0|sides=long|stop_atr=4.0|target_atr=0.0|exit_cross=True|min_bars=7|max_bars=0|confirm=False|entry=cross_or_pb|exit=close_vwap|regime=spy50|rs=0|dtrend=0,1076,35.31598513011152,0.7740467550601121,832.8743084446807,1.5549390958164548,3.31225919380522,380,696,4.688235749690211,0.6092630188135707,2.7431043192065965,977,34.90276356192426,0.28007679594133283,273.63502963468216,1.1859427260389093,1.4426395599418398,341,636,4.703386216308428,0.16049660863024162,0.8814909374416314
tf=1|ema=21|vwap=roll35|trend=0|sides=long|stop_atr=0|target_atr=0.0|exit_cross=True|min_bars=0|max_bars=0|confirm=False|entry=cross_or_pb|exit=close_vwap|regime=spyvw|rs=20|dtrend=0,641,34.009360374414975,0.9478800854191474,607.5911347536735,1.754419519880386,3.1974578219815304,218,423,4.066757670306812,0.7536293944368841,2.741797558422288,458,31.004366812227076,0.6025201410296029,275.95422459155816,1.48446228588539,2.134229715298636,142,316,4.183770014556042,0.3817530162468844,1.523369915107071
tf=1|ema=13|vwap=roll50|trend=0|sides=long|stop_atr=0|target_atr=0.0|exit_cross=True|min_bars=7|max_bars=0|confirm=False|entry=cross_or_pb|exit=cross|regime=spy50|rs=0|dtrend=50,563,38.36589698046181,1.2548239657983093,706.4658927444482,1.7104426169628157,3.3682062967548503,216,347,8.768132030787447,0.9592847655433591,2.7400051443931446,469,36.67377398720682,0.18203209658027814,85.37305329615045,1.0883179606375932,0.5381748641603976,172,297,7.749111584932481,0.10430996288023782,0.32638854001272655
tf=1|ema=21|vwap=roll35|trend=0|sides=long|stop_atr=4.0|target_atr=0.0|exit_cross=True|min_bars=7|max_bars=0|confirm=False|entry=cross_or_pb|exit=close_vwap|regime=|rs=0|dtrend=50,891,36.7003367003367,0.8319004525922182,741.2233032596664,1.6161603106175069,3.509928529860117,327,564,4.96787317620651,0.6009654662040665,2.7394564622243807,703,35.41963015647226,0.38472179035939,270.4594186226512,1.257662473416596,1.6318916490122648,249,454,4.761261261261262,0.27122628628046686,1.222383400165293
tf=1|ema=34|vwap=week|trend=0|sides=long|stop_atr=4.0|target_atr=0.0|exit_cross=True|min_bars=0|max_bars=0|confirm=False|entry=cross|exit=cross|regime=spyvw|rs=20|dtrend=50,354,56.49717514124294,0.8385375368657756,296.8422880504845,1.847307928259675,3.617537461471527,200,154,3.1147598870056497,0.56622782694099,2.732050331603407,238,54.621848739495796,0.4108134724736085,97.77360644871881,1.3006906927164472,1.328173531979852,130,108,3.0751050420168067,0.3015593873173064,1.062533075849544
tf=1|ema=34|vwap=week|trend=0|sides=long|stop_atr=0|target_atr=0.0|exit_cross=True|min_bars=7|max_bars=0|confirm=False|entry=cross|exit=cross|regime=spyvw|rs=20|dtrend=0,416,61.05769230769231,1.2339824556957,513.3367015694113,2.1015472040296577,4.686720702086584,254,162,5.03135016025641,0.6567243973730991,2.731773410770056,290,57.241379310344826,0.881479061181761,255.62892774271066,1.6402943907262453,2.766545101792147,166,124,4.530172413793103,0.534009678276915,1.8179689713306197
tf=1|ema=13|vwap=roll35|trend=0|sides=long|stop_atr=4.0|target_atr=0.0|exit_cross=True|min_bars=7|max_bars=0|confirm=False|entry=cross|exit=close_vwap|regime=spy50|rs=0|dtrend=0,885,35.25423728813559,0.8945348792399342,791.6633681273419,1.6020922701575522,3.2401723341871187,312,573,4.987099811676083,0.7189984477242898,2.7315299065062146,838,36.0381861575179,0.41860431747925925,350.7904180476192,1.2743592148613863,1.9214108191752406,302,536,5.023617740652347,0.276589714142353,1.3508968660050218
tf=1|ema=21|vwap=week|trend=0|sides=long|stop_atr=4.0|target_atr=0.0|exit_cross=True|min_bars=7|max_bars=0|confirm=False|entry=cross_or_pb|exit=cross|regime=spyvw|rs=0|dtrend=50,752,56.648936170212764,0.8278983929597182,622.5795915057081,1.6852074777452992,4.619459785720495,426,326,3.926085992907802,0.450676877841102,2.7312868160417363,624,49.51923076923077,0.33876136132368406,211.38708946597885,1.2339517776656743,1.7584601421061798,309,315,3.5006677350427355,0.29439859515080136,1.6401080378483892
tf=1|ema=13|vwap=roll35|trend=0|sides=long|stop_atr=0|target_atr=0.0|exit_cross=True|min_bars=0|max_bars=0|confirm=False|entry=cross_or_pb|exit=close_vwap|regime=|rs=0|dtrend=50,970,33.81443298969072,0.7517496882672784,729.1971976192601,1.659900278458989,3.509398674305711,328,642,4.18754295532646,0.5427502170463082,2.726480388594936,762,30.446194225721786,0.32863538657360997,250.4201645690908,1.253307850313328,1.5513972159301925,232,530,3.994422572178477,0.24171623327320624,1.2136107153640092
tf=1|ema=21|vwap=roll50|trend=0|sides=long|stop_atr=0|target_atr=0.0|exit_cross=True|min_bars=7|max_bars=0|confirm=False|entry=cross_or_pb|exit=cross|regime=spy50|rs=0|dtrend=0,675,39.55555555555556,1.2811843535672964,864.7994386579251,1.6333081314880111,3.568702787848016,267,408,9.462037037037037,0.9215356839983267,2.7221556611454623,637,35.00784929356358,0.1708100945557948,108.80603023204128,1.0782734272221928,0.5816149504359529,223,414,8.59268707482993,0.07867358293780419,0.2819081535299777
tf=1|ema=34|vwap=roll50|trend=0|sides=long|stop_atr=4.0|target_atr=0.0|exit_cross=True|min_bars=0|max_bars=0|confirm=False|entry=cross|exit=close_vwap|regime=|rs=0|dtrend=0,973,37.410071942446045,1.047925808710654,1019.6318118754665,1.7029097780078168,4.30065084066442,364,609,6.128425830763961,0.6031221035023042,2.715366618258656,782,32.86445012787724,0.4275058398292206,334.3095667464505,1.2994891626419132,1.7758153088394621,257,525,5.400522165387895,0.19564690928752562,0.8985874360762165
tf=1|ema=21|vwap=roll35|trend=0|sides=long|stop_atr=0|target_atr=0.0|exit_cross=True|min_bars=0|max_bars=0|confirm=False|entry=cross_or_pb|exit=close_vwap|regime=spy50|rs=0|dtrend=50,867,33.21799307958477,0.7233889077106069,627.1781829850962,1.6198712330344665,3.1749367952767615,288,579,4.159938485198001,0.5816248747276329,2.715350566787333,686,31.632653061224488,0.4521754056353025,310.19232826581754,1.3564071883887887,1.9735153623808492,217,469,4.125303692905734,0.3491811298725884,1.6274726401127086
tf=1|ema=13|vwap=roll50|trend=0|sides=long|stop_atr=0|target_atr=0.0|exit_cross=True|min_bars=7|max_bars=0|confirm=False|entry=cross|exit=cross|regime=spyvw|rs=20|dtrend=0,264,40.90909090909091,2.1491773120893365,567.3828103915848,2.1217091550226277,3.2092236475888964,108,156,9.650883838383837,1.707764883945881,2.7125956967575076,236,35.59322033898305,0.7258471848449537,171.29993562340908,1.3271065924394545,1.1396882175621337,84,152,8.802436440677965,0.3505883505465773,0.6223537685983044
tf=1|ema=13|vwap=week|trend=0|sides=long|stop_atr=0|target_atr=0.0|exit_cross=True|min_bars=7|max_bars=0|confirm=False|entry=cross_or_pb|exit=cross|regime=|rs=20|dtrend=0,1205,48.96265560165975,0.7053197734993052,849.9103270666627,1.4798998397014709,4.288385126105645,590,615,3.991701244813278,0.40132398400319175,2.7107236605636706,914,47.155361050328224,0.4125749533774579,377.0935073869965,1.260845141491539,2.444829250017649,431,483,3.6922866520787747,0.29439036239726857,1.8665960750079638
tf=1|ema=21|vwap=week|trend=0|sides=long|stop_atr=0|target_atr=0.0|exit_cross=True|min_bars=7|max_bars=0|confirm=False|entry=cross_or_pb|exit=cross|regime=spy50|rs=0|dtrend=50,1000,53.0,0.5836412874896225,583.6412874896225,1.4887906288673447,3.897418379665673,530,470,4.153291666666666,0.377845383093856,2.7096660009345244,855,50.87719298245614,0.2693278941447371,230.27534949375027,1.1685930132987947,1.48445534145653,435,420,4.059259259259259,0.20503516445246445,1.194741552125503
tf=1|ema=13|vwap=roll50|trend=0|sides=long|stop_atr=4.0|target_atr=0.0|exit_cross=True|min_bars=0|max_bars=0|confirm=False|entry=cross_or_pb|exit=close_vwap|regime=|rs=20|dtrend=0,666,32.732732732732735,1.09155200797433,726.9736373109037,1.7918172679961815,3.4966967556380126,218,448,5.277339839839839,0.7778204880174912,2.7091263916338004,512,30.6640625,0.45764194490503013,234.31267579137543,1.3036218448585921,1.3631449228879056,157,355,4.877685546875,0.35962913073778696,1.1609156979200852
tf=1|ema=34|vwap=week|trend=0|sides=long|stop_atr=4.0|target_atr=0.0|exit_cross=True|min_bars=0|max_bars=0|confirm=False|entry=cross_or_pb|exit=cross|regime=spy50|rs=20|dtrend=50,555,56.57657657657658,0.6743561071112852,374.26763944676327,1.6187185644286652,3.5996954194990636,314,241,3.1987237237237234,0.4632889486482069,2.7029273695249363,429,53.84615384615385,0.31381811977629576,134.62797338403087,1.2159470680922098,1.3398338414623179,231,198,3.2212509712509707,0.2533564857068994,1.1635292192451392
tf=1|ema=21|vwap=roll35|trend=0|sides=long|stop_atr=0|target_atr=0.0|exit_cross=True|min_bars=0|max_bars=0|confirm=False|entry=cross|exit=close_vwap|regime=|rs=20|dtrend=50,529,36.67296786389414,1.1644428274224528,615.9902557064775,1.8905648394492076,3.480097451757165,194,335,4.9234404536862,0.8443300238314159,2.7010915239421376,439,36.21867881548975,0.9637721603133512,423.0959783775612,1.6818311099626952,2.8211379296190513,159,280,4.778378891419893,0.8767294308552852,2.724014585295661
tf=1|ema=13|vwap=week|trend=0|sides=long|stop_atr=0|target_atr=0.0|exit_cross=True|min_bars=7|max_bars=0|confirm=False|entry=cross_or_pb|exit=cross|regime=spyvw|rs=20|dtrend=0,839,50.536352800953516,0.9251195322311629,776.1752875419457,1.637830600094975,4.512968957365775,424,415,4.133144616607072,0.495013586490618,2.7008070086521827,614,47.71986970684039,0.26999293261618323,165.77566062633647,1.1744671759213152,1.4079073709965597,293,321,3.7629614549402817,0.14128612550884045,0.7878239563213175
tf=1|ema=34|vwap=roll50|trend=0|sides=long|stop_atr=4.0|target_atr=0.0|exit_cross=True|min_bars=7|max_bars=0|confirm=False|entry=cross|exit=close_vwap|regime=|rs=0|dtrend=0,950,40.73684210526316,1.0918671135694649,1037.2737578909916,1.6434679567360464,4.260287591467582,387,563,6.931973684210527,0.627869570477561,2.6985366816548475,760,35.39473684210526,0.3655992324593292,277.8554166690902,1.2179341580179575,1.4016671266371052,269,491,6.1793859649122815,0.08632695248379516,0.3656422088986578
tf=1|ema=21|vwap=week|trend=0|sides=long|stop_atr=0|target_atr=0.0|exit_cross=True|min_bars=0|max_bars=0|confirm=False|entry=cross_or_pb|exit=cross|regime=spy50|rs=0|dtrend=0,1473,52.6816021724372,0.4762205054903644,701.4728045873067,1.3868106963935225,3.767687846355343,776,697,3.6672606924643585,0.3186048923432648,2.6975608744346675,1435,49.059233449477354,0.09172722885986702,131.62857341390918,1.0586712084061667,0.7010171604994498,704,731,3.5937572590011615,0.04085932642894751,0.32976025053660635
tf=1|ema=13|vwap=roll35|trend=0|sides=long|stop_atr=0|target_atr=0.0|exit_cross=True|min_bars=7|max_bars=0|confirm=False|entry=cross_or_pb|exit=close_vwap|regime=spy50|rs=20|dtrend=50,593,39.12310286677909,1.0433115671784625,618.6837593368283,1.7477365037098653,3.2041450282928854,232,361,4.874789207419899,0.8259413106164231,2.6932770711688314,476,37.81512605042017,0.6590572723168451,313.71126162281826,1.4244608144407775,2.0173643897268443,180,296,4.878238795518208,0.5422303696146165,1.7797031513207204
tf=1|ema=34|vwap=roll50|trend=0|sides=long|stop_atr=0|target_atr=0.0|exit_cross=True|min_bars=0|max_bars=0|confirm=False|entry=cross|exit=close_vwap|regime=|rs=0|dtrend=0,973,37.51284686536485,1.0365953183370291,1008.6072447419292,1.6892176187973549,4.239151785804959,365,608,6.155404248030147,0.5997703184960858,2.6919036923575943,782,32.9923273657289,0.41470123958479926,324.296369355313,1.2875967374820645,1.7147671119979826,258,524,5.42897485080989,0.19129203766419484,0.8754935906853967
tf=1|ema=13|vwap=roll50|trend=0|sides=long|stop_atr=4.0|target_atr=0.0|exit_cross=True|min_bars=7|max_bars=0|confirm=False|entry=cross_or_pb|exit=cross|regime=spyvw|rs=0|dtrend=50,479,38.62212943632568,1.375696875174585,658.9588032086263,1.8437597585918977,3.3820188437657435,185,294,8.495737647877522,1.0357630318743727,2.6889413784487908,401,33.915211970074814,-0.1983677264819566,-79.5454583192646,0.9003354607713121,-0.6241207924827891,136,265,7.123337489609309,-0.276040346831422,-0.9326819598501506
tf=1|ema=21|vwap=week|trend=0|sides=long|stop_atr=4.0|target_atr=0.0|exit_cross=True|min_bars=0|max_bars=0|confirm=False|entry=cross_or_pb|exit=cross|regime=|rs=20|dtrend=0,1129,53.764393268379095,0.6710170765543118,757.5782794298179,1.5278362002096133,4.533965446200627,607,522,3.460842928845586,0.352050331076213,2.687838722828425,853,50.87924970691677,0.37474186640183116,319.65481204076195,1.2622685915553118,2.3487163176551658,434,419,3.2448221961703787,0.24703537466620218,1.6508265152097021
tf=1|ema=21|vwap=roll35|trend=0|sides=long|stop_atr=0|target_atr=0.0|exit_cross=True|min_bars=7|max_bars=0|confirm=False|entry=cross_or_pb|exit=close_vwap|regime=spy50|rs=0|dtrend=50,815,36.31901840490798,0.7868552360470096,641.2870173783128,1.5846763777374981,3.11952460800874,296,519,4.884406952965235,0.6356599422362174,2.6875481814416964,640,36.09375,0.48248411462907703,308.78983336260933,1.3335934533468106,1.9012095555722823,231,409,4.8609375,0.35879388282143976,1.5149879234698054
tf=1|ema=21|vwap=roll50|trend=0|sides=long|stop_atr=0|target_atr=0.0|exit_cross=True|min_bars=7|max_bars=0|confirm=False|entry=cross_or_pb|exit=cross|regime=|rs=20|dtrend=0,503,41.5506958250497,1.755184835503746,882.8579722583843,1.831214216656864,3.887240232932289,209,294,10.159211398277005,1.102085662346047,2.684935283849556,420,36.19047619047619,0.6289476471837903,264.1580118171919,1.2943664674219966,1.4528968186486424,152,268,8.437698412698412,0.374674444499613,0.9537973320278372
tf=1|ema=34|vwap=roll50|trend=0|sides=long|stop_atr=4.0|target_atr=0.0|exit_cross=True|min_bars=0|max_bars=0|confirm=False|entry=cross_or_pb|exit=close_vwap|regime=|rs=0|dtrend=0,1204,34.883720930232556,0.8673467357528882,1044.2854698464776,1.6439171907037955,4.275403288398678,420,784,5.462901439645625,0.4939794650156516,2.6775554707367086,956,30.334728033472803,0.3108384842531341,297.16159094599624,1.2307551152058007,1.5186170823695793,290,666,4.8220449790794975,0.11343171858781968,0.612057341559854
tf=1|ema=21|vwap=week|trend=0|sides=long|stop_atr=0|target_atr=0.0|exit_cross=True|min_bars=7|max_bars=0|confirm=False|entry=cross_or_pb|exit=close_vwap|regime=|rs=0|dtrend=0,2192,45.894160583941606,0.512441048500863,1123.2707783138917,1.440242734615299,4.563001385559662,1006,1186,2.910013686131387,0.26594825665747407,2.676701749573674,1661,40.99939795304034,0.22034788527127203,365.9978374355829,1.1789799457925525,2.0019952734230477,681,980,2.7294049769215327,0.10573300389655177,1.0532393726256537
tf=1|ema=21|vwap=week|trend=0|sides=long|stop_atr=0|target_atr=0.0|exit_cross=True|min_bars=7|max_bars=0|confirm=False|entry=cross_or_pb|exit=cross|regime=spy50|rs=20|dtrend=0,772,54.66321243523316,0.6821800734317086,526.6430166892791,1.5203286964360034,3.7235594101715677,422,350,4.170984455958549,0.45527156650501294,2.6766552747542804,689,52.39477503628447,0.4553210010920034,313.7161697523904,1.2753591119534038,2.1407042996013277,361,328,4.015723270440251,0.39470840807465396,1.964257759260644
tf=1|ema=13|vwap=roll50|trend=0|sides=long|stop_atr=4.0|target_atr=0.0|exit_cross=True|min_bars=7|max_bars=0|confirm=False|entry=cross|exit=close_vwap|regime=spyvw|rs=20|dtrend=0,262,38.54961832061068,2.0336052956242874,532.8045874535633,2.2916824739293284,3.100676954287841,101,161,6.96119592875318,1.6628369738942976,2.6754586920729087,233,32.61802575107296,0.5384831177012,125.46656642437961,1.2978951126637723,0.9200846870098851,76,157,6.3236766809728175,0.36099035365917703,0.6840262857413835
tf=1|ema=13|vwap=roll35|trend=0|sides=long|stop_atr=0|target_atr=0.0|exit_cross=True|min_bars=7|max_bars=0|confirm=False|entry=cross_or_pb|exit=close_vwap|regime=spyvw|rs=20|dtrend=0,596,37.080536912751676,1.0216409956309507,608.8980333960466,1.6965534323501532,3.024597550912499,221,375,4.649398769574944,0.8453215354039029,2.67432907472558,432,38.888888888888886,0.6500617171453502,280.8266618067913,1.452157228029631,2.1044934295757023,168,264,5.040702160493827,0.37133933122962876,1.3516192209188187
tf=1|ema=13|vwap=roll35|trend=0|sides=long|stop_atr=4.0|target_atr=0.0|exit_cross=True|min_bars=7|max_bars=0|confirm=False|entry=cross_or_pb|exit=close_vwap|regime=|rs=0|dtrend=50,906,37.086092715231786,0.8095051607545735,733.4116756436435,1.6099270957135492,3.4446589759847943,336,570,4.897488962472406,0.583691239760438,2.6740496899962514,713,34.922861150070126,0.2837968177273138,202.34713103957472,1.187714724109389,1.2229585651897,249,464,4.6617578307620375,0.16835802534603878,0.7721477992926113
tf=1|ema=13|vwap=roll50|trend=0|sides=long|stop_atr=0|target_atr=0.0|exit_cross=True|min_bars=7|max_bars=0|confirm=False|entry=cross|exit=close_vwap|regime=spyvw|rs=20|dtrend=0,262,38.54961832061068,2.0097324513667565,526.5499022580902,2.2574520869420285,3.0575054122096446,101,161,6.9807569974554715,1.6631042329986074,2.673253843699972,233,33.047210300429185,0.6881913303675797,160.34857997564606,1.3943786200906847,1.1664105400539524,77,156,6.537017167381975,0.4556982269681881,0.8651181058736109
tf=1|ema=13|vwap=week|trend=0|sides=long|stop_atr=0|target_atr=0.0|exit_cross=True|min_bars=0|max_bars=0|confirm=False|entry=cross|exit=cross|regime=spyvw|rs=20|dtrend=0,776,50.128865979381445,0.9108562107232244,706.8244195212221,1.6662751413097858,4.422156008429353,389,387,3.8342998281786937,0.49638981879913036,2.6692669265082256,545,48.07339449541284,0.20925891631255314,114.04610939034147,1.139954656958187,1.0526792677898669,262,283,3.464373088685015,0.10064269360232712,0.5430010411644501
tf=1|ema=13|vwap=roll35|trend=0|sides=long|stop_atr=0|target_atr=0.0|exit_cross=True|min_bars=0|max_bars=0|confirm=False|entry=cross_or_pb|exit=close_vwap|regime=spy50|rs=20|dtrend=50,630,36.03174603174603,0.9677029021505323,609.6528283548354,1.8164054434869588,3.2376281384828896,227,403,4.129232804232804,0.750968446297062,2.6626806932679217,508,33.661417322834644,0.6930125685248845,352.05038481064133,1.525922891336048,2.3217750490936226,171,337,4.191765091863517,0.5762544387461175,2.059931571648499
tf=1|ema=21|vwap=week|trend=0|sides=long|stop_atr=4.0|target_atr=0.0|exit_cross=True|min_bars=7|max_bars=0|confirm=False|entry=cross_or_pb|exit=cross|regime=|rs=20|dtrend=0,1041,54.08261287223823,0.7496455930553142,780.3810623705821,1.5456948672576116,4.632616807801641,563,478,3.8617915465898176,0.3820708240521792,2.661918827535683,810,51.23456790123457,0.5195760490664999,420.85659974386493,1.3423305373823264,2.9303347917187725,415,395,3.581172839506173,0.3666099529294502,2.1992855258848927
tf=1|ema=34|vwap=roll35|trend=0|sides=long|stop_atr=4.0|target_atr=0.0|exit_cross=True|min_bars=0|max_bars=0|confirm=False|entry=cross|exit=cross|regime=|rs=0|dtrend=0,1952,46.10655737704918,0.5167618023420486,1008.7190381716788,1.3715446208944073,4.214129413703235,900,1052,3.7146516393442623,0.2879556216707474,2.659651306874666,1517,41.33157547791694,0.19676050682766524,298.48568885756816,1.1309984612926098,1.5513779412085116,627,890,3.8117446715007692,0.010899428850697584,0.0942419233530808
tf=1|ema=13|vwap=week|trend=0|sides=long|stop_atr=0|target_atr=0.0|exit_cross=True|min_bars=7|max_bars=0|confirm=False|entry=cross|exit=cross|regime=spyvw|rs=20|dtrend=50,584,52.73972602739726,0.9939065711915283,580.4414375758525,1.7030171595559664,3.96503269466601,308,276,4.181720890410959,0.6225657498951684,2.659486332935629,449,48.55233853006681,0.2577588687026704,115.73373204749899,1.160253575132037,1.1045453111678685,218,231,3.849944320712695,0.1930311651927363,0.8763767747130531
tf=1|ema=21|vwap=roll50|trend=0|sides=long|stop_atr=4.0|target_atr=0.0|exit_cross=True|min_bars=7|max_bars=0|confirm=False|entry=cross_or_pb|exit=cross|regime=|rs=20|dtrend=0,509,40.47151277013752,1.7487433205759917,890.1103501731797,1.8515442132657831,3.9838391471610484,206,303,9.832269155206287,1.0609364855295709,2.656667386393669,427,34.894613583138174,0.5273968247503812,225.19844416841278,1.243246972257693,1.2402537535823244,149,278,7.98848555815769,0.27943441824429305,0.7244274127851503
tf=1|ema=21|vwap=week|trend=0|sides=long|stop_atr=0|target_atr=0.0|exit_cross=True|min_bars=7|max_bars=0|confirm=False|entry=cross_or_pb|exit=close_vwap|regime=spyvw|rs=0|dtrend=50,741,48.987854251012145,0.7731145878796302,572.8779096188059,1.7548568127618345,3.904075143195909,363,378,3.34857174988754,0.4830005731799525,2.656159049977371,622,41.961414790996784,0.2790602417116585,173.57547034465156,1.2342591777057483,1.5607052005054871,261,361,3.0746248660235795,0.25338645341975435,1.5358147052405124
tf=1|ema=13|vwap=week|trend=0|sides=long|stop_atr=0|target_atr=0.0|exit_cross=True|min_bars=7|max_bars=0|confirm=False|entry=cross|exit=cross|regime=spy50|rs=20|dtrend=50,812,48.891625615763544,0.7015359792511782,569.6472151519566,1.480759979560539,3.408320031561104,397,415,4.065168308702792,0.5111459838890956,2.655674812639252,686,46.20991253644315,0.3241110319917855,222.34016794636483,1.2010246258864026,1.628342239285572,317,369,3.7667638483965016,0.27284512531962596,1.456488201004432
tf=1|ema=34|vwap=week|trend=0|sides=long|stop_atr=4.0|target_atr=0.0|exit_cross=True|min_bars=7|max_bars=0|confirm=False|entry=cross|exit=cross|regime=spy50|rs=0|dtrend=50,707,55.86987270155587,0.6486464309916343,458.5930267110855,1.5398648533706414,3.785587486472489,395,312,3.6682578972182927,0.41539389498488294,2.651546000627825,570,52.45614035087719,0.23275487987485483,132.67028152866723,1.1543928397417478,1.1641694076048261,299,271,3.6340643274853797,0.1362824252005394,0.7308450177699852
tf=1|ema=21|vwap=roll35|trend=0|sides=long|stop_atr=4.0|target_atr=0.0|exit_cross=True|min_bars=0|max_bars=0|confirm=False|entry=cross_or_pb|exit=close_vwap|regime=spyvw|rs=20|dtrend=0,645,33.798449612403104,0.9216207995088432,594.4454156832039,1.7262429735717018,3.12415534621493,218,427,4.026937984496124,0.7245615812220234,2.6479715975354075,459,30.93681917211329,0.5727639093978405,262.89863441360876,1.45120040329453,2.023373604536851,142,317,4.171659404502542,0.3430665877946295,1.3606762378110555
tf=1|ema=13|vwap=roll50|trend=0|sides=long|stop_atr=0|target_atr=0.0|exit_cross=True|min_bars=0|max_bars=0|confirm=False|entry=cross_or_pb|exit=close_vwap|regime=|rs=20|dtrend=0,666,32.732732732732735,1.0648185393615837,709.1691472148148,1.7577303220712612,3.3996470835329267,218,448,5.279466966966967,0.7625038689872604,2.64704544641163,510,30.784313725490197,0.5215932431279012,266.0125539952296,1.3508762034148896,1.5395801484424483,157,353,4.983578431372549,0.4027954745843357,1.2975926589750841
tf=1|ema=13|vwap=roll35|trend=0|sides=long|stop_atr=4.0|target_atr=0.0|exit_cross=True|min_bars=0|max_bars=0|confirm=False|entry=cross_or_pb|exit=close_vwap|regime=|rs=0|dtrend=50,972,33.74485596707819,0.739943661909648,719.2252393761778,1.6450548019477778,3.457885067614691,328,644,4.172067901234568,0.5264697103697533,2.6461963806124396,764,30.36649214659686,0.3216619404326688,245.74972249055898,1.2474146907860146,1.5227772771886994,232,532,3.9817844677137866,0.23042542862089826,1.1590879883303196
tf=1|ema=21|vwap=roll50|trend=0|sides=long|stop_atr=4.0|target_atr=0.0|exit_cross=True|min_bars=7|max_bars=0|confirm=False|entry=cross|exit=close_vwap|regime=|rs=0|dtrend=0,867,38.4083044982699,1.2045466500340263,1044.3419455795008,1.7141878727849857,4.271039824941422,333,534,7.188292964244521,0.6821366313551488,2.643814540397936,710,34.225352112676056,0.41749571300210575,296.4219562314951,1.2397037169899632,1.4997459854922055,243,467,6.532863849765259,0.14079056004274113,0.5576693908564729
tf=1|ema=21|vwap=roll35|trend=0|sides=long|stop_atr=0|target_atr=0.0|exit_cross=True|min_bars=7|max_bars=0|confirm=False|entry=cross_or_pb|exit=close_vwap|regime=spy50|rs=20|dtrend=50,582,38.31615120274914,1.0015891542870736,582.9248877950768,1.7037048053024466,3.1185624384545365,223,359,5.010237686139748,0.7974400491950306,2.6422687939380616,464,38.577586206896555,0.8761312180545223,406.5248851772983,1.5819931252756445,2.6076281369238576,179,285,5.029813218390804,0.7472573489180353,2.3837878905987204
tf=1|ema=13|vwap=week|trend=0|sides=long|stop_atr=4.0|target_atr=0.0|exit_cross=True|min_bars=7|max_bars=0|confirm=False|entry=cross|exit=cross|regime=spyvw|rs=20|dtrend=0,737,49.93215739484396,0.9678704033705509,713.320487284096,1.657181098854975,4.374387230411738,368,369,3.9128222523744913,0.5264757565921435,2.642151905278498,516,47.48062015503876,0.2215930338335898,114.34200545813233,1.1367870997447533,1.029676782681982,245,271,3.604085917312661,0.08325420851452772,0.41298289991143333
tf=1|ema=21|vwap=roll35|trend=0|sides=long|stop_atr=4.0|target_atr=0.0|exit_cross=True|min_bars=0|max_bars=0|confirm=False|entry=cross_or_pb|exit=close_vwap|regime=spy50|rs=0|dtrend=50,870,32.98850574712644,0.7099921380867182,617.6931601354448,1.6055205817502436,3.126028894322955,287,583,4.134099616858237,0.5640120676634414,2.64135736346277,687,31.58660844250364,0.4533921020160906,311.4803740850542,1.3584175769610347,1.9840879935148306,217,470,4.115417273168365,0.33976906959376696,1.5854928529038053
tf=1|ema=21|vwap=roll35|trend=0|sides=long|stop_atr=4.0|target_atr=0.0|exit_cross=True|min_bars=7|max_bars=0|confirm=False|entry=cross_or_pb|exit=close_vwap|regime=spy50|rs=0|dtrend=0,1062,35.31073446327684,0.7157356091838103,760.1112169532065,1.5156520284191473,3.131575155489521,375,687,4.65097300690521,0.5711656125303586,2.637290935845496,970,36.18556701030928,0.36665836748985675,355.65861646516106,1.2532124249595327,1.8921206603395273,351,619,4.706743986254295,0.2373102675706517,1.3063499094644488
tf=1|ema=13|vwap=roll35|trend=0|sides=long|stop_atr=4.0|target_atr=0.0|exit_cross=True|min_bars=0|max_bars=0|confirm=False|entry=cross_or_pb|exit=close_vwap|regime=spy50|rs=20|dtrend=50,632,35.91772151898734,0.9640784649593642,609.2975898543182,1.8155417700311662,3.2360993435847005,227,405,4.106540084388185,0.7416700260045231,2.636658534944014,509,33.59528487229863,0.678803625710779,345.51104548678654,1.5111603315653352,2.2745923187810715,171,338,4.179846103470858,0.5578586761711094,1.9928206154383672
tf=1|ema=13|vwap=roll35|trend=0|sides=long|stop_atr=4.0|target_atr=0.0|exit_cross=True|min_bars=0|max_bars=0|confirm=False|entry=cross|exit=cross|regime=spy50|rs=0|dtrend=0,935,35.93582887700535,0.8792645652612578,822.1123685192762,1.5162973625721314,3.202189079143275,336,599,6.302673796791444,0.6872750899133546,2.6354099331090324,870,34.94252873563219,0.13443033620708436,116.9543925001634,1.0725063925439298,0.6096843792457034,304,566,6.125383141762453,0.007940355962363503,0.03791869086459743
tf=1|ema=34|vwap=week|trend=0|sides=long|stop_atr=4.0|target_atr=0.0|exit_cross=True|min_bars=7|max_bars=0|confirm=False|entry=cross|exit=cross|regime=spyvw|rs=20|dtrend=50,336,55.95238095238095,0.9041110293941464,303.7813058764332,1.7692571036664828,3.442692624745225,188,148,3.621279761904762,0.6262046349157688,2.6351486902150767,227,55.50660792951542,0.4986302464696758,113.18906594861642,1.3362007598687853,1.492632867877283,126,101,3.4262114537444934,0.31873388835070343,1.0351041798369072
tf=1|ema=13|vwap=roll50|trend=0|sides=long|stop_atr=0|target_atr=0.0|exit_cross=True|min_bars=7|max_bars=0|confirm=False|entry=cross|exit=cross|regime=spyvw|rs=20|dtrend=50,220,41.36363636363637,2.204149266722315,484.91283867890934,2.1886543856024905,2.93231968736804,91,129,9.424053030303032,1.9033968350310733,2.634818978835654,209,33.97129186602871,-0.2091439938872346,-43.71109472243203,0.9098233031078319,-0.4606633767908374,71,138,8.105263157894736,-0.2504278678395818,-0.5852115590152942
tf=1|ema=21|vwap=roll35|trend=0|sides=long|stop_atr=0|target_atr=0.0|exit_cross=True|min_bars=7|max_bars=0|confirm=False|entry=cross_or_pb|exit=close_vwap|regime=spy50|rs=20|dtrend=0,617,37.439222042139384,0.9480032942511768,584.9180325529761,1.6646357028611944,3.0817322100840903,231,386,4.904713668287411,0.760854263713206,2.6334211503910896,507,39.447731755424066,0.8533051840499675,432.6257283133335,1.588000112570851,2.7374913058499195,200,307,4.977399737015122,0.7037902288869836,2.4245950381118324
tf=1|ema=13|vwap=roll35|trend=0|sides=long|stop_atr=4.0|target_atr=0.0|exit_cross=True|min_bars=7|max_bars=0|confirm=False|entry=cross_or_pb|exit=close_vwap|regime=spy50|rs=0|dtrend=50,831,36.58243080625752,0.7875673124259525,654.4684366259664,1.5941494403686864,3.1409720431320434,304,527,4.7874047332531084,0.6196993182979302,2.6313464547902066,659,35.053110773899846,0.2908874413941841,191.69482387876732,1.1934744927532754,1.184313092338649,231,428,4.678743045017702,0.18195599794306783,0.7932630708886769
tf=1|ema=13|vwap=roll35|trend=0|sides=long|stop_atr=0|target_atr=0.0|exit_cross=True|min_bars=7|max_bars=0|confirm=False|entry=cross_or_pb|exit=close_vwap|regime=spyvw|rs=0|dtrend=50,702,37.464387464387464,0.8107461518244357,569.1437985807538,1.625991588881827,2.9542716775850764,263,439,4.722340930674264,0.6792259223243562,2.630250375655489,531,36.534839924670436,0.09291849844341184,49.33972267345168,1.0646051708939965,0.4012863950956151,194,337,4.691462649089768,-0.036999654986958515,-0.173328554740452
tf=1|ema=34|vwap=week|trend=0|sides=long|stop_atr=4.0|target_atr=0.0|exit_cross=True|min_bars=0|max_bars=0|confirm=False|entry=cross|exit=cross|regime=|rs=0|dtrend=0,1484,54.98652291105121,0.6567600775229976,974.6319550441285,1.486572225230289,4.964207905809225,816,668,3.7583108715184186,0.2962907653529555,2.6297299130368006,1172,51.19453924914676,0.22088063255058296,258.87210134928324,1.1433751165958266,1.5642779836090963,600,572,3.5900170648464163,0.06952343932847098,0.5326399645325266
tf=1|ema=34|vwap=week|trend=0|sides=long|stop_atr=4.0|target_atr=0.0|exit_cross=True|min_bars=7|max_bars=0|confirm=False|entry=cross|exit=cross|regime=spyvw|rs=20|dtrend=0,418,55.98086124401914,0.9579725368349534,400.43252039701053,1.7552583004670934,3.782450789782119,234,184,3.837420255183413,0.5767858761685942,2.6280551949096065,291,54.982817869415804,0.6180407756853571,179.8498657244389,1.4032190113443352,2.021903936587226,160,131,3.640463917525773,0.3610726248818922,1.2946515534091887
tf=1|ema=13|vwap=roll50|trend=0|sides=long|stop_atr=4.0|target_atr=0.0|exit_cross=True|min_bars=7|max_bars=0|confirm=False|entry=cross_or_pb|exit=close_vwap|regime=spy50|rs=0|dtrend=0,821,36.297198538367844,0.9360457905250922,768.4935940211006,1.640600099283327,3.3331768293254465,298,523,6.001522533495737,0.7029121012273286,2.622395224663623,787,30.749682337992375,0.0025726000702859155,2.0246362553150155,1.0015295998638065,0.012431320577098,242,545,5.596039813638289,-0.06855940338897538,-0.3483835517140135
tf=1|ema=34|vwap=roll50|trend=0|sides=long|stop_atr=0|target_atr=0.0|exit_cross=True|min_bars=0|max_bars=0|confirm=False|entry=cross_or_pb|exit=close_vwap|regime=|rs=0|dtrend=0,1198,34.974958263772955,0.8536165764982889,1022.6326586449502,1.6237098290842829,4.168460542587597,419,779,5.501217306622148,0.4881510882043096,2.622194200516904,953,30.4302203567681,0.3071561542695454,292.7198150188768,1.226673292754593,1.4904739304295624,290,663,4.840897166841553,0.11808170677359983,0.6334537790422224
tf=1|ema=21|vwap=week|trend=0|sides=long|stop_atr=0|target_atr=0.0|exit_cross=True|min_bars=0|max_bars=0|confirm=False|entry=cross|exit=close_vwap|regime=spyvw|rs=0|dtrend=50,664,45.48192771084337,0.5787577496346179,384.2951457573863,1.733966460575777,3.645114043128074,302,362,2.5931852409638556,0.3949530448346968,2.6219525169194906,544,39.52205882352941,0.30709552354172365,167.05996480669765,1.3368215181112926,1.9115475569540101,215,329,2.463235294117647,0.26461029984569706,1.7724953521935907
tf=1|ema=21|vwap=roll50|trend=0|sides=long|stop_atr=0|target_atr=0.0|exit_cross=True|min_bars=0|max_bars=0|confirm=False|entry=cross_or_pb|exit=cross|regime=|rs=20|dtrend=0,514,41.05058365758755,1.6819975042634634,864.5467171914202,1.8079350170329793,3.8278742745933587,211,303,9.852545395590143,1.0457324219072401,2.6208375214536472,443,34.988713318284425,0.5751898441618634,254.8091009637055,1.280667808455272,1.4028088761129076,155,288,7.92579006772009,0.33725909562802253,0.9056268633209624
tf=1|ema=13|vwap=roll35|trend=0|sides=long|stop_atr=0|target_atr=0.0|exit_cross=True|min_bars=0|max_bars=0|confirm=False|entry=cross_or_pb|exit=close_vwap|regime=spy50|rs=0|dtrend=50,890,33.258426966292134,0.7068960887267245,629.1375189667848,1.6204141285237392,3.1192932112548677,296,594,4.056835205992509,0.5583647559149801,2.6205682024795895,705,30.921985815602838,0.33997125992451793,239.67973824678515,1.264077642805204,1.5165090169713893,218,487,4.010579196217494,0.25179300265701926,1.2007976217597427
tf=1|ema=13|vwap=roll50|trend=0|sides=long|stop_atr=4.0|target_atr=0.0|exit_cross=True|min_bars=0|max_bars=0|confirm=False|entry=cross_or_pb|exit=close_vwap|regime=spyvw|rs=20|dtrend=0,480,31.458333333333332,1.2062003463470532,578.9761662465855,1.9730932483405033,3.137760944646807,151,329,4.702951388888889,0.9448231567879504,2.62031036132908,369,30.08130081300813,0.26240412056453516,96.82712048831348,1.1825204341533935,0.691414176112416,111,258,4.627710027100271,0.1624707432337118,0.4725329501597734
tf=1|ema=21|vwap=roll35|trend=0|sides=long|stop_atr=0|target_atr=0.0|exit_cross=True|min_bars=0|max_bars=0|confirm=False|entry=cross|exit=close_vwap|regime=spy50|rs=20|dtrend=0,498,35.7429718875502,1.097511689769354,546.5608215051383,1.811066053655188,3.1211591069742655,178,320,4.770749665327978,0.86857736076084,2.6197922311358464,423,37.35224586288416,1.1071507383180013,468.3247623085146,1.8331406219048514,3.1452180807159458,158,265,4.851753349093776,0.9480388459342382,2.8761191634699306
tf=1|ema=34|vwap=week|trend=0|sides=long|stop_atr=4.0|target_atr=0.0|exit_cross=True|min_bars=0|max_bars=0|confirm=False|entry=cross|exit=cross|regime=spyvw|rs=20|dtrend=0,442,57.01357466063349,0.881830256368411,389.76897331483764,1.8052420846403594,3.8875843820583134,252,190,3.3300339366515836,0.5107708024099602,2.6197512218612182,307,54.071661237785015,0.4911998893417668,150.7983660279224,1.3434152006460165,1.741448443360547,166,141,3.2734799131378933,0.29887699894647235,1.1703079549928144
tf=1|ema=21|vwap=roll35|trend=0|sides=long|stop_atr=4.0|target_atr=0.0|exit_cross=True|min_bars=0|max_bars=0|confirm=False|entry=cross|exit=close_vwap|regime=|rs=20|dtrend=50,529,36.48393194706994,1.1439674318993311,605.1587714747461,1.8628531643160124,3.412561463409337,193,336,4.90359168241966,0.8201403915369282,2.6192955238133995,439,36.21867881548975,0.953172432107924,418.4426976953786,1.6693131093280558,2.7848740751361456,159,280,4.773917995444191,0.8529443935474038,2.6398917336218775
tf=1|ema=13|vwap=roll35|trend=0|sides=long|stop_atr=0|target_atr=0.0|exit_cross=True|min_bars=0|max_bars=0|confirm=False|entry=cross|exit=cross|regime=spy50|rs=0|dtrend=0,935,35.93582887700535,0.8669048829421423,810.5560655509031,1.5053721094196426,3.1374287064579223,336,599,6.373573975044563,0.6869615254565359,2.618816805837969,870,35.05747126436781,0.12144744291717419,105.65927533794155,1.0648941900126327,0.5458406755944522,305,565,6.207902298850574,0.0121497853822196,0.05758354283011304
tf=1|ema=13|vwap=roll50|trend=0|sides=long|stop_atr=0|target_atr=0.0|exit_cross=True|min_bars=7|max_bars=0|confirm=False|entry=cross_or_pb|exit=cross|regime=spyvw|rs=20|dtrend=50,336,38.69047619047619,1.6706498328830994,561.3383438487214,1.9761648616933343,3.1175472688173884,130,206,8.119419642857142,1.3351249032387733,2.617575323835033,287,34.84320557491289,-0.14571763252661865,-41.82096053513955,0.929522437350673,-0.39529102484119555,100,187,7.036730545876887,-0.15787867876358508,-0.4584447890419247
tf=1|ema=13|vwap=roll50|trend=0|sides=long|stop_atr=0|target_atr=0.0|exit_cross=True|min_bars=0|max_bars=0|confirm=False|entry=cross_or_pb|exit=cross|regime=spy50|rs=0|dtrend=50,584,37.157534246575345,1.1507162715421868,672.018302580637,1.661972200701526,3.2264527932240865,217,367,8.348744292237441,0.8768370016403815,2.6171303941203945,473,35.30655391120507,0.2121884882905567,100.36515496143332,1.1057816954768322,0.6358833782057031,167,306,7.622004933051444,0.13371823585179177,0.4238357090451554
tf=1|ema=21|vwap=roll35|trend=0|sides=long|stop_atr=4.0|target_atr=0.0|exit_cross=True|min_bars=7|max_bars=0|confirm=False|entry=cross_or_pb|exit=close_vwap|regime=spy50|rs=20|dtrend=50,583,38.078902229845625,1.0039407570390317,585.2974613537555,1.7096038241826772,3.1367257531029664,222,361,4.971983990851915,0.7872733123140654,2.6164255568523727,465,38.494623655913976,0.8552521844303804,397.69226576012693,1.5622385549335192,2.548194665000635,179,286,4.9957885304659495,0.7113978213719694,2.2650873370439086
tf=1|ema=13|vwap=roll50|trend=0|sides=long|stop_atr=0|target_atr=0.0|exit_cross=True|min_bars=7|max_bars=0|confirm=False|entry=cross_or_pb|exit=close_vwap|regime=spy50|rs=0|dtrend=0,821,36.4190012180268,0.9118390993520381,748.6199005680232,1.6115275073693784,3.229353657784952,299,522,6.027253349573691,0.7036172948975483,2.6162872505581944,785,30.828025477707005,-7.54707977420405e-05,-0.05924457622750179,0.999955285556154,-0.00036179925097484556,242,543,5.625371549893844,-0.05599813191831543,-0.28327660587771764
tf=1|ema=13|vwap=roll50|trend=0|sides=long|stop_atr=4.0|target_atr=0.0|exit_cross=True|min_bars=7|max_bars=0|confirm=False|entry=cross|exit=cross|regime=spyvw|rs=20|dtrend=50,220,41.36363636363637,2.221358486802116,488.6988670964655,2.209156672221624,2.962486687156046,91,129,9.333522727272728,1.8846443354425189,2.614144364996173,209,33.014354066985646,-0.2715549182194625,-56.754977907867655,0.8847778410560011,-0.5984751239261681,69,140,7.896331738437002,-0.36715875005952847,-0.8533464507300331
tf=1|ema=13|vwap=roll35|trend=0|sides=long|stop_atr=4.0|target_atr=0.0|exit_cross=True|min_bars=7|max_bars=0|confirm=False|entry=cross_or_pb|exit=close_vwap|regime=spy50|rs=20|dtrend=50,595,38.99159663865546,1.0358980190131608,616.3593213128306,1.742840345493455,3.1918008767283474,232,363,4.825210084033613,0.7997330094605718,2.613081458368567,477,37.735849056603776,0.646970324259749,308.60484467190025,1.414686552084254,1.9862655628218224,180,297,4.845824598183089,0.5124997985393352,1.6816261279095492
tf=1|ema=21|vwap=roll35|trend=0|sides=long|stop_atr=4.0|target_atr=0.0|exit_cross=True|min_bars=7|max_bars=0|confirm=False|entry=cross_or_pb|exit=close_vwap|regime=spy50|rs=0|dtrend=50,817,36.352509179926564,0.7825050140332878,639.3065964651961,1.580552739672104,3.111854344074148,297,520,4.856283149734802,0.6156588654908743,2.6100189216732406,642,35.981308411214954,0.47698557951396886,306.224742047968,1.3299081012389147,1.888728943171362,231,411,4.820353063343718,0.3376048865493287,1.4286749848095712
tf=1|ema=21|vwap=roll50|trend=0|sides=long|stop_atr=4.0|target_atr=0.0|exit_cross=True|min_bars=0|max_bars=0|confirm=False|entry=cross_or_pb|exit=cross|regime=|rs=20|dtrend=0,520,40.0,1.6802114204920626,873.7099386558725,1.8310615839923166,3.933708500371351,208,312,9.543028846153845,1.0125616989730184,2.6091924500604713,449,33.85300668151448,0.49584639063357355,222.63502939447451,1.2395199185630044,1.2273019044614328,152,297,7.539068299925762,0.2648274273280232,0.7223089881646029
tf=1|ema=34|vwap=roll35|trend=0|sides=long|stop_atr=0|target_atr=0.0|exit_cross=True|min_bars=0|max_bars=0|confirm=False|entry=cross_or_pb|exit=close_vwap|regime=spyvw|rs=0|dtrend=0,1165,36.82403433476395,0.6164968065994864,718.2187796884016,1.5993698344526859,3.5050375912141853,429,736,3.5540057224606576,0.4273136454272137,2.608566966224596,965,32.2279792746114,0.2714003160794667,261.90130501668534,1.2610116742155777,1.692015976055632,311,654,2.926899827288428,0.11744551375577976,0.8231031591162232
tf=1|ema=34|vwap=roll50|trend=0|sides=long|stop_atr=4.0|target_atr=0.0|exit_cross=True|min_bars=7|max_bars=0|confirm=False|entry=cross_or_pb|exit=close_vwap|regime=spyvw|rs=0|dtrend=0,879,39.81797497155859,0.9667389112107923,849.7635029542863,1.6805498747015275,3.8845142699869464,350,529,6.104474781949184,0.6028847869100147,2.608282036249203,677,33.82570162481536,0.2895266453373098,196.00953889335875,1.1881949738405166,1.068402081952869,229,448,5.6061053668143765,0.054141909459419026,0.22280158055275837
tf=1|ema=21|vwap=roll35|trend=0|sides=long|stop_atr=0|target_atr=0.0|exit_cross=True|min_bars=0|max_bars=0|confirm=False|entry=cross|exit=close_vwap|regime=spy50|rs=20|dtrend=50,473,36.78646934460888,1.14238415326417,540.3477044939525,1.8567155645270197,3.1396849053619587,174,299,4.860641296687808,0.8953727867070725,2.6082645039583534,389,37.01799485861183,1.1369515031192186,442.27413471337604,1.8295907236171214,3.0123568619994794,144,245,4.915595544130248,1.0075279093461158,2.8441166551642
tf=1|ema=34|vwap=week|trend=0|sides=long|stop_atr=4.0|target_atr=0.0|exit_cross=True|min_bars=0|max_bars=0|confirm=False|entry=cross_or_pb|exit=cross|regime=spy50|rs=20|dtrend=0,596,56.375838926174495,0.6584290595828657,392.42371951138796,1.5767520027528898,3.526591364738828,336,260,3.305858501118568,0.4453754046039135,2.6070522237352916,481,53.222453222453225,0.2856916219380536,137.41767015220378,1.1923046257800851,1.2896657865745944,256,225,3.3102044352044353,0.23530500109852237,1.1382429274272114
tf=1|ema=34|vwap=roll50|trend=0|sides=long|stop_atr=4.0|target_atr=0.0|exit_cross=True|min_bars=7|max_bars=0|confirm=False|entry=cross|exit=close_vwap|regime=spyvw|rs=0|dtrend=0,643,40.59097978227061,1.1327163528601643,728.3366148890856,1.7134833494810584,3.5656908211445915,261,382,6.894375324002074,0.7767723999278,2.6060642965291376,524,35.49618320610687,0.4162186438852279,218.09856939585944,1.2535090096049075,1.2437707832591456,186,338,6.214376590330789,0.16118099329421934,0.5360021676090542
tf=1|ema=21|vwap=roll35|trend=0|sides=long|stop_atr=0|target_atr=0.0|exit_cross=True|min_bars=0|max_bars=0|confirm=False|entry=cross|exit=close_vwap|regime=spyvw|rs=20|dtrend=0,439,36.674259681093396,1.1856293693092992,520.4912931267824,1.8359485503269488,3.028660146833559,161,278,4.907365223993926,0.9384383851183256,2.6054357203248575,322,35.714285714285715,0.9811872856248108,315.94230597118906,1.736258726589724,2.5552854920194426,115,207,5.0625,0.7438247010656485,2.1735364108102546
tf=1|ema=34|vwap=roll35|trend=0|sides=long|stop_atr=0|target_atr=0.0|exit_cross=True|min_bars=0|max_bars=0|confirm=False|entry=cross_or_pb|exit=cross|regime=|rs=0|dtrend=0,1952,46.77254098360656,0.48453536312283685,945.8130288157776,1.330322726425971,3.6840107437215504,913,1039,4.262978142076503,0.30546313206755166,2.604299684518797,1517,42.97956493078444,0.23392015435904231,354.8568741626672,1.1522883654990916,1.746714787026083,652,865,4.293946385409799,0.032196592623932416,0.26137181832700196
tf=1|ema=34|vwap=roll35|trend=0|sides=long|stop_atr=0|target_atr=0.0|exit_cross=True|min_bars=0|max_bars=0|confirm=False|entry=cross|exit=cross|regime=|rs=0|dtrend=0,1952,46.77254098360656,0.48453536312283685,945.8130288157776,1.330322726425971,3.6840107437215504,913,1039,4.262978142076503,0.30546313206755166,2.604299684518797,1517,42.97956493078444,0.23392015435904231,354.8568741626672,1.1522883654990916,1.746714787026083,652,865,4.293946385409799,0.032196592623932416,0.26137181832700196
tf=1|ema=13|vwap=roll35|trend=0|sides=long|stop_atr=4.0|target_atr=0.0|exit_cross=True|min_bars=7|max_bars=0|confirm=False|entry=cross_or_pb|exit=close_vwap|regime=spyvw|rs=20|dtrend=0,599,36.89482470784641,1.0187278558967146,610.217985682132,1.6991190498356759,3.0275383494325436,221,378,4.593489148580968,0.8217165574136132,2.602547985701664,434,38.94009216589862,0.622107036590267,269.99445388017585,1.4265379328366428,2.01998106190735,169,265,4.995967741935484,0.3319689719347921,1.2065211379349232
tf=1|ema=34|vwap=week|trend=0|sides=long|stop_atr=0|target_atr=0.0|exit_cross=True|min_bars=7|max_bars=0|confirm=False|entry=cross_or_pb|exit=cross|regime=spy50|rs=0|dtrend=0,975,58.97435897435897,0.6545811071936267,638.216579513786,1.4833373185522778,3.8552048737423603,575,400,5.422905982905983,0.40326241708333566,2.601515485815555,904,55.86283185840708,0.463760635861625,419.239614818909,1.2853786746372289,2.4016296287316536,505,399,5.756406710914454,0.26349179403967504,1.4161359298617366
tf=1|ema=34|vwap=week|trend=0|sides=long|stop_atr=0|target_atr=0.0|exit_cross=True|min_bars=7|max_bars=0|confirm=False|entry=cross|exit=cross|regime=spy50|rs=0|dtrend=0,956,58.47280334728033,0.6442453073418902,615.898513818847,1.4747582386097906,3.7471035216924773,559,397,5.370292887029288,0.40701091309126985,2.5996708196289453,886,55.75620767494357,0.4244675093651476,376.07821329752073,1.2583181348668946,2.1724088795882492,494,392,5.696247178329571,0.21432163065397414,1.1391867278880072
tf=1|ema=13|vwap=roll50|trend=0|sides=long|stop_atr=4.0|target_atr=0.0|exit_cross=True|min_bars=7|max_bars=0|confirm=False|entry=cross_or_pb|exit=cross|regime=spy50|rs=0|dtrend=50,567,38.27160493827161,1.2345055010383206,699.9646190887278,1.6994355322892982,3.3436368481741674,217,350,8.579732510288066,0.901093256488761,2.590228216752184,475,35.78947368421053,0.13802160480500758,65.5602622823786,1.0667887713131436,0.414389247504291,170,305,7.542368421052632,0.028629529788039607,0.09067966711429665
tf=1|ema=13|vwap=roll35|trend=0|sides=long|stop_atr=0|target_atr=0.0|exit_cross=True|min_bars=0|max_bars=0|confirm=False|entry=cross|exit=close_vwap|regime=|rs=20|dtrend=50,523,37.2848948374761,1.1535647344703643,603.3143561280006,1.8791075391902243,3.315204660429059,195,328,4.76434034416826,0.8454818449126846,2.590137422507255,423,36.170212765957444,0.8902625410577526,376.5810548674293,1.6273007214864694,2.5243443691635674,153,270,4.716016548463357,0.7564984251670076,2.2916113943276506
tf=1|ema=13|vwap=roll50|trend=0|sides=long|stop_atr=0|target_atr=0.0|exit_cross=True|min_bars=0|max_bars=0|confirm=False|entry=cross_or_pb|exit=close_vwap|regime=spyvw|rs=20|dtrend=0,480,31.458333333333332,1.1855300939970208,569.05444511857,1.9407304542474608,3.0769661471541454,151,329,4.7046875,0.9349470514354856,2.588810671085793,367,30.245231607629428,0.346960440411164,127.33448163089717,1.2457695281642245,0.9004967124828481,111,256,4.772706630336058,0.20999172983763495,0.6069980197577085
tf=1|ema=13|vwap=roll35|trend=0|sides=long|stop_atr=0|target_atr=0.0|exit_cross=True|min_bars=7|max_bars=0|confirm=False|entry=cross|exit=close_vwap|regime=|rs=20|dtrend=0,616,39.12337662337662,1.102975344165715,679.4328120060806,1.7096598406132228,3.385074836365639,241,375,5.481804653679654,0.7763465956935126,2.5879360438392527,487,38.60369609856263,1.0921374134396367,531.8709203451031,1.7176218945479829,3.1268479907905053,188,299,5.367385352498289,0.8650547313676817,2.717337992374236
tf=1|ema=21|vwap=roll50|trend=0|sides=long|stop_atr=4.0|target_atr=0.0|exit_cross=True|min_bars=7|max_bars=0|confirm=False|entry=cross_or_pb|exit=cross|regime=spy50|rs=0|dtrend=0,690,38.55072463768116,1.239725154669321,855.4103567218316,1.6346054593084174,3.5943118149948474,266,424,9.022644927536232,0.8436678966243459,2.5856505549826028,656,33.84146341463415,0.15090667538767402,98.99477905431417,1.0715184903265007,0.5420212641219382,222,434,8.068152947154472,0.021760333001968467,0.08220054156045671
tf=1|ema=21|vwap=roll35|trend=0|sides=long|stop_atr=0|target_atr=0.0|exit_cross=True|min_bars=7|max_bars=0|confirm=False|entry=cross_or_pb|exit=close_vwap|regime=spyvw|rs=20|dtrend=0,605,37.52066115702479,0.9611285029491008,581.4827442842059,1.6517790678486526,3.008878285967472,227,378,4.854476584022039,0.7608851059933955,2.581152450542271,435,38.39080459770115,0.6019001060363339,261.82654612580524,1.4146891312096883,1.9807477060362033,167,268,5.033716475095786,0.38092250746911505,1.4133126191984648
tf=1|ema=13|vwap=week|trend=0|sides=long|stop_atr=0|target_atr=0.0|exit_cross=True|min_bars=7|max_bars=0|confirm=False|entry=cross|exit=cross|regime=spyvw|rs=0|dtrend=50,806,50.992555831265506,0.8607590368242737,693.7717836803646,1.6621952733620098,4.140691383797664,411,395,4.069478908188586,0.5034097979772452,2.5778127514155296,646,46.59442724458204,0.05020016978149707,32.429309678847105,1.0325153311018773,0.27696562039110484,301,345,3.8664860681114552,0.004336770447601299,0.02541224387168522
tf=1|ema=21|vwap=week|trend=0|sides=long|stop_atr=4.0|target_atr=0.0|exit_cross=True|min_bars=7|max_bars=0|confirm=False|entry=cross_or_pb|exit=close_vwap|regime=spyvw|rs=0|dtrend=50,744,48.79032258064516,0.7561148252645161,562.5494299968,1.727216013736289,3.8404207930025582,363,381,3.312612007168459,0.4657171799726946,2.5768842480072345,627,41.78628389154705,0.30885459104014024,193.65182858216792,1.2670861466422065,1.7690800780280405,262,365,3.029372674109516,0.27352652828380225,1.6969017107085576
tf=1|ema=21|vwap=week|trend=0|sides=long|stop_atr=4.0|target_atr=0.0|exit_cross=True|min_bars=0|max_bars=0|confirm=False|entry=cross|exit=close_vwap|regime=spyvw|rs=0|dtrend=50,664,45.33132530120482,0.5682907072708249,377.34502962782767,1.7119056945075197,3.590099719541991,301,363,2.5734186746987953,0.38630141959654984,2.575210792707267,544,39.52205882352941,0.3287638879908866,178.84755506704232,1.3693655895842123,2.0690007111941693,215,329,2.459329044117647,0.28096569765114177,1.8995749265430255
tf=1|ema=13|vwap=roll35|trend=0|sides=long|stop_atr=0|target_atr=0.0|exit_cross=True|min_bars=0|max_bars=0|confirm=False|entry=cross|exit=close_vwap|regime=|rs=20|dtrend=0,630,36.19047619047619,1.0597236253914266,667.6258839965988,1.7694076810795052,3.442787353326263,228,402,4.845568783068783,0.7358285392780008,2.5749423530551474,498,35.54216867469879,1.027100617604317,511.49610756694983,1.7349341185496507,3.063918845023944,177,321,4.818607764390896,0.8174518427518377,2.670870725742056
tf=1|ema=13|vwap=roll35|trend=0|sides=long|stop_atr=0|target_atr=0.0|exit_cross=True|min_bars=7|max_bars=0|confirm=False|entry=cross|exit=cross|regime=spy50|rs=0|dtrend=0,905,36.9060773480663,0.8798799836159037,796.2913851723928,1.4916958245023342,3.0709828666477343,334,571,6.704465930018417,0.699503443725335,2.5745918306894633,847,36.00944510035419,0.09961461080187732,84.37357534919009,1.0510965351842343,0.43041225497334645,305,542,6.457005116096025,-0.01418604342456612,-0.0647238923509357
tf=1|ema=13|vwap=roll50|trend=0|sides=long|stop_atr=4.0|target_atr=0.0|exit_cross=True|min_bars=7|max_bars=0|confirm=False|entry=cross|exit=close_vwap|regime=spyvw|rs=20|dtrend=50,218,40.825688073394495,2.1335641960622374,465.1169947415678,2.3874512850168688,2.8554790453554837,89,129,6.916857798165138,1.8526031150333053,2.574110213583441,206,32.03883495145631,-0.2205593469362495,-45.4352254688674,0.8797007052171634,-0.6184864167595697,66,140,5.9785598705501615,-0.19429627996799556,-0.5514687722941816
tf=1|ema=34|vwap=week|trend=0|sides=long|stop_atr=0|target_atr=0.0|exit_cross=True|min_bars=7|max_bars=0|confirm=False|entry=cross|exit=close_vwap|regime=spyvw|rs=0|dtrend=0,744,49.46236559139785,1.0298949992940092,766.2418794747429,1.9924782764408606,4.4203077563723205,368,376,2.9607414874551967,0.5230576826509468,2.572721629755243,572,42.30769230769231,0.24148901625883548,138.13171730005388,1.2314987388813605,1.4392324687704126,242,330,2.421984265734266,0.08521587613372919,0.566186546403404
tf=1|ema=13|vwap=roll50|trend=0|sides=long|stop_atr=0|target_atr=0.0|exit_cross=True|min_bars=7|max_bars=0|confirm=False|entry=cross_or_pb|exit=cross|regime=spy50|rs=20|dtrend=0,440,38.63636363636363,1.4176650833310032,623.7726366656414,1.7468440013015478,3.125910343691269,170,270,8.403693181818182,1.0992342522679712,2.5721912704070022,384,36.458333333333336,0.3932393764431161,151.00392055415657,1.190905971015933,1.025916375720293,140,244,7.474934895833333,0.3125016076740783,0.8505844286114624
tf=1|ema=13|vwap=roll50|trend=0|sides=long|stop_atr=0|target_atr=0.0|exit_cross=True|min_bars=7|max_bars=0|confirm=False|entry=cross|exit=close_vwap|regime=spyvw|rs=20|dtrend=50,218,40.825688073394495,2.105272949944543,458.94950308791033,2.3443211116168405,2.8109828999413624,89,129,6.93960244648318,1.8526475492599552,2.5719381656661833,206,32.03883495145631,-0.1962828316166141,-40.43426331302251,0.8915052120675026,-0.5508090846459036,66,140,5.984830097087379,-0.1581407340681761,-0.45124433068312764
tf=1|ema=13|vwap=roll50|trend=0|sides=long|stop_atr=4.0|target_atr=0.0|exit_cross=True|min_bars=7|max_bars=0|confirm=False|entry=cross_or_pb|exit=cross|regime=spyvw|rs=20|dtrend=50,336,38.69047619047619,1.6751007899285768,562.8338654160018,1.9813176850906733,3.1341339346339185,130,206,8.051463293650793,1.3089444136256583,2.5716549035440206,288,34.02777777777778,-0.18519266218413058,-53.33548670902961,0.9110641565456531,-0.5053023130891269,98,190,6.863570601851852,-0.2409125770501948,-0.699681609118155
tf=1|ema=21|vwap=roll50|trend=0|sides=long|stop_atr=4.0|target_atr=0.0|exit_cross=True|min_bars=0|max_bars=0|confirm=False|entry=cross_or_pb|exit=cross|regime=spy50|rs=0|dtrend=0,707,38.04809052333805,1.2031741532417928,850.6441263419475,1.6342535852243958,3.6002692440380053,269,438,8.720473833097595,0.8129365334379878,2.5714009379904414,680,32.94117647058823,0.1586894793146416,107.90884593395629,1.0784993051620329,0.5943873016795,224,456,7.726838235294117,0.03319575000691719,0.13058629163780738
tf=1|ema=34|vwap=roll35|trend=0|sides=long|stop_atr=0|target_atr=0.0|exit_cross=True|min_bars=0|max_bars=0|confirm=False|entry=cross|exit=cross|regime=spyvw|rs=0|dtrend=0,1157,48.22817631806396,0.45409590040311937,525.3889567664091,1.322853297338693,2.797952713452598,558,599,4.088447133390954,0.36672379007642886,2.57046271231262,901,45.72697003329634,0.44920624460814673,404.7348263919402,1.31815789523974,2.6618410914503645,412,489,4.349334073251942,0.18682615044075843,1.2139765305028105
tf=1|ema=21|vwap=roll50|trend=0|sides=long|stop_atr=0|target_atr=0.0|exit_cross=True|min_bars=0|max_bars=0|confirm=False|entry=cross_or_pb|exit=cross|regime=spy50|rs=0|dtrend=0,693,38.81673881673882,1.1940217760551195,827.4570908061978,1.6004362854534544,3.4380574102963437,269,424,9.118746993746992,0.8408188917631025,2.5698102615326546,662,33.987915407854985,0.18931231371396365,125.32475167864393,1.091489237362369,0.675664069865512,225,437,8.203675730110776,0.0933754029930122,0.35008245967853197
tf=1|ema=13|vwap=roll35|trend=0|sides=long|stop_atr=0|target_atr=0.0|exit_cross=True|min_bars=0|max_bars=0|confirm=False|entry=cross_or_pb|exit=close_vwap|regime=spyvw|rs=0|dtrend=50,752,33.244680851063826,0.7439322171168,559.4370272718336,1.6756563649390357,2.9569941736296106,250,502,3.8714539007092195,0.6107409974326428,2.5690693627470256,571,30.64798598949212,0.11845670617617252,67.63877922659451,1.0955651199990213,0.5760862962293918,175,396,3.848292469352014,-0.0019106897816299397,-0.010047343806049578
tf=1|ema=13|vwap=week|trend=0|sides=long|stop_atr=0|target_atr=0.0|exit_cross=True|min_bars=7|max_bars=0|confirm=False|entry=cross|exit=cross|regime=spy50|rs=0|dtrend=50,1125,48.0,0.5888461706708571,662.4519420047142,1.4312571494447335,3.4779646495378094,540,585,3.975407407407408,0.4064021750981508,2.566947835399296,969,44.99484004127967,0.11642798708251753,112.81871948295947,1.0745316498728508,0.7451843200422512,436,533,3.739465084279326,0.0732522175564664,0.49886963459769734
tf=1|ema=21|vwap=week|trend=0|sides=long|stop_atr=4.0|target_atr=0.0|exit_cross=True|min_bars=0|max_bars=0|confirm=False|entry=cross_or_pb|exit=cross|regime=spy50|rs=20|dtrend=50,818,52.81173594132029,0.560480431939901,458.47299332683906,1.4666388707182239,3.4419168174459487,432,386,3.2804604726976367,0.38827248214494386,2.5631280993479453,677,50.22156573116691,0.3217807673309846,217.84557948307656,1.222781892199242,1.758082549520909,340,337,3.253815854258986,0.24692461166504037,1.4341978617365059
tf=1|ema=13|vwap=roll35|trend=0|sides=long|stop_atr=4.0|target_atr=0.0|exit_cross=True|min_bars=0|max_bars=0|confirm=False|entry=cross_or_pb|exit=cross|regime=|rs=20|dtrend=50,625,39.68,1.1434091650164129,714.6307281352581,1.707551103252271,3.444125749459128,248,377,6.357666666666667,0.7955819101002225,2.560660601990157,496,36.29032258064516,0.41854969555265464,207.60064899411668,1.2285049145380587,1.3325999206690777,180,316,6.02982190860215,0.2276139743671411,0.7681646039776044
tf=1|ema=21|vwap=week|trend=0|sides=long|stop_atr=0|target_atr=0.0|exit_cross=True|min_bars=7|max_bars=0|confirm=False|entry=cross_or_pb|exit=cross|regime=spy50|rs=0|dtrend=0,1356,52.50737463126843,0.5116037269888655,693.7346537969016,1.37644059940383,3.6663729204775697,712,644,4.14617133726647,0.3332878981560027,2.5587810405717297,1350,50.0,0.2048469812682118,276.54342471208594,1.1214931710287888,1.4057959141378296,675,675,3.9633024691358028,0.14364293495723252,1.041824287778426
tf=1|ema=21|vwap=roll35|trend=0|sides=long|stop_atr=4.0|target_atr=0.0|exit_cross=True|min_bars=7|max_bars=0|confirm=False|entry=cross_or_pb|exit=close_vwap|regime=spy50|rs=20|dtrend=0,618,37.2168284789644,0.9363847444027679,578.6857720409106,1.6537934667994598,3.0479455830249216,230,388,4.868055555555555,0.7381036083665014,2.558352438316723,509,39.29273084479372,0.8319955228847934,423.48572114835986,1.5685151170329275,2.677058922147691,200,309,4.9364767518009165,0.6673799735864941,2.2988005241845255
tf=1|ema=13|vwap=roll35|trend=0|sides=long|stop_atr=4.0|target_atr=0.0|exit_cross=True|min_bars=0|max_bars=0|confirm=False|entry=cross_or_pb|exit=cross|regime=|rs=20|dtrend=0,743,39.703903095558545,1.0613634529967304,788.5930455765708,1.6243918666063737,3.538381978383905,295,448,6.520749214894572,0.7098363881281186,2.5571338555008123,580,35.689655172413794,0.5515296118676902,319.88717488326034,1.2989516922711728,1.7967942284656857,207,373,6.058117816091954,0.3112173546287867,1.1032150473133502
tf=1|ema=34|vwap=roll50|trend=0|sides=long|stop_atr=4.0|target_atr=0.0|exit_cross=True|min_bars=0|max_bars=0|confirm=False|entry=cross_or_pb|exit=close_vwap|regime=spyvw|rs=0|dtrend=0,941,33.58129649309245,0.8122368947322745,764.3149179430702,1.6648544956800537,3.5880771713854522,316,625,5.014434998228835,0.5406790524251379,2.5549767921074666,723,29.46058091286307,0.21485718364984913,155.3417437788409,1.1661319300923556,0.9486138626889136,213,510,4.65669663439373,0.017127148573995242,0.08566079664256769
tf=1|ema=34|vwap=roll50|trend=0|sides=long|stop_atr=0|target_atr=0.0|exit_cross=True|min_bars=7|max_bars=0|confirm=False|entry=cross_or_pb|exit=cross|regime=spyvw|rs=0|dtrend=50,468,44.87179487179487,1.296072656971924,606.5620034628605,1.8185050024899096,3.461008979917723,210,258,8.613782051282051,0.9119248359455221,2.554669551505422,397,37.531486146095716,0.2670893206002951,106.03446027831718,1.1282102602305055,0.6014548129722245,149,248,7.622376154492024,0.18089511268518976,0.43789320643559904
tf=1|ema=21|vwap=week|trend=0|sides=long|stop_atr=0|target_atr=0.0|exit_cross=True|min_bars=0|max_bars=0|confirm=False|entry=cross_or_pb|exit=cross|regime=|rs=0|dtrend=50,1212,54.20792079207921,0.5382315978823041,652.3366966333526,1.4815586618605874,4.1888943658153135,657,555,3.7079895489548953,0.30278855539795496,2.553864601706366,954,50.104821802935014,0.17249449644581527,164.55974960930777,1.1165013406996394,1.0950716725785539,478,476,3.6697676450034944,0.11029550667530524,0.7402831146458295
tf=1|ema=34|vwap=week|trend=0|sides=long|stop_atr=4.0|target_atr=0.0|exit_cross=True|min_bars=7|max_bars=0|confirm=False|entry=cross_or_pb|exit=cross|regime=|rs=20|dtrend=50,590,57.45762711864407,0.7535828010364634,444.6138526115134,1.5802312662766411,3.6333340793031303,339,251,3.736581920903955,0.48439420971082175,2.553116777928728,440,54.54545454545455,0.3789385158286422,166.73294696460258,1.2394289966697276,1.5591896605628597,240,200,3.5480113636363635,0.2664031332669033,1.1768563216432226
tf=1|ema=13|vwap=week|trend=0|sides=long|stop_atr=0|target_atr=0.0|exit_cross=True|min_bars=0|max_bars=0|confirm=False|entry=cross|exit=cross|regime=|rs=20|dtrend=0,1236,48.13915857605178,0.637556328184175,788.0196216356403,1.4716682461793502,4.261337741624702,595,641,3.626988942826322,0.3446691785503536,2.552507494461788,936,44.76495726495727,0.255993232392132,239.6096655190356,1.1722643316404786,1.6363281741457028,419,517,3.2529825498575495,0.18001063064624478,1.2311247060353052
tf=1|ema=21|vwap=week|trend=0|sides=long|stop_atr=0|target_atr=0.0|exit_cross=True|min_bars=0|max_bars=0|confirm=False|entry=cross|exit=cross|regime=spy50|rs=0|dtrend=0,1444,52.21606648199446,0.4464848433972989,644.7241138656996,1.3614597980905572,3.506429565249728,754,690,3.6326465835641737,0.3036228701418716,2.551759407626158,1418,49.012693935119884,0.061710883391353645,87.50603264893947,1.039285425300447,0.4700703552206677,695,723,3.5798660084626235,0.01077745981883969,0.08675916449547327
tf=1|ema=34|vwap=roll50|trend=0|sides=long|stop_atr=4.0|target_atr=0.0|exit_cross=True|min_bars=0|max_bars=0|confirm=False|entry=cross|exit=close_vwap|regime=spyvw|rs=0|dtrend=0,658,36.93009118541033,1.042355410933913,685.8698603945148,1.7320298550451572,3.4194339913682423,243,415,6.032801418439716,0.7329405756468975,2.5510860814032403,534,32.95880149812734,0.3288229415395776,175.59145078213442,1.2345747553566853,1.1505716292470247,176,358,5.427200374531835,0.11366814423312882,0.44909501491383436
tf=1|ema=13|vwap=roll35|trend=0|sides=long|stop_atr=4.0|target_atr=0.0|exit_cross=True|min_bars=0|max_bars=0|confirm=False|entry=cross_or_pb|exit=close_vwap|regime=spy50|rs=0|dtrend=50,892,33.18385650224215,0.6956464322695081,620.5166175844012,1.6067545184889718,3.073150263610857,296,596,4.0404054559043345,0.5429215868171043,2.5499029677120437,706,30.878186968838527,0.3363201054192576,237.44199442599586,1.2609686839062602,1.5031769846272645,218,488,4.001239376770538,0.2430977695793739,1.1607779074642082
tf=1|ema=21|vwap=week|trend=0|sides=long|stop_atr=4.0|target_atr=0.0|exit_cross=True|min_bars=0|max_bars=0|confirm=False|entry=cross|exit=cross|regime=|rs=20|dtrend=0,1061,53.72290292177191,0.6673234841650421,708.0302166991096,1.5350906835418747,4.439912744419871,570,491,3.423146402764687,0.33871739485182284,2.5474671065043055,787,51.33418043202033,0.39002405619045666,306.94893222188944,1.273616317010895,2.341310821594886,404,383,3.2537060567556124,0.24963878777871742,1.5928345232645862
tf=1|ema=34|vwap=roll50|trend=0|sides=long|stop_atr=0|target_atr=0.0|exit_cross=True|min_bars=7|max_bars=0|confirm=False|entry=cross|exit=cross|regime=spyvw|rs=0|dtrend=50,362,46.408839779005525,1.5281320180556326,553.183790536139,1.8764122568293347,3.289700299562179,168,194,9.928522099447514,1.1283550261789506,2.5452560088372627,322,36.64596273291925,0.2239256053606567,72.10404492613145,1.098599695491633,0.44095653002872015,118,204,8.29593685300207,0.14718471522743673,0.3115262639479896
tf=1|ema=21|vwap=roll35|trend=0|sides=long|stop_atr=4.0|target_atr=0.0|exit_cross=True|min_bars=0|max_bars=0|confirm=False|entry=cross|exit=close_vwap|regime=spy50|rs=20|dtrend=0,498,35.54216867469879,1.075179527557136,535.4394047234538,1.7829998915265095,3.0501200935225863,177,321,4.749581659973226,0.8450483502380963,2.5439407089421913,423,37.35224586288416,1.0936256398194006,462.6036456436065,1.8146713415655702,3.099796511801159,158,265,4.846729708431836,0.924220323913142,2.79294819813255
tf=1|ema=21|vwap=roll35|trend=0|sides=long|stop_atr=4.0|target_atr=0.0|exit_cross=True|min_bars=0|max_bars=0|confirm=False|entry=cross|exit=close_vwap|regime=spy50|rs=20|dtrend=50,473,36.575052854122625,1.1247138793585556,531.9896649365968,1.833959980304833,3.08605374453847,173,300,4.83870683579986,0.8743610971906268,2.543598393075372,389,37.01799485861183,1.1224987859009443,436.6520277154673,1.8104979297003012,2.967197034482559,144,245,4.910668380462725,0.9817632505277343,2.760281186522316
tf=1|ema=13|vwap=roll35|trend=0|sides=long|stop_atr=4.0|target_atr=0.0|exit_cross=True|min_bars=0|max_bars=0|confirm=False|entry=cross_or_pb|exit=cross|regime=spy50|rs=0|dtrend=50,785,37.32484076433121,0.8419717863430178,660.9478522792689,1.549123968246115,3.081471075017339,293,492,6.186305732484076,0.6529595039374614,2.5432910016759056,620,34.67741935483871,0.09603526363413768,59.54186345316537,1.0544006563175161,0.37534094363433207,215,405,5.904905913978495,-0.012611447230738702,-0.052123200295589964
tf=1|ema=13|vwap=roll35|trend=0|sides=long|stop_atr=0|target_atr=0.0|exit_cross=True|min_bars=7|max_bars=0|confirm=False|entry=cross_or_pb|exit=close_vwap|regime=spy50|rs=20|dtrend=0,626,38.498402555910545,0.9681960571690089,606.0907317877997,1.6690795323523908,3.0227355006158785,241,385,4.7958599574014915,0.7693162767840148,2.5410575962047632,519,38.15028901734104,0.7136623714381124,370.39077077638035,1.4736285466374281,2.3151706105060468,198,321,4.8674534360950545,0.5734966723589109,1.9942801755315627
tf=1|ema=13|vwap=roll50|trend=0|sides=long|stop_atr=4.0|target_atr=0.0|exit_cross=True|min_bars=7|max_bars=0|confirm=False|entry=cross|exit=close_vwap|regime=|rs=20|dtrend=0,429,37.76223776223776,1.5624622313211252,670.2962972367627,1.9106086710948025,3.418323137053179,162,267,7.139277389277389,1.069003827858924,2.5368253222426227,366,35.24590163934426,0.8463297237042638,309.75667887576054,1.4751049615016634,1.8213224434202295,129,237,6.5615892531876145,0.6590679378149064,1.5510798629870173
tf=1|ema=13|vwap=roll50|trend=0|sides=long|stop_atr=0|target_atr=0.0|exit_cross=True|min_bars=0|max_bars=0|confirm=False|entry=cross|exit=cross|regime=spyvw|rs=0|dtrend=50,372,39.516129032258064,1.4283010055828653,531.3279740768259,1.8284231033013887,2.9724822536232853,147,225,9.215837813620071,1.159830876267674,2.5349760615384063,315,33.333333333333336,-0.38602084801633174,-121.5965671251445,0.8152331169446195,-1.1976710028090098,105,210,7.7855820105820115,-0.4280067168833503,-1.4162163282152869
tf=1|ema=13|vwap=roll35|trend=0|sides=long|stop_atr=4.0|target_atr=0.0|exit_cross=True|min_bars=0|max_bars=0|confirm=False|entry=cross|exit=close_vwap|regime=|rs=20|dtrend=50,523,37.2848948374761,1.1453059958013918,598.9950358041278,1.867354759623272,3.2875528559877516,195,328,4.750478011472276,0.8289684119685374,2.534883218409792,423,36.170212765957444,0.8712761902922507,368.5498284936221,1.6058176968474045,2.463046372255487,153,270,4.70705279747833,0.7319149681633567,2.2081621641906266
tf=1|ema=13|vwap=roll50|trend=0|sides=long|stop_atr=4.0|target_atr=0.0|exit_cross=True|min_bars=0|max_bars=0|confirm=False|entry=cross|exit=close_vwap|regime=|rs=20|dtrend=0,443,35.214446952595935,1.4315120764388674,634.1598498624184,1.882796671085624,3.26901980675697,156,287,6.364465763732129,1.022141491403851,2.5347586116739076,369,32.79132791327913,0.7313736185106738,269.8768652304386,1.4433655076083574,1.63852647652415,121,248,5.936991869918699,0.6054336706220004,1.4773706372293676
tf=1|ema=13|vwap=roll35|trend=0|sides=long|stop_atr=4.0|target_atr=0.0|exit_cross=True|min_bars=7|max_bars=0|confirm=False|entry=cross_or_pb|exit=close_vwap|regime=spyvw|rs=0|dtrend=50,704,37.35795454545455,0.8062941246378013,567.631063745012,1.6232907069458298,2.9411199091257174,263,441,4.679983428030304,0.6551253205185312,2.532044515652764,532,36.46616541353384,0.09420071564753549,50.11478072448888,1.0656866903815296,0.40989085072322445,194,338,4.670347744360902,-0.05419208591618274,-0.25478181243019815
tf=1|ema=13|vwap=roll35|trend=0|sides=long|stop_atr=4.0|target_atr=0.0|exit_cross=True|min_bars=0|max_bars=0|confirm=False|entry=cross_or_pb|exit=close_vwap|regime=spyvw|rs=0|dtrend=50,754,33.15649867374005,0.7372983319622295,555.922942299521,1.6685747454140691,2.9409761385654036,250,504,3.853171971706454,0.5996966227745778,2.529398653983343,572,30.594405594405593,0.1085628305669727,62.097939084308386,1.0870550952053457,0.5288097423723801,175,397,3.839087995337995,-0.017754985631626096,-0.09333733939775997
tf=1|ema=21|vwap=roll35|trend=0|sides=long|stop_atr=4.0|target_atr=0.0|exit_cross=True|min_bars=0|max_bars=0|confirm=False|entry=cross|exit=close_vwap|regime=spyvw|rs=20|dtrend=0,439,36.674259681093396,1.1680859311919798,512.7897237932791,1.813516609684109,2.97438130739034,161,278,4.876993166287016,0.9132264604076542,2.525999277103567,322,35.714285714285715,0.9469870139764559,304.92981850041883,1.6928159240016905,2.451852897435848,115,207,5.059265010351967,0.69650202547642,2.016828034477272
tf=1|ema=21|vwap=roll50|trend=0|sides=long|stop_atr=0|target_atr=0.0|exit_cross=True|min_bars=7|max_bars=0|confirm=False|entry=cross_or_pb|exit=cross|regime=spyvw|rs=20|dtrend=0,384,38.541666666666664,1.6929529183050245,650.0939206291295,1.888088251125964,3.3078757461150845,148,236,9.103515625,1.1984819564925433,2.524303114119881,313,36.10223642172524,0.38057008540862003,119.11843673289806,1.1899302791797464,0.7954127995381728,113,200,7.916400425985089,0.1473394597309142,0.3484637698520645
tf=1|ema=13|vwap=week|trend=0|sides=long|stop_atr=4.0|target_atr=0.0|exit_cross=True|min_bars=7|max_bars=0|confirm=False|entry=cross|exit=cross|regime=|rs=20|dtrend=0,1152,48.35069444444444,0.6981884739937125,804.3131220407569,1.4755273419046033,4.2199696663623065,557,595,3.810763888888889,0.3769796622460248,2.5233710372860347,860,46.395348837209305,0.2895150769003276,248.98296613428172,1.177847861140377,1.6876532796170214,399,461,3.5171511627906975,0.1674899588040224,1.0506084415198111
tf=1|ema=21|vwap=roll35|trend=0|sides=long|stop_atr=4.0|target_atr=0.0|exit_cross=True|min_bars=7|max_bars=0|confirm=False|entry=cross|exit=close_vwap|regime=spy50|rs=0|dtrend=0,893,34.60246360582307,0.77988938758321,696.4412231118066,1.527157027662143,2.9538562582248686,309,584,4.881905561776782,0.6330332540663652,2.5229673343832673,837,37.634408602150536,0.5042579985188375,422.06394476026696,1.3451212012544478,2.3337444694463456,315,522,4.9963162086818,0.36051164909671574,1.772184934235348
tf=1|ema=13|vwap=week|trend=0|sides=long|stop_atr=0|target_atr=0.0|exit_cross=True|min_bars=7|max_bars=0|confirm=False|entry=cross|exit=cross|regime=spy50|rs=20|dtrend=0,856,48.01401869158879,0.648461808416111,555.0833080041909,1.4328768800065894,3.2154079611808797,411,445,4.0247274143302185,0.47439050551585743,2.5225495783179483,742,46.63072776280323,0.3198793642187966,237.35048825034707,1.1978907428280094,1.6764128525698616,346,396,3.7432614555256065,0.2634891334688751,1.464115372796335
tf=1|ema=34|vwap=roll50|trend=0|sides=long|stop_atr=0|target_atr=0.0|exit_cross=True|min_bars=0|max_bars=0|confirm=False|entry=cross_or_pb|exit=close_vwap|regime=spyvw|rs=0|dtrend=0,936,33.65384615384615,0.800803885885985,749.552437189282,1.6441665153762763,3.506346633948038,315,621,5.053285256410256,0.5374589290053831,2.5190932235761605,722,29.501385041551245,0.2114730038650261,152.68350879054884,1.162973464869465,0.9286807652937399,213,509,4.665743305632502,0.02233274146210611,0.11117513330948238
tf=1|ema=13|vwap=roll35|trend=0|sides=long|stop_atr=4.0|target_atr=0.0|exit_cross=True|min_bars=0|max_bars=0|confirm=False|entry=cross_or_pb|exit=cross|regime=spy50|rs=0|dtrend=0,1016,35.72834645669291,0.8036655085134988,816.5241566497148,1.4867661099513938,3.15571112742194,363,653,6.091248359580052,0.607977941106005,2.516800299655876,917,34.89640130861505,0.14943323009105466,137.03027199349714,1.0827177809967083,0.7024778432712887,320,597,5.993502362777171,0.012574341269632156,0.06244758111587639
tf=1|ema=21|vwap=roll50|trend=0|sides=long|stop_atr=0|target_atr=0.0|exit_cross=True|min_bars=7|max_bars=0|confirm=False|entry=cross|exit=cross|regime=spyvw|rs=0|dtrend=50,338,39.94082840236686,1.585306908835369,535.8337351863547,1.8176621202704109,2.899219767279702,135,203,10.76923076923077,1.30303599640292,2.51425643394423,297,34.00673400673401,0.038666620058979126,11.483986157516801,1.0177993931746891,0.0778815906173549,101,196,8.55794051627385,-0.012871236831966244,-0.02837946233887166
tf=1|ema=13|vwap=roll35|trend=0|sides=long|stop_atr=0|target_atr=0.0|exit_cross=True|min_bars=0|max_bars=0|confirm=False|entry=cross_or_pb|exit=cross|regime=spy50|rs=0|dtrend=50,781,37.516005121638926,0.824348000494312,643.8157883860576,1.527383890359181,2.988681349605764,293,488,6.266485275288092,0.651008913182336,2.5140082600160754,616,35.064935064935064,0.08265200334047713,50.913634057733915,1.0459926345495938,0.31748845988113644,216,400,5.990259740259741,-0.00985328642757365,-0.04007982477496058
tf=1|ema=13|vwap=roll35|trend=0|sides=long|stop_atr=4.0|target_atr=0.0|exit_cross=True|min_bars=0|max_bars=0|confirm=False|entry=cross|exit=close_vwap|regime=|rs=20|dtrend=0,630,36.19047619047619,1.0504297399770428,661.7707361855369,1.757548124801035,3.4061935923496787,228,402,4.833531746031746,0.7200903962174554,2.513722709216649,498,35.54216867469879,1.0094777180263201,502.71990357710746,1.713329152404935,3.005250822584316,177,321,4.788152610441767,0.7962512431806937,2.5944633288348036
tf=1|ema=21|vwap=roll35|trend=0|sides=long|stop_atr=0|target_atr=0.0|exit_cross=True|min_bars=7|max_bars=0|confirm=False|entry=cross_or_pb|exit=cross|regime=|rs=0|dtrend=0,1398,40.05722460658083,0.8081528936233632,1129.7977452854618,1.4192180246407682,3.790160131274766,560,838,6.790146638054363,0.4854672252776341,2.5129676387406454,1046,39.48374760994264,0.2624580985704596,274.5311711047008,1.1328382306447649,1.230441554080142,413,633,6.415830146590185,0.027581067717956077,0.14135749378552184
tf=1|ema=13|vwap=roll35|trend=0|sides=long|stop_atr=0|target_atr=0.0|exit_cross=True|min_bars=7|max_bars=0|confirm=False|entry=cross_or_pb|exit=cross|regime=spy50|rs=0|dtrend=50,756,38.75661375661376,0.8489625296452044,641.8156724117746,1.5215435881843633,2.9652961792598673,293,463,6.579530423280423,0.6738318571709476,2.5099144251923864,598,36.62207357859532,0.0633690352831848,37.89468309934452,1.0340091141615915,0.2356481649384957,219,379,6.258779264214047,-0.034084744014399586,-0.13433162858703082
tf=1|ema=34|vwap=roll50|trend=0|sides=long|stop_atr=0|target_atr=0.0|exit_cross=True|min_bars=0|max_bars=0|confirm=False|entry=cross|exit=close_vwap|regime=spyvw|rs=0|dtrend=0,658,36.93009118541033,1.0202384961434472,671.3169304623882,1.7055388082924037,3.3352413734419004,243,415,6.0574341438703145,0.7228019570987192,2.5092405289511466,534,33.146067415730336,0.31829625906476466,169.97020234058434,1.2249764421885256,1.1076991395321734,177,357,5.465823970037453,0.10851263961672339,0.4266959890044024
tf=1|ema=13|vwap=roll35|trend=0|sides=long|stop_atr=0|target_atr=0.0|exit_cross=True|min_bars=0|max_bars=0|confirm=False|entry=cross_or_pb|exit=cross|regime=spy50|rs=20|dtrend=50,562,39.50177935943061,1.0941872816476435,614.9332522859756,1.6805680312849436,3.0904586698250753,222,340,6.298339264531435,0.8387529205041525,2.5065338318274906,451,37.250554323725055,0.4849214477868324,218.6995729518614,1.2703690829426506,1.4420717257018818,168,283,6.128048780487805,0.35481288960076457,1.1145075368951325
tf=1|ema=13|vwap=roll35|trend=0|sides=long|stop_atr=4.0|target_atr=0.0|exit_cross=True|min_bars=0|max_bars=0|confirm=False|entry=cross_or_pb|exit=cross|regime=spy50|rs=20|dtrend=50,566,39.2226148409894,1.0977988873077882,621.3541702162081,1.6925960475928503,3.133839798742435,222,344,6.196333922261484,0.8302892617556935,2.506437740092032,453,36.86534216335541,0.45826120253567554,207.59232474866104,1.2543589922379883,1.3716086571180994,167,286,6.052612214863871,0.31135108039667253,0.9826841985578435
tf=1|ema=34|vwap=roll50|trend=0|sides=long|stop_atr=0|target_atr=0.0|exit_cross=True|min_bars=0|max_bars=0|confirm=False|entry=cross_or_pb|exit=cross|regime=spyvw|rs=0|dtrend=50,491,44.19551934826884,1.2249457807179558,601.4483783325163,1.8108820830037067,3.4632704854898138,217,274,8.090801086218601,0.8445060884630439,2.5044168316493027,411,36.73965936739659,0.08560184820206328,35.18235961104801,1.0417660317894821,0.21426405342101998,151,260,7.181772100567722,0.007586622405892713,0.020579591800864577
tf=1|ema=34|vwap=week|trend=0|sides=long|stop_atr=4.0|target_atr=0.0|exit_cross=True|min_bars=0|max_bars=0|confirm=False|entry=cross|exit=cross|regime=|rs=20|dtrend=50,610,56.39344262295082,0.6418572939744339,391.53294932440474,1.5712071621370045,3.5251416885478726,344,266,3.2550546448087436,0.4158020962023942,2.5037616728357337,435,54.02298850574713,0.26220536476101997,114.05933367104369,1.1830234936346113,1.1633187139670889,235,200,3.1845785440613024,0.207066369227192,0.9868091584766238
tf=1|ema=13|vwap=roll50|trend=0|sides=long|stop_atr=0|target_atr=0.0|exit_cross=True|min_bars=7|max_bars=0|confirm=False|entry=cross|exit=close_vwap|regime=|rs=20|dtrend=0,429,37.76223776223776,1.5185415507807154,651.4543252849269,1.862923179885324,3.3086773510668688,162,267,7.159673659673659,1.0575816559211249,2.5034760130217952,366,35.51912568306011,0.9474473255191032,346.76572113999174,1.5458671542490952,2.0321120099337397,130,236,6.70594262295082,0.7334621141110093,1.7331429065538775
tf=1|ema=13|vwap=roll50|trend=0|sides=long|stop_atr=4.0|target_atr=0.0|exit_cross=True|min_bars=0|max_bars=0|confirm=False|entry=cross|exit=cross|regime=spyvw|rs=0|dtrend=50,372,39.24731182795699,1.4397028570551915,535.5694628245312,1.8426265922976586,3.0041797159305914,146,226,9.02116935483871,1.1428322249870595,2.5022705321536556,315,32.698412698412696,-0.41201486160609396,-129.7846814059196,0.8036822744961815,-1.2884080043512165,103,212,7.633597883597883,-0.49676771023879895,-1.64990531260657
tf=1|ema=13|vwap=roll35|trend=0|sides=long|stop_atr=4.0|target_atr=0.0|exit_cross=True|min_bars=7|max_bars=0|confirm=False|entry=cross|exit=cross|regime=spy50|rs=0|dtrend=0,905,36.9060773480663,0.8761354496691252,792.9025819505582,1.4885809302639932,3.0722847928196306,334,571,6.622237569060774,0.6769435226912563,2.501895916292048,847,35.8913813459268,0.11380774895732501,96.39516336685429,1.058943736442588,0.4960720285195255,304,543,6.363685556867375,-0.02761498141243223,-0.12675746550831718
tf=1|ema=21|vwap=roll35|trend=0|sides=long|stop_atr=0|target_atr=0.0|exit_cross=True|min_bars=0|max_bars=0|confirm=False|entry=cross_or_pb|exit=cross|regime=|rs=0|dtrend=0,1445,39.72318339100346,0.8029431549658118,1160.252858925598,1.441220413176155,4.021107169835798,574,871,6.442531718569781,0.4520005228541738,2.5016170664313995,1100,37.54545454545455,0.21500673209266216,236.50740530192834,1.113681603516982,1.0956035615879731,413,687,6.011515151515152,0.002228960983758072,0.012465326387912942
tf=1|ema=21|vwap=roll35|trend=0|sides=long|stop_atr=0|target_atr=0.0|exit_cross=True|min_bars=7|max_bars=0|confirm=False|entry=cross|exit=cross|regime=|rs=0|dtrend=0,1381,39.68139029688631,0.8037270497488213,1109.947055703122,1.4125362174499552,3.726409184002197,548,833,6.793718320057929,0.48855920870554015,2.500603320178297,1046,39.48374760994264,0.2624580985704596,274.5311711047008,1.1328382306447649,1.230441554080142,413,633,6.415830146590185,0.027581067717956077,0.14135749378552184
tf=1|ema=34|vwap=roll35|trend=0|sides=long|stop_atr=4.0|target_atr=0.0|exit_cross=True|min_bars=7|max_bars=0|confirm=False|entry=cross|exit=cross|regime=|rs=0|dtrend=0,1701,45.91416813639036,0.5905089489418331,1004.4557221500583,1.3710779147740009,4.072377943549307,781,920,4.459484616892024,0.3203620102054234,2.5000171448273907,1309,43.31550802139037,0.3212223751119614,420.4800890215575,1.1882571176273438,2.105173164239133,567,742,4.642697988286223,0.0808697187536128,0.5801239933131772
tf=1|ema=21|vwap=roll35|trend=0|sides=long|stop_atr=0|target_atr=0.0|exit_cross=True|min_bars=7|max_bars=0|confirm=False|entry=cross_or_pb|exit=close_vwap|regime=spyvw|rs=0|dtrend=50,704,37.35795454545455,0.8028767094545187,565.2252034559812,1.6106135619961315,2.9709673668525802,263,441,4.831557765151515,0.6319678976777657,2.4993763454511315,526,36.69201520912547,0.12691381044257954,66.75666429279684,1.0885555716273418,0.5461810781407134,193,333,4.764020912547529,0.010661770896254585,0.049399279445517336
tf=1|ema=13|vwap=roll35|trend=0|sides=long|stop_atr=0|target_atr=0.0|exit_cross=True|min_bars=7|max_bars=0|confirm=False|entry=cross_or_pb|exit=close_vwap|regime=spyvw|rs=20|dtrend=50,495,38.78787878787879,1.064828901877034,527.0903064291317,1.7447217243473188,2.8296972810112093,192,303,4.630050505050505,0.8904054245497575,2.499074993615496,380,39.21052631578947,0.4116202274046431,156.41568641376435,1.2877259167566304,1.3628450263159262,149,231,4.8360745614035086,0.23509913818613518,0.8418339634710567
tf=1|ema=13|vwap=roll35|trend=0|sides=long|stop_atr=0|target_atr=0.0|exit_cross=True|min_bars=0|max_bars=0|confirm=False|entry=cross|exit=cross|regime=spy50|rs=20|dtrend=50,475,40.0,1.1996278130522477,569.8232111998177,1.7180395724079265,2.9667702531406093,190,285,6.702192982456141,0.9574625747707233,2.497499410971016,386,38.082901554404145,0.5648433194986772,218.02952132648937,1.3002193193015292,1.4749917805296016,147,239,6.511118307426599,0.4465818358228397,1.2319643343261162
tf=1|ema=13|vwap=roll35|trend=0|sides=long|stop_atr=0|target_atr=0.0|exit_cross=True|min_bars=7|max_bars=0|confirm=False|entry=cross_or_pb|exit=cross|regime=spy50|rs=0|dtrend=0,978,36.809815950920246,0.8214051355431028,803.3342225611547,1.4728071667396874,3.0711212903063685,360,618,6.4951857532379,0.6325152674368835,2.4971036415953916,881,36.322360953461974,0.12685879493280836,111.76259833580416,1.0661810611212905,0.5606979452085145,320,561,6.3723987892546345,-0.001323793187784129,-0.006197678671736783
tf=1|ema=34|vwap=week|trend=0|sides=long|stop_atr=4.0|target_atr=0.0|exit_cross=True|min_bars=7|max_bars=0|confirm=False|entry=cross|exit=cross|regime=|rs=20|dtrend=50,568,57.21830985915493,0.7252192085729917,411.9245104694593,1.5632824855963983,3.514390324038575,325,243,3.6815580985915495,0.46965842716297135,2.496134010119538,412,54.36893203883495,0.32809150389206926,135.17369960353253,1.208179769028021,1.3257299530655948,224,188,3.5286205501618118,0.22738460053968887,0.9854141840826338
tf=1|ema=34|vwap=roll50|trend=0|sides=long|stop_atr=4.0|target_atr=0.0|exit_cross=True|min_bars=7|max_bars=0|confirm=False|entry=cross_or_pb|exit=cross|regime=|rs=20|dtrend=0,551,45.190562613430124,1.466535031583497,808.060802402507,1.7798103978172053,4.060108349018622,249,302,8.519585601935873,0.8313449899572648,2.4949380278303788,443,36.3431151241535,0.49420629877888983,218.9333903590482,1.2256784965910488,1.2079710657392662,161,282,7.444789315274642,0.23424034644831584,0.6228208099756768
tf=1|ema=21|vwap=roll35|trend=0|sides=long|stop_atr=0|target_atr=0.0|exit_cross=True|min_bars=0|max_bars=0|confirm=False|entry=cross|exit=cross|regime=|rs=0|dtrend=0,1428,39.49579831932773,0.8001039402760562,1142.5484267142083,1.4353622262623675,3.9630471367125306,564,864,6.443627450980392,0.4555811691759263,2.4943459781245743,1100,37.54545454545455,0.21500673209266216,236.50740530192834,1.113681603516982,1.0956035615879731,413,687,6.011515151515152,0.002228960983758072,0.012465326387912942
tf=1|ema=13|vwap=roll35|trend=0|sides=long|stop_atr=0|target_atr=0.0|exit_cross=True|min_bars=7|max_bars=0|confirm=False|entry=cross|exit=close_vwap|regime=spy50|rs=0|dtrend=50,665,36.2406015037594,0.8397098629192279,558.4070588412866,1.6036696633385001,2.8803803693126877,241,424,5.119799498746867,0.6823854735146512,2.493798240844985,535,37.38317757009346,0.5765606321844561,308.45993821868404,1.3862713163925258,1.9708580414951906,200,335,5.14423676012461,0.4524020609403174,1.660029492930417
tf=1|ema=13|vwap=roll50|trend=0|sides=long|stop_atr=0|target_atr=0.0|exit_cross=True|min_bars=0|max_bars=0|confirm=False|entry=cross|exit=close_vwap|regime=|rs=20|dtrend=0,443,35.214446952595935,1.403972124887756,621.9596513252759,1.8513540798286454,3.1978544465150094,156,287,6.367193378480061,1.0080426480765194,2.493249135922648,369,33.06233062330623,0.8200293708285242,302.59083783572544,1.5074668416647674,1.8276702410262071,122,247,6.070009033423667,0.6663804098819743,1.630141908739266
tf=1|ema=13|vwap=roll35|trend=0|sides=long|stop_atr=4.0|target_atr=0.0|exit_cross=True|min_bars=0|max_bars=0|confirm=False|entry=cross|exit=cross|regime=spy50|rs=20|dtrend=50,475,40.0,1.2117268370486578,575.5702475981125,1.7305721935944407,3.002163347738952,190,285,6.622894736842105,0.9538800647900336,2.49148335125815,386,37.82383419689119,0.5389515315515888,208.03529117891327,1.2840585794777828,1.4093771337335663,146,240,6.448078583765112,0.40080872865035877,1.1053655662684414
tf=1|ema=13|vwap=week|trend=0|sides=long|stop_atr=0|target_atr=0.0|exit_cross=True|min_bars=7|max_bars=0|confirm=False|entry=cross|exit=cross|regime=|rs=20|dtrend=50,934,49.78586723768736,0.6903020909878526,644.7421529826543,1.4756228320060423,3.6791882847699866,465,469,4.032342969307638,0.43361000135557154,2.4907498393347924,741,46.82860998650472,0.33927533444693,251.40302282517513,1.2088024692272161,1.7804589086211497,347,394,3.775472334682861,0.2740647654974179,1.5300177459542306
tf=1|ema=34|vwap=roll35|trend=0|sides=long|stop_atr=0|target_atr=0.0|exit_cross=True|min_bars=7|max_bars=0|confirm=False|entry=cross|exit=cross|regime=spyvw|rs=0|dtrend=0,1022,48.14090019569472,0.5110171737279942,522.25955155001,1.3204388483160325,2.7473957265283846,492,530,4.913568166992825,0.41059274877944407,2.490505591722947,788,46.7005076142132,0.49665985941465507,391.3679692187482,1.300231949024223,2.4450750192452633,368,420,5.2409052453468705,0.18130301623718353,0.9721766504556751
tf=1|ema=34|vwap=roll50|trend=0|sides=long|stop_atr=0|target_atr=0.0|exit_cross=True|min_bars=7|max_bars=0|confirm=False|entry=cross_or_pb|exit=cross|regime=|rs=20|dtrend=0,542,47.23247232472325,1.5160270311434472,821.6866508797484,1.768185478806409,3.950739784270093,256,286,9.105704182041821,0.882638399616961,2.489866901764335,434,37.55760368663594,0.5604034744394655,243.215107906728,1.2555299606921484,1.3344579607372784,163,271,7.972926267281106,0.296600686282798,0.7685216973824824
tf=1|ema=21|vwap=roll35|trend=0|sides=long|stop_atr=0|target_atr=0.0|exit_cross=True|min_bars=0|max_bars=0|confirm=False|entry=cross|exit=close_vwap|regime=|rs=0|dtrend=50,757,34.21400264200793,0.8245881431955735,624.2132243990492,1.6401410744603773,3.2364120650944876,259,498,4.650484368119771,0.5909731054921438,2.489031198573482,600,34.833333333333336,0.617271132855469,370.3626797132814,1.454597899423432,2.3640674077400843,209,391,4.610833333333333,0.5251846636813021,2.1377797000324157
tf=1|ema=13|vwap=roll35|trend=0|sides=long|stop_atr=4.0|target_atr=0.0|exit_cross=True|min_bars=7|max_bars=0|confirm=False|entry=cross|exit=close_vwap|regime=|rs=20|dtrend=0,616,39.12337662337662,1.1040724709738843,680.1086421199127,1.7108675366409742,3.387309522669086,241,375,5.44426406926407,0.7483713105195088,2.4881211103264325,487,38.60369609856263,1.0707954534738433,521.4773858417617,1.693868138310901,3.060257510655916,188,299,5.321013004791238,0.8294090018483055,2.5950213318848707
tf=1|ema=13|vwap=roll50|trend=0|sides=long|stop_atr=4.0|target_atr=0.0|exit_cross=True|min_bars=0|max_bars=0|confirm=False|entry=cross|exit=cross|regime=spyvw|rs=20|dtrend=0,274,39.78102189781022,1.8896862056077601,517.7740203365263,2.0084027346990765,3.023908664821383,109,165,9.101429440389296,1.4604458847862594,2.487901855369229,239,34.30962343096234,0.5896110762020954,140.9170472123008,1.2694111060783462,0.9496874933408919,82,157,8.129532775453278,0.26895508353446607,0.4845699338936197
tf=1|ema=34|vwap=roll35|trend=0|sides=long|stop_atr=4.0|target_atr=0.0|exit_cross=True|min_bars=7|max_bars=0|confirm=False|entry=cross|exit=close_vwap|regime=spyvw|rs=0|dtrend=0,887,39.9098083427283,0.838587523872056,743.8271336745137,1.579792119406448,3.321205516700093,354,533,4.9003194287861715,0.575369924589265,2.48535581387118,713,36.1851332398317,0.3915525461104732,279.1769653767674,1.2824956947875152,1.8776863924726526,258,455,4.324509116409537,0.1407533170466589,0.7410089443034867
tf=1|ema=13|vwap=roll35|trend=0|sides=long|stop_atr=0|target_atr=0.0|exit_cross=True|min_bars=0|max_bars=0|confirm=False|entry=cross_or_pb|exit=cross|regime=spy50|rs=0|dtrend=0,1010,35.742574257425744,0.7928749286544107,800.8036779409547,1.4733701588796204,3.0720610625534137,361,649,6.176072607260727,0.607828053403055,2.483994290542916,907,35.391400220507165,0.1457972098818746,132.2380693628603,1.0794101991114564,0.6717256530279457,321,586,6.1079106945975745,0.024819696907297285,0.1209681884173783
tf=1|ema=21|vwap=roll35|trend=0|sides=long|stop_atr=0|target_atr=0.0|exit_cross=True|min_bars=7|max_bars=0|confirm=False|entry=cross|exit=cross|regime=spyvw|rs=0|dtrend=0,942,38.6411889596603,0.8428876106916896,794.0001292715715,1.4487136596803862,3.1723502953137137,364,578,6.723903043170559,0.6065518664435827,2.4834349725966884,703,39.5448079658606,0.18568320840597408,130.53529550939976,1.0925655730037993,0.7274649362092195,278,425,6.660739687055477,-0.05170196337365518,-0.22460218645650215
tf=1|ema=13|vwap=week|trend=0|sides=long|stop_atr=4.0|target_atr=0.0|exit_cross=True|min_bars=7|max_bars=0|confirm=False|entry=cross_or_pb|exit=cross|regime=spyvw|rs=20|dtrend=0,853,49.824150058616645,0.8710368768587149,742.9944559604837,1.5924328446733431,4.384027125403654,425,428,3.9019148104728405,0.4394657996279128,2.479169145123438,619,46.04200323101777,0.18531775967180966,114.71169323685018,1.1171967131957876,0.977805538696183,285,334,3.5711497038233717,0.06229802769870276,0.3519968534759056
tf=1|ema=21|vwap=roll35|trend=0|sides=long|stop_atr=0|target_atr=0.0|exit_cross=True|min_bars=0|max_bars=0|confirm=False|entry=cross|exit=close_vwap|regime=spy50|rs=0|dtrend=50,685,34.01459854014598,0.8080814175610845,553.5357710293429,1.625080030444469,2.952446909914463,233,452,4.568552311435523,0.6376941133159805,2.4777684948277847,545,35.41284403669725,0.7306661614722113,398.2130580023552,1.5556571585709325,2.5932822015488926,193,352,4.731957186544342,0.603731059608101,2.2857756241657152
tf=1|ema=21|vwap=week|trend=0|sides=long|stop_atr=0|target_atr=0.0|exit_cross=True|min_bars=7|max_bars=0|confirm=False|entry=cross|exit=close_vwap|regime=|rs=0|dtrend=0,1920,45.989583333333336,0.5019384738742184,963.7218698384995,1.4354772930396127,4.176259891358327,883,1037,2.9086805555555553,0.2638461523385994,2.4774684301936847,1468,41.89373297002725,0.22803664181003058,334.7577901771249,1.184201945506426,1.9584803440249359,615,853,2.7532073115349682,0.10779687612255824,1.0151456079109484
tf=1|ema=13|vwap=week|trend=0|sides=long|stop_atr=0|target_atr=0.0|exit_cross=True|min_bars=0|max_bars=0|confirm=False|entry=cross_or_pb|exit=close_vwap|regime=spyvw|rs=0|dtrend=0,1883,39.19277748274031,0.4112406687084074,774.3661791779311,1.449015803355629,3.8480841609163976,738,1145,2.135068153655514,0.23988364879458748,2.4769203883884456,1358,36.30338733431517,0.14606323948723765,198.3538792236687,1.1662806936487533,1.570329169698114,493,865,2.030897152675503,0.07927074388096765,0.930512992594234
tf=1|ema=13|vwap=roll35|trend=0|sides=long|stop_atr=4.0|target_atr=0.0|exit_cross=True|min_bars=7|max_bars=0|confirm=False|entry=cross_or_pb|exit=cross|regime=|rs=20|dtrend=0,724,40.88397790055249,1.0673787336647769,772.7822031732985,1.5937077608124233,3.425577569538832,296,428,6.792529926335174,0.7137491872702749,2.476113217274567,568,37.5,0.5718201043234535,324.79381925572164,1.303967248300396,1.829309913146944,213,355,6.264231220657277,0.31217847964127143,1.084573944410353
tf=1|ema=13|vwap=roll35|trend=0|sides=long|stop_atr=0|target_atr=0.0|exit_cross=True|min_bars=0|max_bars=0|confirm=False|entry=cross_or_pb|exit=cross|regime=|rs=20|dtrend=50,621,40.09661835748792,1.1154520039304445,692.695694440806,1.665815296823594,3.3017236662250817,249,372,6.455917874396135,0.7819955952498239,2.475717092959691,493,36.71399594320487,0.4452018737760558,219.4845237715955,1.2437378672125305,1.4061502933709191,181,312,6.109279918864098,0.27219911497578086,0.9129302231762361
tf=1|ema=21|vwap=week|trend=0|sides=long|stop_atr=4.0|target_atr=0.0|exit_cross=True|min_bars=0|max_bars=0|confirm=False|entry=cross_or_pb|exit=cross|regime=spy50|rs=20|dtrend=0,874,52.40274599542334,0.5375149275253096,469.7880466571206,1.4304970109769404,3.3381781012036567,458,416,3.2833714721586578,0.3686905272753637,2.4747969149358853,745,50.46979865771812,0.33286232059149834,247.98242884066627,1.2304533073104236,1.9222577582745595,376,369,3.2686800894854584,0.26361848803624904,1.6170282224767931
tf=1|ema=13|vwap=roll50|trend=0|sides=long|stop_atr=4.0|target_atr=0.0|exit_cross=True|min_bars=0|max_bars=0|confirm=False|entry=cross|exit=close_vwap|regime=spyvw|rs=20|dtrend=0,270,35.925925925925924,1.7532142374479014,473.36784411093345,2.171425530455784,2.8203180850769987,97,173,6.0532407407407405,1.4584766246691918,2.474443636380105,235,31.48936170212766,0.48751513000695756,114.56605555163502,1.3009480225676697,0.8777537585800101,74,161,5.803900709219858,0.3673190128724035,0.7300042115140083
tf=1|ema=13|vwap=roll35|trend=0|sides=long|stop_atr=0|target_atr=0.0|exit_cross=True|min_bars=0|max_bars=0|confirm=False|entry=cross|exit=close_vwap|regime=spy50|rs=20|dtrend=50,465,36.55913978494624,1.1454132374480734,532.6171554133541,1.850904446635916,2.9940484387654607,170,295,4.664247311827957,0.8946708333005452,2.473744328167828,382,36.64921465968586,0.9800110207103337,374.3642099113475,1.6906655808410664,2.546280909243483,140,242,4.798538394415358,0.8598793308513613,2.3815211115300507
tf=1|ema=21|vwap=roll35|trend=0|sides=long|stop_atr=0|target_atr=0.0|exit_cross=True|min_bars=0|max_bars=0|confirm=False|entry=cross|exit=cross|regime=spyvw|rs=0|dtrend=0,968,38.63636363636363,0.839524868949749,812.660073143357,1.473951459324382,3.314964341749384,374,594,6.436854338842975,0.5764220254415375,2.472821284542036,730,37.534246575342465,0.1602032801253802,116.94839449152754,1.0834287882479667,0.661045237973614,274,456,6.3173515981735155,-0.06572566341301707,-0.3007829408878603
tf=1|ema=13|vwap=week|trend=0|sides=long|stop_atr=4.0|target_atr=0.0|exit_cross=True|min_bars=0|max_bars=0|confirm=False|entry=cross_or_pb|exit=close_vwap|regime=spyvw|rs=0|dtrend=0,1888,39.08898305084746,0.41217203679238335,778.1808054640198,1.451678912680946,3.875249847243236,738,1150,2.1282441737288136,0.23825727941655775,2.4720938073346232,1360,36.25,0.1541097177065607,209.58921608092257,1.1773698920269733,1.6706516156567346,493,867,2.0262254901960786,0.08126462980356051,0.9611040125789134
tf=1|ema=21|vwap=roll35|trend=0|sides=long|stop_atr=0|target_atr=0.0|exit_cross=True|min_bars=0|max_bars=0|confirm=False|entry=cross_or_pb|exit=cross|regime=|rs=20|dtrend=0,758,40.76517150395778,1.0066089497682182,763.0095839243095,1.566742710426856,3.420381155862531,309,449,6.431123570800352,0.6662558540608106,2.4713220908261198,615,38.048780487804876,0.5043087626265129,310.1498890153054,1.2750041526341496,1.802450496875635,234,381,5.842479674796748,0.2959098606466891,1.1576617319827902
tf=1|ema=21|vwap=roll35|trend=0|sides=long|stop_atr=0|target_atr=0.0|exit_cross=True|min_bars=0|max_bars=0|confirm=False|entry=cross_or_pb|exit=close_vwap|regime=spyvw|rs=0|dtrend=50,746,34.048257372654156,0.7316681889584302,545.8244689629889,1.6397326252364317,2.9579253253248052,254,492,4.041778373547811,0.5740193172278164,2.4703905681288734,560,30.178571428571427,0.08881802232586689,49.73809250248545,1.069072148547249,0.42751717444959286,169,391,3.9340773809523806,-0.001159425453631747,-0.006008033719685804
tf=1|ema=21|vwap=roll50|trend=0|sides=long|stop_atr=0|target_atr=0.0|exit_cross=True|min_bars=0|max_bars=0|confirm=False|entry=cross_or_pb|exit=cross|regime=spyvw|rs=20|dtrend=0,392,38.265306122448976,1.6188798930817427,634.6009180880432,1.8644055876527061,3.25666395231361,150,242,8.804740646258503,1.1371147400957615,2.470037186441322,326,34.355828220858896,0.3230730094358446,105.32180107608534,1.1637467437477453,0.7007728659558695,112,214,7.529013292433537,0.11097243330795128,0.272423678670118
tf=1|ema=13|vwap=roll35|trend=0|sides=long|stop_atr=0|target_atr=0.0|exit_cross=True|min_bars=7|max_bars=0|confirm=False|entry=cross_or_pb|exit=cross|regime=spy50|rs=20|dtrend=50,546,40.65934065934066,1.0968916733209793,598.9028536332546,1.6499599118225117,2.9938586423631786,222,324,6.588980463980464,0.8537083858876671,2.469663099334437,442,38.23529411764706,0.46126014163743395,203.87698260374583,1.2472916154140665,1.3379697664812304,169,273,6.346907993966817,0.3262840789745953,1.0002384318160245
tf=1|ema=21|vwap=roll35|trend=0|sides=long|stop_atr=0|target_atr=0.0|exit_cross=True|min_bars=7|max_bars=0|confirm=False|entry=cross_or_pb|exit=cross|regime=|rs=20|dtrend=0,736,41.16847826086956,1.0150394523433388,747.0690369246973,1.5447037388044387,3.3272648034282324,303,433,6.739809782608695,0.690172772294958,2.469157847683056,586,39.76109215017065,0.5465109731260592,320.25543025187073,1.282883183097079,1.7919589551374244,233,353,6.218714448236632,0.31443241725702853,1.1221615883940859
tf=1|ema=21|vwap=roll35|trend=0|sides=long|stop_atr=4.0|target_atr=0.0|exit_cross=True|min_bars=0|max_bars=0|confirm=False|entry=cross|exit=cross|regime=|rs=0|dtrend=0,1428,39.075630252100844,0.8186470009184612,1169.0279173115628,1.4556906625715673,4.129727898334582,558,870,6.281891923436042,0.44364771521864016,2.469031863513067,1100,37.18181818181818,0.2356475954268118,259.21235496949294,1.1271104639389993,1.2256443226773093,409,691,5.8453409090909085,0.004443598556295614,0.02536243820267606
tf=1|ema=21|vwap=roll35|trend=0|sides=long|stop_atr=0|target_atr=0.0|exit_cross=True|min_bars=7|max_bars=0|confirm=False|entry=cross|exit=close_vwap|regime=spyvw|rs=20|dtrend=0,433,38.10623556581986,1.1651781281934424,504.52212950776055,1.7503732098739069,2.9003388201377542,165,268,5.470650500384911,0.9095868375144821,2.4683278243642177,316,39.87341772151899,0.9709107691265958,306.80780304400423,1.6468104824253536,2.426572234349971,126,190,5.634098101265823,0.7415723365019824,2.0781902782529036
tf=1|ema=13|vwap=roll50|trend=0|sides=long|stop_atr=4.0|target_atr=0.0|exit_cross=True|min_bars=0|max_bars=0|confirm=False|entry=cross_or_pb|exit=cross|regime=spy50|rs=0|dtrend=50,588,37.074829931972786,1.1296951121236452,664.2607259287033,1.6494618927038665,3.193334013680746,218,370,8.18388605442177,0.8219467714023283,2.467791111248436,479,34.446764091858036,0.15945533665037856,76.37910625553134,1.0789106551985281,0.4846818868465387,165,314,7.425104384133611,0.05413795785497718,0.17358359905444912
tf=1|ema=13|vwap=roll35|trend=0|sides=long|stop_atr=0|target_atr=0.0|exit_cross=True|min_bars=0|max_bars=0|confirm=False|entry=cross_or_pb|exit=close_vwap|regime=spyvw|rs=20|dtrend=0,639,32.081377151799686,0.8494065276261666,542.7707711531206,1.6928737840561874,2.8493525200825682,205,434,3.681859676577986,0.6903468604939026,2.4637810359966985,462,32.25108225108225,0.5798094639619938,267.8719723504411,1.4765183113447595,2.090613728115404,149,313,4.126803751803752,0.31613204654655297,1.2832954096913116
tf=1|ema=34|vwap=roll35|trend=0|sides=long|stop_atr=4.0|target_atr=0.0|exit_cross=True|min_bars=0|max_bars=0|confirm=False|entry=cross_or_pb|exit=cross|regime=|rs=0|dtrend=0,1990,45.82914572864322,0.4954413459192595,985.9282783793263,1.3557758764796672,4.100884127938402,912,1078,3.7222361809045226,0.262703047308606,2.4616517793402912,1554,41.24839124839125,0.19137469857309578,297.39628158259086,1.1280247965761385,1.5389584253145117,641,913,3.793382668382668,0.007315427839102853,0.0644804523980581
tf=1|ema=13|vwap=roll50|trend=0|sides=long|stop_atr=0|target_atr=0.0|exit_cross=True|min_bars=0|max_bars=0|confirm=False|entry=cross_or_pb|exit=cross|regime=spy50|rs=20|dtrend=0,456,37.5,1.3136807560153172,599.0384247429847,1.7068775293687468,3.020649080926393,171,285,8.009594298245615,1.0087741982080478,2.461316310339051,390,35.38461538461539,0.41386056240507324,161.40561933797858,1.207170315639206,1.1180601385837676,138,252,7.284294871794872,0.33090458976362597,0.9337339653232305
tf=1|ema=13|vwap=roll35|trend=0|sides=long|stop_atr=0|target_atr=0.0|exit_cross=True|min_bars=7|max_bars=0|confirm=False|entry=cross|exit=close_vwap|regime=|rs=20|dtrend=50,510,40.0,1.1358780172409684,579.2977887928939,1.7668461419865338,3.1331012084955043,204,306,5.343627450980392,0.8342486586027493,2.460650215596436,415,39.036144578313255,0.883552114854709,366.6741276647042,1.5646910351036358,2.417614449116359,162,253,5.247690763052209,0.724063412984147,2.1227866491874243
tf=1|ema=13|vwap=roll50|trend=0|sides=long|stop_atr=0|target_atr=0.0|exit_cross=True|min_bars=0|max_bars=0|confirm=False|entry=cross_or_pb|exit=cross|regime=spyvw|rs=0|dtrend=50,492,37.60162601626016,1.196975096277017,588.9117473682923,1.7249123794632923,3.0844069468180533,185,307,8.274728997289973,0.9033485382049393,2.46019946041737,401,33.915211970074814,-0.1390512339138175,-55.75954479944081,0.9280329709701022,-0.4389498705879869,136,265,7.169576059850374,-0.1830019049725465,-0.6204820251740646
tf=1|ema=21|vwap=week|trend=0|sides=long|stop_atr=4.0|target_atr=0.0|exit_cross=True|min_bars=7|max_bars=0|confirm=False|entry=cross_or_pb|exit=close_vwap|regime=|rs=0|dtrend=0,2205,45.532879818594104,0.5002701133718027,1103.095599984825,1.4238813178299699,4.430949401392159,1004,1201,2.8870748299319726,0.24547857445157303,2.45917092049299,1678,40.88200238379023,0.22891603002034364,384.12109837413664,1.1883547039832105,2.1185359376433963,686,992,2.6950983313468413,0.10120089900307462,1.0243334779554758
tf=1|ema=13|vwap=roll35|trend=0|sides=long|stop_atr=4.0|target_atr=0.0|exit_cross=True|min_bars=7|max_bars=0|confirm=False|entry=cross_or_pb|exit=cross|regime=|rs=20|dtrend=50,607,40.85667215815486,1.1424847585786708,693.4882484572531,1.6736609547856156,3.3229686588121963,248,359,6.635777045579353,0.7901021949879482,2.457970850425002,485,37.93814432989691,0.4134341736452104,200.51557421792702,1.2194986940286747,1.2899780009930908,184,301,6.25,0.20375297009667756,0.6721690950614818
tf=1|ema=13|vwap=roll35|trend=0|sides=long|stop_atr=4.0|target_atr=0.0|exit_cross=True|min_bars=0|max_bars=0|confirm=False|entry=cross_or_pb|exit=close_vwap|regime=spyvw|rs=20|dtrend=50,530,33.77358490566038,0.9853465454506823,522.2336690888616,1.823482915733554,2.8556559218159254,179,351,3.7224842767295594,0.8064986914470095,2.457033954969786,407,33.415233415233416,0.384963922752363,156.68031656021176,1.3074992006433162,1.4189519915938313,136,271,3.948095823095823,0.22346720030063305,0.8856188654952961
tf=1|ema=21|vwap=week|trend=0|sides=long|stop_atr=4.0|target_atr=0.0|exit_cross=True|min_bars=0|max_bars=0|confirm=False|entry=cross_or_pb|exit=cross|regime=|rs=20|dtrend=50,917,53.43511450381679,0.5839951253764799,535.5235299702321,1.4745705098423163,3.7256967410831114,490,427,3.388676844783715,0.35467311480425534,2.456272781580796,725,50.48275862068966,0.34265195602476267,248.42266811795292,1.2372782875938635,1.9477387855968598,366,359,3.22948275862069,0.24908720685729627,1.5033398751746039
tf=1|ema=13|vwap=roll35|trend=0|sides=long|stop_atr=0|target_atr=0.0|exit_cross=True|min_bars=0|max_bars=0|confirm=False|entry=cross_or_pb|exit=close_vwap|regime=spyvw|rs=20|dtrend=50,528,33.90151515151515,0.982187012717607,518.5947427148965,1.813079407395384,2.8293535577051014,179,349,3.7475536616161613,0.8101654240680085,2.4560601582516024,406,33.49753694581281,0.411855708203166,167.2134175304854,1.3350985680738146,1.5214880815255496,136,270,3.959667487684729,0.2540868184456717,1.0113918376561342
tf=1|ema=21|vwap=roll50|trend=0|sides=long|stop_atr=0|target_atr=0.0|exit_cross=True|min_bars=0|max_bars=0|confirm=False|entry=cross|exit=cross|regime=spyvw|rs=0|dtrend=50,349,39.541547277936964,1.4767806960386787,515.3964629174989,1.7732851915856735,2.812586081526074,138,211,10.332975167144221,1.2192943539576775,2.453936932290084,310,33.225806451612904,0.014824271548500087,4.595524180035026,1.007070877974877,0.03124664109962261,103,207,8.148118279569893,-0.029848460362927126,-0.0688602619412811
tf=1|ema=21|vwap=roll50|trend=0|sides=long|stop_atr=0|target_atr=0.0|exit_cross=True|min_bars=7|max_bars=0|confirm=False|entry=cross_or_pb|exit=cross|regime=spyvw|rs=0|dtrend=50,449,37.639198218262806,1.3531602262066753,607.5689415667972,1.7428947412221585,3.0697357322899363,169,280,9.575167037861915,1.0174280071531265,2.453774161133867,382,33.769633507853406,0.06292839332939987,24.03864625183075,1.0314327051067096,0.1486387678198083,129,253,7.655977312390924,0.017958301384466455,0.04635693383070016
tf=1|ema=13|vwap=roll35|trend=0|sides=long|stop_atr=4.0|target_atr=0.0|exit_cross=True|min_bars=7|max_bars=0|confirm=False|entry=cross_or_pb|exit=cross|regime=spy50|rs=0|dtrend=50,759,38.6034255599473,0.8541540198712656,648.3029010822905,1.5296070097285963,3.003468403025481,293,466,6.494565217391305,0.6551027360152448,2.4537418449686395,601,36.272878535773714,0.07933899941709173,47.68273864967213,1.0433242360817943,0.30001811717611293,218,383,6.1723516361619515,-0.04574125942216291,-0.18280171766200956
tf=1|ema=13|vwap=roll35|trend=0|sides=long|stop_atr=4.0|target_atr=0.0|exit_cross=True|min_bars=7|max_bars=0|confirm=False|entry=cross_or_pb|exit=close_vwap|regime=spyvw|rs=20|dtrend=50,497,38.6317907444668,1.0682744882885709,530.9324206794197,1.754244628737822,2.8482308339507427,192,305,4.577632461435279,0.8738063917415616,2.453110767893465,381,39.10761154855643,0.38154468566890454,145.36852523985263,1.26207895681395,1.2643267018392834,149,232,4.812882764654418,0.1930078378042781,0.6885146299842381
tf=1|ema=13|vwap=roll50|trend=0|sides=long|stop_atr=0|target_atr=0.0|exit_cross=True|min_bars=7|max_bars=0|confirm=False|entry=cross_or_pb|exit=cross|regime=spy50|rs=20|dtrend=50,413,38.983050847457626,1.4206965491915537,586.7476748161117,1.7585273560151982,3.0452727502078547,161,252,8.520581113801454,1.0791586977775818,2.452660489376623,349,37.53581661891118,0.3529081058377248,123.16492893736597,1.1681495467636882,0.8856049795520987,131,218,7.589302769818529,0.2813261075845866,0.7407361579811514
tf=1|ema=13|vwap=roll35|trend=0|sides=long|stop_atr=4.0|target_atr=0.0|exit_cross=True|min_bars=0|max_bars=0|confirm=False|entry=cross_or_pb|exit=close_vwap|regime=spyvw|rs=20|dtrend=0,642,31.931464174454828,0.8470375886213164,543.7981318948852,1.6950968644258226,2.8600546517432774,205,437,3.6553738317757007,0.6832768621998654,2.4522049498636567,464,32.327586206896555,0.5488356768013144,254.6597540358099,1.4417857156081668,1.9784563289188575,150,314,4.095905172413793,0.2828199128599251,1.1451021167131807
tf=1|ema=13|vwap=roll50|trend=0|sides=long|stop_atr=0|target_atr=0.0|exit_cross=True|min_bars=0|max_bars=0|confirm=False|entry=cross|exit=close_vwap|regime=spyvw|rs=20|dtrend=0,270,35.925925925925924,1.726017059726171,466.0246061260662,2.1326705688455085,2.7702933939310266,97,173,6.05570987654321,1.4473904142717475,2.451832255499946,235,31.914893617021278,0.6316588751986303,148.4398356716781,1.4043575043374312,1.1270940276974573,75,160,6.011170212765958,0.4529680503154617,0.9015428871754877
tf=1|ema=13|vwap=roll50|trend=0|sides=long|stop_atr=4.0|target_atr=0.0|exit_cross=True|min_bars=7|max_bars=0|confirm=False|entry=cross_or_pb|exit=cross|regime=spy50|rs=20|dtrend=0,442,38.46153846153846,1.395807908151623,616.9470954030174,1.7322060355066646,3.102396350677888,170,272,8.27271870286576,1.041416255878465,2.451065198737147,387,35.65891472868217,0.34631188617674197,134.02269995039916,1.1669511398827457,0.9094477270853714,138,249,7.267011197243756,0.23425330279815507,0.6402159831131794
tf=1|ema=34|vwap=roll50|trend=0|sides=long|stop_atr=0|target_atr=0.0|exit_cross=True|min_bars=0|max_bars=0|confirm=False|entry=cross|exit=cross|regime=spyvw|rs=0|dtrend=50,384,45.572916666666664,1.40236630770792,538.5086621598413,1.8378851016095903,3.2286616951340124,175,209,9.25857204861111,1.015076702829818,2.4500875334978582,335,36.71641791044776,0.06813903380678539,22.826576325273106,1.0312813141204145,0.15224112555867242,123,212,7.795771144278607,-0.012231185751023147,-0.029626864962907357
tf=1|ema=34|vwap=week|trend=0|sides=long|stop_atr=4.0|target_atr=0.0|exit_cross=True|min_bars=0|max_bars=0|confirm=False|entry=cross|exit=cross|regime=spy50|rs=0|dtrend=50,756,54.36507936507937,0.5287004119682995,399.6975114480345,1.4926929547538594,3.491237763600872,411,345,3.266754850088184,0.3373511206055811,2.449182939815724,607,51.56507413509061,0.1722915455892072,104.58096817264877,1.1250337200684206,0.949687114995949,313,294,3.259816035145524,0.10046554084031292,0.5936948605061256
tf=1|ema=34|vwap=week|trend=0|sides=long|stop_atr=4.0|target_atr=0.0|exit_cross=True|min_bars=7|max_bars=0|confirm=False|entry=cross|exit=cross|regime=spyvw|rs=0|dtrend=50,452,55.309734513274336,0.7849034713467415,354.77636904872713,1.666285562866333,3.5487967343505624,250,202,3.7357116519174043,0.4851436350359589,2.4485654137675863,330,53.93939393939394,0.27766706358697935,91.6301309837032,1.191686234194164,1.063539261275369,178,152,3.7114898989898983,0.07795310387724536,0.32103455021504024
tf=1|ema=13|vwap=roll50|trend=0|sides=long|stop_atr=0|target_atr=0.0|exit_cross=True|min_bars=7|max_bars=0|confirm=False|entry=cross|exit=close_vwap|regime=spyvw|rs=0|dtrend=50,354,38.4180790960452,1.37219439589053,485.7568161452477,1.9298177028708305,2.8216015397429417,136,218,7.035193032015065,1.1336476361413534,2.44754982764902,305,31.475409836065573,-0.26398674374099806,-80.51595684100441,0.8451927705717989,-0.9811681830522252,96,209,6.029098360655738,-0.271138527323315,-1.0438577791081958
tf=1|ema=13|vwap=roll35|trend=0|sides=long|stop_atr=0|target_atr=0.0|exit_cross=True|min_bars=7|max_bars=0|confirm=False|entry=cross_or_pb|exit=cross|regime=|rs=20|dtrend=50,604,41.22516556291391,1.1193383813635343,676.0803823435747,1.6406697168382471,3.207315665959991,249,355,6.736065121412804,0.7969319137633873,2.446299107949574,482,38.38174273858921,0.435022570577575,209.68087901839115,1.2308722941524142,1.3435859233089902,185,297,6.34033540802213,0.24963760660001688,0.8173860724095464
tf=1|ema=13|vwap=roll35|trend=0|sides=long|stop_atr=4.0|target_atr=0.0|exit_cross=True|min_bars=7|max_bars=0|confirm=False|entry=cross_or_pb|exit=cross|regime=spy50|rs=0|dtrend=0,983,36.826042726347914,0.819992149676712,806.0522831322079,1.474758444277559,3.100009748261323,362,621,6.404755849440488,0.6130904956258497,2.4458513976266087,890,35.95505617977528,0.12808845238396452,113.99872262172843,1.0677266085013188,0.5768665598961986,320,570,6.250421348314607,-0.02705548821753304,-0.12873786870933304
tf=1|ema=34|vwap=roll35|trend=0|sides=long|stop_atr=0|target_atr=0.0|exit_cross=True|min_bars=0|max_bars=0|confirm=False|entry=cross_or_pb|exit=close_vwap|regime=|rs=0|dtrend=0,1765,35.524079320113316,0.4980051661477353,878.9791182507529,1.501378798442015,3.7539974494833968,627,1138,3.231751652502361,0.29866663934450277,2.4458371514443593,1488,32.99731182795699,0.20019521045876384,297.8904731626406,1.1980163185280857,1.5657720339203287,491,997,2.6593301971326166,0.08128619663323569,0.6999399806347173
tf=1|ema=13|vwap=roll35|trend=0|sides=long|stop_atr=0|target_atr=0.0|exit_cross=True|min_bars=0|max_bars=0|confirm=False|entry=cross|exit=close_vwap|regime=spy50|rs=0|dtrend=50,685,33.722627737226276,0.8136506567220689,557.3506998546172,1.6403485607313848,2.910787844178333,231,454,4.534306569343066,0.6427041693448052,2.4439554992520627,549,34.24408014571949,0.5746518059737465,315.4838414795869,1.4224788530727386,2.0493989212467176,188,361,4.6054948391013975,0.46620475342370704,1.7767576696146699
tf=1|ema=21|vwap=roll50|trend=0|sides=long|stop_atr=0|target_atr=0.0|exit_cross=True|min_bars=7|max_bars=0|confirm=False|entry=cross|exit=cross|regime=spy50|rs=0|dtrend=0,603,39.63515754560531,1.2074044457140054,728.0648807655452,1.5619436615896205,3.1258560232955537,239,364,9.870784964068546,0.8912490845935678,2.443585842096287,603,34.32835820895522,-0.04181153973303661,-25.21235845902108,0.9815494503170678,-0.14654349517978488,207,396,8.691058595909343,-0.1131201554682547,-0.4130379804617072
tf=1|ema=34|vwap=roll50|trend=0|sides=long|stop_atr=0|target_atr=0.0|exit_cross=True|min_bars=7|max_bars=0|confirm=False|entry=cross_or_pb|exit=cross|regime=spy50|rs=0|dtrend=0,724,43.92265193370166,1.0795527427157767,781.5961857262223,1.5524728702824773,3.35960318393524,318,406,8.56416896869245,0.7421445378791237,2.4421338762392497,676,36.53846153846154,0.00098800961663396,0.6678945008445569,1.0004377118169776,0.0034113737176987334,247,429,8.158407297830376,-0.0890972138926109,-0.3251103176311861
tf=1|ema=13|vwap=week|trend=0|sides=long|stop_atr=0|target_atr=0.0|exit_cross=True|min_bars=0|max_bars=0|confirm=False|entry=cross_or_pb|exit=cross|regime=spyvw|rs=20|dtrend=0,885,49.378531073446325,0.8076502392516264,714.7704617376894,1.586341283140048,4.316138390658042,437,448,3.8067325800376643,0.4083833404275924,2.4411196262925197,644,46.73913043478261,0.1901089395471488,122.43015706836383,1.1293506416739734,1.0677353945924928,301,343,3.4335533126294,0.08553762906093229,0.5161517154430726
tf=1|ema=21|vwap=roll35|trend=0|sides=long|stop_atr=4.0|target_atr=0.0|exit_cross=True|min_bars=7|max_bars=0|confirm=False|entry=cross_or_pb|exit=close_vwap|regime=spyvw|rs=20|dtrend=0,609,37.274220032840724,0.93685729824311,570.5460946300541,1.6317754625924794,2.942697321827368,227,382,4.795361247947455,0.7189873705859672,2.4405402529385194,437,38.215102974828376,0.5682776155080516,248.33731797701853,1.3850969986057355,1.869159410356065,167,270,4.9976163234172395,0.3366761009241491,1.243464695578104
tf=1|ema=13|vwap=roll35|trend=0|sides=long|stop_atr=0|target_atr=0.0|exit_cross=True|min_bars=0|max_bars=0|confirm=False|entry=cross|exit=close_vwap|regime=|rs=0|dtrend=50,760,34.3421052631579,0.8098636136094912,615.4963463432133,1.6375111205491912,3.1374758332095265,261,499,4.621765350877193,0.5882592139617007,2.4397097639479393,596,33.89261744966443,0.5535232956061585,329.89988418127047,1.4067565833307742,2.102654552393587,202,394,4.543274608501117,0.44164937588566866,1.7854480007135314
tf=1|ema=13|vwap=week|trend=0|sides=long|stop_atr=0|target_atr=0.0|exit_cross=True|min_bars=7|max_bars=0|confirm=False|entry=cross_or_pb|exit=cross|regime=spyvw|rs=20|dtrend=50,663,52.18702865761689,0.8929322767949999,592.0140995150849,1.636038955579724,3.9437032776761933,346,317,4.1513323278029155,0.5126765231728481,2.4396147434435655,525,48.0,0.28774634008006056,151.0668285420318,1.1842808696849736,1.3561432616850022,252,273,3.7733333333333334,0.21785248621906664,1.0895220709160283
tf=1|ema=34|vwap=roll50|trend=0|sides=long|stop_atr=0|target_atr=0.0|exit_cross=True|min_bars=7|max_bars=0|confirm=False|entry=cross_or_pb|exit=cross|regime=spyvw|rs=20|dtrend=0,422,45.497630331753555,1.4225775432541938,600.3277232532698,1.8234377537414777,3.441929446853053,192,230,8.023597946287518,0.9540173782733802,2.4372842214819594,328,39.9390243902439,0.6054536434609156,198.58879505518027,1.290199998354153,1.2105345313154199,131,197,7.650533536585366,0.38046365074070104,0.8376391290452825
tf=1|ema=34|vwap=week|trend=0|sides=long|stop_atr=4.0|target_atr=0.0|exit_cross=True|min_bars=7|max_bars=0|confirm=False|entry=cross_or_pb|exit=cross|regime=|rs=20|dtrend=0,732,56.967213114754095,0.7535546462245882,551.6020010363985,1.5456098940044356,3.9019005276246137,417,315,3.8946379781420766,0.4172686924107556,2.436880096450626,542,54.24354243542435,0.41757760963640805,226.3270644229332,1.2606125358403584,1.9065691426519555,294,248,3.678659286592866,0.28066305743951714,1.3826211637351762
tf=1|ema=21|vwap=week|trend=0|sides=long|stop_atr=4.0|target_atr=0.0|exit_cross=True|min_bars=7|max_bars=0|confirm=False|entry=cross|exit=cross|regime=|rs=20|dtrend=0,977,53.94063459570113,0.7375669176647756,720.6028785584857,1.5440976369215762,4.477246887536101,527,450,3.8423319686113953,0.355952766329398,2.4365948302230156,748,51.60427807486631,0.5269055672326809,394.1253642900453,1.3468251159468916,2.8451411636000015,386,362,3.588458110516934,0.36220107775220794,2.07381974440058
tf=1|ema=13|vwap=roll50|trend=0|sides=long|stop_atr=0|target_atr=0.0|exit_cross=True|min_bars=0|max_bars=0|confirm=False|entry=cross|exit=cross|regime=spyvw|rs=20|dtrend=0,274,39.78102189781022,1.836324240802352,503.1528419798445,1.9527953006636583,2.922607061488269,109,165,9.166058394160585,1.4376118796131439,2.435858641686469,239,35.98326359832636,0.7767696963620567,185.64795743053156,1.3656074549859625,1.242267954449508,86,153,8.642782426778243,0.4002938736407147,0.7223747362797999
tf=1|ema=21|vwap=roll35|trend=0|sides=long|stop_atr=0|target_atr=0.0|exit_cross=True|min_bars=0|max_bars=0|confirm=False|entry=cross_or_pb|exit=cross|regime=spyvw|rs=0|dtrend=0,1141,38.73794916739702,0.7636087495059176,871.277583186252,1.452100389550505,3.447720725860157,442,699,6.123466257668712,0.49670952916497324,2.4355550506332437,832,37.5,0.14666223582163967,122.0229802036042,1.079861493119557,0.6676689463382182,312,520,5.996644631410256,-0.08958667786769142,-0.45424098262309953
tf=1|ema=13|vwap=week|trend=0|sides=long|stop_atr=0|target_atr=0.0|exit_cross=True|min_bars=7|max_bars=0|confirm=False|entry=cross_or_pb|exit=cross|regime=spy50|rs=0|dtrend=50,1161,47.71748492678725,0.5567886746883329,646.4316513131545,1.4072035527361306,3.378182316540978,554,607,3.947746195808211,0.3749378946444858,2.4328731081079358,992,45.564516129032256,0.20321269181805637,201.5869902835119,1.1319801772563804,1.2986516804359742,452,540,3.7451696908602146,0.14525492590585318,0.9876418415705748
tf=1|ema=13|vwap=roll50|trend=0|sides=long|stop_atr=0|target_atr=0.0|exit_cross=True|min_bars=7|max_bars=0|confirm=False|entry=cross|exit=cross|regime=spy50|rs=0|dtrend=50,476,38.65546218487395,1.2345756624725708,587.6580153369437,1.6602154655628922,2.9579431223848953,184,292,9.268032212885155,0.956968841090353,2.4325446383441363,412,36.16504854368932,0.01211263413448111,4.990405263406217,1.0055997931062859,0.03551070638174107,149,263,8.231290453074434,-0.07078229352624422,-0.21807278160098711
tf=1|ema=13|vwap=roll50|trend=0|sides=long|stop_atr=4.0|target_atr=0.0|exit_cross=True|min_bars=0|max_bars=0|confirm=False|entry=cross_or_pb|exit=cross|regime=spyvw|rs=0|dtrend=50,494,37.65182186234818,1.206969569347413,596.242967257622,1.7412620218876451,3.133732587002334,186,308,8.134615384615385,0.8874908851919074,2.4325438869131966,404,33.16831683168317,-0.17225376597446304,-69.59052145368307,0.9111711866707443,-0.5506182714186965,134,270,7.0120668316831685,-0.24654024492835486,-0.8441072709327021
tf=1|ema=13|vwap=roll35|trend=0|sides=long|stop_atr=0|target_atr=0.0|exit_cross=True|min_bars=7|max_bars=0|confirm=False|entry=cross|exit=close_vwap|regime=spy50|rs=20|dtrend=50,454,39.20704845814978,1.165892384634551,529.3151426240862,1.786172423429806,2.940617409670106,178,276,5.253395741556534,0.9098021947426722,2.4321050118024505,375,39.2,0.9874030782073985,370.2761543277744,1.6353937922184931,2.4827045861872326,147,228,5.315777777777777,0.8561514724021143,2.3042580226078484
tf=1|ema=21|vwap=roll35|trend=0|sides=long|stop_atr=0|target_atr=0.0|exit_cross=True|min_bars=7|max_bars=0|confirm=False|entry=cross_or_pb|exit=cross|regime=spyvw|rs=0|dtrend=0,1111,39.06390639063906,0.765637882330207,850.62368726886,1.429841686408143,3.30280978455363,434,677,6.397164716471647,0.5184813617651579,2.4318164121458246,803,39.60149439601494,0.17042773345999704,136.85346996837762,1.0890031968087617,0.7390635701074082,318,485,6.320309256953093,-0.07472181265708022,-0.3607370018700123
tf=1|ema=21|vwap=roll35|trend=0|sides=long|stop_atr=0|target_atr=0.0|exit_cross=True|min_bars=7|max_bars=0|confirm=False|entry=cross|exit=close_vwap|regime=|rs=20|dtrend=50,522,37.73946360153257,1.0704306235903174,558.7647855141457,1.7112919508909397,3.0961274579867073,197,325,5.395913154533844,0.7815312077259957,2.4308762945613642,426,39.671361502347416,1.0134814371281695,431.7430922166002,1.6508369858478407,2.820923899222263,169,257,5.357589984350548,0.9077300899768971,2.6877238736251288
tf=1|ema=13|vwap=roll35|trend=0|sides=long|stop_atr=4.0|target_atr=0.0|exit_cross=True|min_bars=0|max_bars=0|confirm=False|entry=cross|exit=close_vwap|regime=spy50|rs=20|dtrend=50,465,36.55913978494624,1.1390298751616776,529.6488919501801,1.8421687508891582,2.9735672307582712,170,295,4.648924731182795,0.8805720145957164,2.430240935292169,382,36.64921465968586,0.9629319005502823,367.83998601020784,1.670557813203568,2.496073219401245,140,242,4.788721640488656,0.8379561517505357,2.31325355716874
tf=1|ema=21|vwap=week|trend=0|sides=long|stop_atr=0|target_atr=0.0|exit_cross=True|min_bars=7|max_bars=0|confirm=False|entry=cross|exit=cross|regime=spy50|rs=0|dtrend=0,1327,51.99698568198945,0.48129518370035407,638.6787087703699,1.3522639265793253,3.416031563259417,690,637,4.115831449384578,0.3194761617415478,2.4291745463126615,1334,49.92503748125937,0.17384345667413864,231.90717120330095,1.1025776096368032,1.1880043741366793,666,668,3.950212393803098,0.11238774151104838,0.8121920596243898
tf=1|ema=21|vwap=roll35|trend=0|sides=long|stop_atr=4.0|target_atr=0.0|exit_cross=True|min_bars=7|max_bars=0|confirm=False|entry=cross_or_pb|exit=close_vwap|regime=spyvw|rs=0|dtrend=50,707,37.482319660537485,0.8029241146354835,567.6673490472868,1.6125060494386576,2.981881939095462,265,442,4.798267326732673,0.6133788363350443,2.428819502987004,528,36.553030303030305,0.11751968210551268,62.050392151710696,1.081801805744512,0.5083386837015281,193,335,4.731060606060606,-0.011418418440274278,-0.05303035213560851
tf=1|ema=21|vwap=roll50|trend=0|sides=long|stop_atr=4.0|target_atr=0.0|exit_cross=True|min_bars=7|max_bars=0|confirm=False|entry=cross_or_pb|exit=cross|regime=spyvw|rs=20|dtrend=0,386,38.082901554404145,1.6679411838534899,643.8252969674471,1.8752330969394455,3.2873482727811365,147,239,8.882232297063902,1.1406945456371946,2.422633753980876,318,34.59119496855346,0.2646865135661038,84.170311314021,1.1291785043933247,0.5628723683134831,110,208,7.428983228511531,0.036676994570828195,0.08820791161609697
tf=1|ema=13|vwap=roll50|trend=0|sides=long|stop_atr=0|target_atr=0.0|exit_cross=True|min_bars=0|max_bars=0|confirm=False|entry=cross_or_pb|exit=cross|regime=|rs=20|dtrend=50,456,39.473684210526315,1.4130553745423344,644.3532507913045,1.7663384003212175,3.2732472120422,180,276,8.413834064327485,0.9829261434178387,2.422399298721168,383,36.29242819843342,0.2897616548455151,110.97871380583229,1.1378458042112467,0.779176946338846,139,244,7.544712793733681,0.17148220815370752,0.484260337826286
tf=1|ema=34|vwap=roll50|trend=0|sides=long|stop_atr=4.0|target_atr=0.0|exit_cross=True|min_bars=0|max_bars=0|confirm=False|entry=cross_or_pb|exit=cross|regime=spy50|rs=0|dtrend=0,780,42.30769230769231,0.9861381272708173,769.1877392712374,1.566467676802497,3.514130683693782,330,450,7.483600427350428,0.6464957771016987,2.4223713581214614,726,34.57300275482093,0.021479726519544027,15.594281453188962,1.0104657937717976,0.08432140477695839,251,475,7.11093893480257,-0.10729839773253441,-0.4449363975470525
tf=1|ema=13|vwap=roll50|trend=0|sides=long|stop_atr=0|target_atr=0.0|exit_cross=True|min_bars=7|max_bars=0|confirm=False|entry=cross_or_pb|exit=cross|regime=|rs=20|dtrend=50,443,39.729119638826184,1.4592856678180257,646.4635508433854,1.761628087773409,3.2510577719636506,176,267,8.763073739653874,1.0211087591555426,2.420840992933451,377,36.87002652519894,0.2515866606474393,94.84817106408462,1.1153898478801183,0.6604420736705477,139,238,7.713638373121133,0.1336899625431779,0.36953529716913636
tf=1|ema=13|vwap=week|trend=0|sides=long|stop_atr=0|target_atr=0.0|exit_cross=True|min_bars=7|max_bars=0|confirm=False|entry=cross_or_pb|exit=cross|regime=spy50|rs=20|dtrend=50,852,48.59154929577465,0.6275801581840108,534.6982947727772,1.4279395227517298,3.167672800773482,414,438,4.025577073552426,0.4475693384970976,2.4190785172134586,718,46.65738161559889,0.41970961987003386,301.3515070666843,1.265039736412299,2.13764420314741,335,383,3.7671193129062206,0.34907221817310274,1.8890836644459137
tf=1|ema=13|vwap=roll35|trend=0|sides=long|stop_atr=4.0|target_atr=0.0|exit_cross=True|min_bars=0|max_bars=0|confirm=False|entry=cross|exit=cross|regime=spy50|rs=0|dtrend=50,700,37.0,0.8533824262896765,597.3676984027736,1.5377850919803344,2.8648888973177034,259,441,6.441964285714286,0.6777074204148528,2.4181953301527797,555,35.31531531531532,0.14757974676323665,81.90675945359635,1.0811299444535731,0.5269861795910115,196,359,6.231081081081081,0.03225390189284565,0.12182556531237884
tf=1|ema=21|vwap=roll35|trend=0|sides=long|stop_atr=4.0|target_atr=0.0|exit_cross=True|min_bars=0|max_bars=0|confirm=False|entry=cross_or_pb|exit=cross|regime=|rs=0|dtrend=0,1456,39.217032967032964,0.8075337864865483,1175.7691931244142,1.4542340245318188,4.147036559292441,571,885,6.274324633699633,0.426661013976628,2.416584981404868,1116,36.82795698924731,0.22045750986056956,246.03058100439563,1.1196625853202562,1.1627505638715878,411,705,5.80424880525687,-0.009096516070866313,-0.05264098512997092
tf=1|ema=34|vwap=roll50|trend=0|sides=long|stop_atr=0|target_atr=0.0|exit_cross=True|min_bars=0|max_bars=0|confirm=False|entry=cross_or_pb|exit=cross|regime=spy50|rs=0|dtrend=0,761,43.62680683311432,1.0174452766134787,774.2758555028572,1.552887822835977,3.3977196599260835,332,429,8.06608628996934,0.6843549963953772,2.4160967863869756,708,35.73446327683616,-0.03163187447284109,-22.395367126771493,0.9855044535060948,-0.1171453812299666,253,455,7.666666666666667,-0.11597855088483588,-0.45502760927564423
tf=1|ema=21|vwap=week|trend=0|sides=long|stop_atr=4.0|target_atr=0.0|exit_cross=True|min_bars=0|max_bars=0|confirm=False|entry=cross_or_pb|exit=cross|regime=spy50|rs=0|dtrend=0,1521,51.21630506245891,0.4267664883711766,649.1118288125597,1.3363450011879754,3.4990713740892985,779,742,3.3307582730659657,0.2736815824965526,2.4155019055725,1470,47.48299319727891,0.13784891420780657,202.63790388547568,1.0936912171289217,1.1574117729077802,698,772,3.232086167800453,0.07670334976362513,0.6823700736194127
tf=1|ema=13|vwap=roll35|trend=0|sides=long|stop_atr=0|target_atr=0.0|exit_cross=True|min_bars=0|max_bars=0|confirm=False|entry=cross_or_pb|exit=cross|regime=|rs=20|dtrend=0,738,40.10840108401084,1.0238698171053267,755.615925023731,1.5792885026139487,3.332657500941905,296,442,6.6161924119241196,0.6860999301407612,2.4147835827738873,576,36.28472222222222,0.5759179206118797,331.7287222724428,1.3119553102516077,1.8560320063901323,209,367,6.186993634259259,0.337152830639755,1.1828575340377359
tf=1|ema=13|vwap=roll50|trend=0|sides=long|stop_atr=4.0|target_atr=0.0|exit_cross=True|min_bars=7|max_bars=0|confirm=False|entry=cross|exit=close_vwap|regime=spyvw|rs=0|dtrend=50,354,38.4180790960452,1.372927361078231,486.0162858216938,1.9307766563891091,2.826455067628601,136,218,7.005767419962334,1.1178842922966894,2.4133037684112795,305,31.475409836065573,-0.28569082418702135,-87.13570137704151,0.8345705922724854,-1.060519863513655,96,209,6.02172131147541,-0.30485247280047795,-1.1670560087974804
tf=1|ema=21|vwap=roll35|trend=0|sides=long|stop_atr=4.0|target_atr=0.0|exit_cross=True|min_bars=7|max_bars=0|confirm=False|entry=cross|exit=close_vwap|regime=|rs=20|dtrend=50,522,37.547892720306514,1.0798515110828595,563.6824887852526,1.723156323389484,3.131362661795874,196,326,5.355044699872287,0.77458075399435,2.413178945466145,426,39.671361502347416,0.9911205413311123,422.2173506070538,1.627467033628939,2.750760766012788,169,257,5.329616588419406,0.8654428045971895,2.5480655801994296
tf=1|ema=34|vwap=week|trend=0|sides=long|stop_atr=0|target_atr=0.0|exit_cross=True|min_bars=7|max_bars=0|confirm=False|entry=cross_or_pb|exit=close_vwap|regime=spyvw|rs=0|dtrend=0,966,47.4120082815735,0.84946334997574,820.5815960765648,1.7130090436263075,4.174100011958664,458,508,2.9580745341614905,0.4280683705975076,2.4120064895018634,724,41.988950276243095,0.37712348396613166,273.0374023914793,1.3726793523594332,2.418599303197207,304,420,2.495798802946593,0.20713324818952172,1.484871676948989
tf=1|ema=21|vwap=week|trend=0|sides=long|stop_atr=0|target_atr=0.0|exit_cross=True|min_bars=7|max_bars=0|confirm=False|entry=cross|exit=close_vwap|regime=spyvw|rs=0|dtrend=50,624,48.717948717948715,0.7471611086106706,466.2285317730585,1.7244283879989963,3.5167949322570933,304,320,3.387753739316239,0.46993759650969463,2.410245527936364,523,42.06500956022945,0.15216726943681233,79.58348191545285,1.12261747496156,0.8307434661058235,220,303,3.119343530911409,0.14231890482634532,0.8405584943858592
tf=1|ema=13|vwap=roll50|trend=0|sides=long|stop_atr=0|target_atr=0.0|exit_cross=True|min_bars=7|max_bars=0|confirm=False|entry=cross|exit=cross|regime=|rs=20|dtrend=50,346,41.040462427745666,1.674636339847842,579.4241735873534,1.841025459013083,3.1121828644125684,142,204,9.565510597302506,1.2254356436698546,2.410186388363236,320,37.1875,0.25443961795169295,81.42067774454175,1.112131673467173,0.6032039722628134,119,201,8.333072916666667,0.13075084805725348,0.3243306749361575
tf=1|ema=21|vwap=roll50|trend=0|sides=long|stop_atr=0|target_atr=0.0|exit_cross=True|min_bars=7|max_bars=0|confirm=False|entry=cross|exit=cross|regime=|rs=20|dtrend=0,409,42.298288508557455,1.863621608503207,762.2212378778115,1.8176399924919098,3.5280056315326997,173,236,10.966687041564793,1.1581666541431272,2.40958704788407,351,37.60683760683761,0.7681265457247841,269.6124175493992,1.3438814055944341,1.5323087207739257,132,219,9.288224121557455,0.5003913461449853,1.0983337051392927
tf=1|ema=13|vwap=roll35|trend=0|sides=long|stop_atr=4.0|target_atr=0.0|exit_cross=True|min_bars=7|max_bars=0|confirm=False|entry=cross|exit=close_vwap|regime=|rs=20|dtrend=50,510,40.0,1.1475327414512704,585.241698140148,1.7808583937226214,3.170101799109354,204,306,5.300408496732025,0.8172604387996454,2.4088602466875892,415,39.036144578313255,0.8684052095956444,360.3881619821924,1.54968910248952,2.3728614130725436,162,253,5.221084337349398,0.6897818007303386,2.0139344466050244
tf=1|ema=13|vwap=roll35|trend=0|sides=long|stop_atr=0|target_atr=0.0|exit_cross=True|min_bars=7|max_bars=0|confirm=False|entry=cross_or_pb|exit=cross|regime=spyvw|rs=0|dtrend=50,646,38.54489164086687,0.8798297648257516,568.3700280774354,1.5514721113004997,2.7998430262737863,249,397,6.425761093911249,0.7161831393270869,2.4086038132259753,496,35.685483870967744,-0.2408019611296326,-119.43777272029776,0.8710431737803019,-0.9385596427016726,177,319,6.047547043010753,-0.3610144616639241,-1.5157464173413444
tf=1|ema=21|vwap=week|trend=0|sides=long|stop_atr=4.0|target_atr=0.0|exit_cross=True|min_bars=7|max_bars=0|confirm=False|entry=cross|exit=close_vwap|regime=spyvw|rs=0|dtrend=50,624,48.55769230769231,0.7421541505471444,463.1041899414181,1.7166378599135617,3.520972021051112,303,321,3.3451522435897436,0.46533301101722185,2.4085747233023436,526,41.82509505703422,0.19726164560719128,103.75962558938261,1.1651502840319474,1.1073238285789204,220,306,3.0758871989860586,0.17535130663836482,1.063060114510261
tf=1|ema=21|vwap=roll50|trend=0|sides=long|stop_atr=0|target_atr=0.0|exit_cross=True|min_bars=0|max_bars=0|confirm=False|entry=cross_or_pb|exit=cross|regime=spyvw|rs=0|dtrend=50,460,37.82608695652174,1.2820454605099647,589.7409118345838,1.713775179975749,3.0033736288804556,174,286,9.247192028985507,0.9655097182421184,2.408308334637143,395,32.91139240506329,0.026270027118041762,10.376660711626496,1.0133579098328651,0.06426275663057752,130,265,7.349789029535866,-0.008797777529936773,-0.02352188741246125
tf=1|ema=13|vwap=roll35|trend=0|sides=long|stop_atr=4.0|target_atr=0.0|exit_cross=True|min_bars=0|max_bars=0|confirm=False|entry=cross|exit=cross|regime=|rs=20|dtrend=0,642,40.34267912772586,1.0992514259187878,705.7194154398618,1.6145354612651779,3.284345249782269,259,383,6.9264018691588785,0.7464017420053924,2.406142618113513,503,37.37574552683897,0.6884274029567988,346.27898368726983,1.356977968932472,1.9755731491869084,188,315,6.485089463220676,0.4340051986110205,1.355470558651059
tf=1|ema=21|vwap=roll50|trend=0|sides=long|stop_atr=4.0|target_atr=0.0|exit_cross=True|min_bars=0|max_bars=0|confirm=False|entry=cross_or_pb|exit=cross|regime=spyvw|rs=20|dtrend=0,394,37.81725888324873,1.6093154628530948,634.0702923641193,1.8662179597504132,3.2687010363115814,149,245,8.598667512690355,1.0972939343030517,2.405670058018203,330,33.03030303030303,0.22992769685730366,75.87613996291022,1.114597653294704,0.5055566447421719,109,221,7.102398989898989,0.019923988352905146,0.049566663923138764
tf=1|ema=13|vwap=roll35|trend=0|sides=long|stop_atr=4.0|target_atr=0.0|exit_cross=True|min_bars=7|max_bars=0|confirm=False|entry=cross_or_pb|exit=close_vwap|regime=spy50|rs=20|dtrend=0,628,38.37579617834395,0.9436194663137223,592.5930248450176,1.6445745907209806,2.9470389273595234,241,387,4.748208598726115,0.7282313975730985,2.404908313968257,521,38.1957773512476,0.6978284982829489,363.5686476054164,1.4602563045802095,2.273265508480093,199,322,4.8188579654510555,0.5399295094168578,1.8787616422032218
tf=1|ema=13|vwap=roll35|trend=0|sides=long|stop_atr=0|target_atr=0.0|exit_cross=True|min_bars=7|max_bars=0|confirm=False|entry=cross_or_pb|exit=cross|regime=|rs=20|dtrend=0,720,41.25,1.0282502793244328,740.3402011135917,1.5514663730689944,3.2279388384214447,297,423,6.890740740740742,0.7073781962223863,2.4046765496248077,564,38.12056737588652,0.5954532660760756,335.83564206690664,1.3160296492638297,1.8822406908868698,215,349,6.403368794326241,0.34217976665047484,1.175991079644883
tf=1|ema=13|vwap=week|trend=0|sides=long|stop_atr=0|target_atr=0.0|exit_cross=True|min_bars=7|max_bars=0|confirm=False|entry=cross_or_pb|exit=cross|regime=spy50|rs=0|dtrend=0,1555,46.30225080385852,0.4921442511312569,765.2843105091046,1.3371636066491186,3.363086054757165,720,835,3.8287513397642017,0.328857053558684,2.4045642567367893,1522,44.80946123521682,0.17339780918474026,263.91146557917466,1.1125187179508693,1.3939524144673034,682,840,3.6156099430573803,0.11117207817522494,0.9510778268622911
tf=1|ema=34|vwap=roll35|trend=0|sides=long|stop_atr=0|target_atr=0.0|exit_cross=True|min_bars=7|max_bars=0|confirm=False|entry=cross_or_pb|exit=cross|regime=|rs=0|dtrend=0,1694,46.81227863046045,0.5450239512330624,923.2705733888076,1.323864193209173,3.498781529162985,793,901,5.114890791027155,0.33538618307680723,2.4044350799029486,1303,45.203376822716805,0.36595864749764506,476.8441176894315,1.2097046996314575,2.2685682933987104,589,714,5.216263750319775,0.10266429074854795,0.6903781617407247
tf=1|ema=34|vwap=roll35|trend=0|sides=long|stop_atr=0|target_atr=0.0|exit_cross=True|min_bars=7|max_bars=0|confirm=False|entry=cross|exit=cross|regime=|rs=0|dtrend=0,1694,46.81227863046045,0.5450239512330624,923.2705733888076,1.323864193209173,3.498781529162985,793,901,5.114890791027155,0.33538618307680723,2.4044350799029486,1303,45.203376822716805,0.36595864749764506,476.8441176894315,1.2097046996314575,2.2685682933987104,589,714,5.216263750319775,0.10266429074854795,0.6903781617407247
tf=1|ema=21|vwap=roll35|trend=0|sides=long|stop_atr=0|target_atr=0.0|exit_cross=True|min_bars=7|max_bars=0|confirm=False|entry=cross|exit=close_vwap|regime=spy50|rs=20|dtrend=0,491,36.65987780040733,1.04308958029899,512.1569839268041,1.6977225943478977,2.892875255332364,180,311,5.240156143923965,0.8156987541114367,2.404287247500941,411,41.119221411192214,1.1944825148581106,490.93231360668346,1.8278640479596204,3.236296236652673,169,242,5.4121046228710465,1.0264775333470721,2.9776433747874
tf=1|ema=13|vwap=roll35|trend=0|sides=long|stop_atr=4.0|target_atr=0.0|exit_cross=True|min_bars=7|max_bars=0|confirm=False|entry=cross_or_pb|exit=cross|regime=spy50|rs=20|dtrend=50,549,40.43715846994535,1.0925164955809583,599.7915560739461,1.6515527770004534,3.0054024952486413,222,327,6.4849726775956285,0.8247037844515825,2.402219621045697,444,37.83783783783784,0.4379727755176175,194.45991232982217,1.2342902396338253,1.2808248052509676,168,276,6.260228978978979,0.27727194117454645,0.8544799233810849
tf=1|ema=13|vwap=roll35|trend=0|sides=long|stop_atr=0|target_atr=0.0|exit_cross=True|min_bars=7|max_bars=0|confirm=False|entry=cross|exit=cross|regime=spy50|rs=20|dtrend=50,462,41.34199134199134,1.1872798052201046,548.5232700116884,1.6752034338740154,2.841157598199086,191,271,6.998015873015873,0.9499202541346686,2.4011341695451427,379,38.522427440633244,0.5591195987354117,211.90632792072103,1.289800589692905,1.4314606058206618,146,233,6.706244503078276,0.4419402154483198,1.1961295468984152
tf=1|ema=21|vwap=week|trend=0|sides=long|stop_atr=4.0|target_atr=0.0|exit_cross=True|min_bars=0|max_bars=0|confirm=False|entry=cross|exit=cross|regime=spy50|rs=20|dtrend=0,821,52.25334957369062,0.525047579945425,431.0640631351939,1.422739830985522,3.1597999001043227,429,392,3.2102618757612666,0.3699336035250392,2.4009342977062738,693,50.505050505050505,0.33405638696430523,231.50107616626352,1.230713794116604,1.8514014407444392,350,343,3.2774170274170276,0.2649124525011923,1.5561525523223245
tf=1|ema=21|vwap=week|trend=0|sides=long|stop_atr=4.0|target_atr=0.0|exit_cross=True|min_bars=0|max_bars=0|confirm=False|entry=cross|exit=cross|regime=spy50|rs=20|dtrend=50,773,52.52263906856404,0.5320990737842648,411.31258403523674,1.438226908186252,3.1655498089896192,406,367,3.208333333333333,0.375673562931533,2.4003929981728045,637,49.92150706436421,0.2882839088009832,183.63684990622627,1.1978842501315423,1.5388651145773926,318,319,3.2634092098377816,0.2182054822535193,1.2355595344745947
tf=1|ema=13|vwap=roll35|trend=0|sides=long|stop_atr=0|target_atr=0.0|exit_cross=True|min_bars=0|max_bars=0|confirm=False|entry=cross|exit=cross|regime=spy50|rs=0|dtrend=50,700,37.0,0.8322348255397173,582.5643778778021,1.5175608487317498,2.786263835609193,259,441,6.503273809523809,0.6738087350690039,2.399478838375352,555,35.4954954954955,0.1302976237388726,72.3151811750743,1.0706874378574185,0.4606004779703357,197,358,6.301426426426426,0.03443685967625684,0.12900431003015003
tf=1|ema=13|vwap=roll35|trend=0|sides=long|stop_atr=0|target_atr=0.0|exit_cross=True|min_bars=7|max_bars=0|confirm=False|entry=cross|exit=close_vwap|regime=|rs=0|dtrend=50,737,36.90637720488467,0.8027231154125135,591.6069360590225,1.56551253279316,2.9668179843188502,272,465,5.193464495703301,0.6030616233517929,2.3945328929493996,581,37.177280550774526,0.5401075786775197,313.80250321163896,1.3588706034260494,1.963293947217387,216,365,5.089572576018359,0.4027373925599105,1.5635951497842675
tf=1|ema=21|vwap=week|trend=0|sides=long|stop_atr=0|target_atr=0.0|exit_cross=True|min_bars=7|max_bars=0|confirm=False|entry=cross|exit=cross|regime=|rs=20|dtrend=50,797,55.834378920953576,0.7060572338622362,562.7276153882021,1.543408839368958,3.987614680702373,445,352,4.249215809284818,0.39346667173058836,2.394457852964846,638,52.507836990595614,0.39190893207921174,250.0378986665371,1.2353648867014106,1.792040477034567,335,303,3.97923197492163,0.30997487474786095,1.4965295030872876
tf=1|ema=13|vwap=week|trend=0|sides=long|stop_atr=0|target_atr=0.0|exit_cross=True|min_bars=7|max_bars=0|confirm=False|entry=cross_or_pb|exit=cross|regime=spyvw|rs=0|dtrend=50,898,50.44543429844098,0.7909857826025813,710.3052327771181,1.6106283283042375,4.155179483679096,453,445,4.051735337787677,0.4258149469987882,2.392120827985654,735,46.25850340136054,0.11122718336993422,81.75197977690165,1.0744784722638245,0.6611023101527143,340,395,3.8001133786848067,0.06602428881662227,0.41766259568808856
tf=1|ema=21|vwap=roll35|trend=0|sides=long|stop_atr=4.0|target_atr=0.0|exit_cross=True|min_bars=0|max_bars=0|confirm=False|entry=cross|exit=close_vwap|regime=spy50|rs=0|dtrend=50,685,33.86861313868613,0.7917771052733537,542.3673171122473,1.6056301818113625,2.8884477266720023,232,453,4.552128953771289,0.6164011547748441,2.391570519410664,545,35.41284403669725,0.7332133453785701,399.6012732313207,1.5586764441530356,2.603927587711531,193,352,4.718348623853211,0.5926644396433202,2.2410327709236344
tf=1|ema=13|vwap=roll50|trend=0|sides=long|stop_atr=4.0|target_atr=0.0|exit_cross=True|min_bars=0|max_bars=0|confirm=False|entry=cross|exit=close_vwap|regime=spyvw|rs=20|dtrend=50,225,38.22222222222222,1.8327809989249557,412.37572475811504,2.241523292000223,2.5906639740009143,86,139,5.963703703703704,1.6301490298156867,2.3902868887366466,208,31.73076923076923,-0.1264978756768479,-26.311558140784364,0.9230294257908985,-0.38371402429712687,66,142,5.617788461538462,-0.08794212803856083,-0.27108649711801786
tf=1|ema=34|vwap=roll50|trend=0|sides=long|stop_atr=4.0|target_atr=0.0|exit_cross=True|min_bars=0|max_bars=0|confirm=False|entry=cross_or_pb|exit=cross|regime=|rs=20|dtrend=0,580,43.96551724137931,1.3375769021769952,775.7946032626573,1.742777473719586,3.9500901180720334,255,325,7.988433908045978,0.7467177424552088,2.389435366213606,466,36.48068669527897,0.43169333078205696,201.16909214443854,1.2008836613221732,1.1315357228930576,170,296,6.9980329041487845,0.1837272589279344,0.5262142817496924
tf=1|ema=34|vwap=roll50|trend=0|sides=long|stop_atr=0|target_atr=0.0|exit_cross=True|min_bars=0|max_bars=0|confirm=False|entry=cross_or_pb|exit=cross|regime=spyvw|rs=20|dtrend=0,442,43.665158371040725,1.32744545183272,586.7308897100622,1.808555311076446,3.386614999372038,193,249,7.516496983408749,0.887943980083688,2.388783037804194,336,39.285714285714285,0.3663627836537218,123.09789530765055,1.1744844607303464,0.809288119418549,132,204,7.240575396825397,0.14735472881421957,0.3642945933820819
tf=1|ema=34|vwap=roll50|trend=0|sides=long|stop_atr=0|target_atr=0.0|exit_cross=True|min_bars=7|max_bars=0|confirm=False|entry=cross_or_pb|exit=cross|regime=spyvw|rs=20|dtrend=50,345,45.21739130434783,1.468989731780822,506.80145746438365,1.884831752298044,3.13473308194037,156,189,7.924758454106279,1.0776345636339857,2.388345825247785,290,39.310344827586206,0.4003917010148674,116.11359329431154,1.1899958022826185,0.7511445450327852,114,176,7.322988505747126,0.3372917422448442,0.6829998743991622
tf=1|ema=34|vwap=roll50|trend=0|sides=long|stop_atr=0|target_atr=0.0|exit_cross=True|min_bars=0|max_bars=0|confirm=False|entry=cross_or_pb|exit=cross|regime=|rs=20|dtrend=0,570,45.96491228070175,1.395804579943052,795.6086105675397,1.7417007935091098,3.87376534081021,262,308,8.56937134502924,0.795215108272916,2.3880799979367597,457,37.63676148796499,0.504781230111064,230.6850221607563,1.2359028623315067,1.291284312891548,172,285,7.49626185266229,0.2479282042785976,0.6927183196719732
tf=1|ema=21|vwap=roll35|trend=0|sides=long|stop_atr=4.0|target_atr=0.0|exit_cross=True|min_bars=0|max_bars=0|confirm=False|entry=cross|exit=close_vwap|regime=|rs=0|dtrend=50,757,34.081902245706736,0.8065671410932335,610.5713258075778,1.6182437868743176,3.1603583956871524,258,499,4.635457948040511,0.5679302218155473,2.387964684341946,600,34.833333333333336,0.6205614563619484,372.336873817169,1.4581312495524343,2.3783798999073427,209,391,4.598333333333334,0.5136599644986342,2.0878437448163636
tf=1|ema=34|vwap=week|trend=0|sides=long|stop_atr=4.0|target_atr=0.0|exit_cross=True|min_bars=7|max_bars=0|confirm=False|entry=cross|exit=close_vwap|regime=spyvw|rs=0|dtrend=0,746,49.19571045576407,0.9950707013221658,742.3227431863356,1.9340675160417562,4.246856269226967,367,379,2.919850312779267,0.48617213228479994,2.3848924826659124,573,42.23385689354276,0.21636246916033708,123.97569482887315,1.2029591738257812,1.2878644628918603,242,331,2.395069808027923,0.06501469796639393,0.43211285311899406
tf=1|ema=21|vwap=roll35|trend=0|sides=long|stop_atr=4.0|target_atr=0.0|exit_cross=True|min_bars=0|max_bars=0|confirm=False|entry=cross_or_pb|exit=close_vwap|regime=spyvw|rs=0|dtrend=50,750,33.86666666666667,0.7144049109672563,535.8036832254422,1.6206977816475214,2.9052121099070156,254,496,4.0073888888888884,0.5512001250521235,2.3847867749894407,561,30.124777183600713,0.08014809424679505,44.963080872452025,1.0620296798197408,0.3862263623431632,169,392,3.924093879976233,-0.023363289592954174,-0.1207731602049504
tf=1|ema=21|vwap=week|trend=0|sides=long|stop_atr=0|target_atr=0.0|exit_cross=True|min_bars=0|max_bars=0|confirm=False|entry=cross|exit=close_vwap|regime=|rs=0|dtrend=0,2063,41.10518662142511,0.30062198783170657,620.1831608968107,1.3985575714159526,3.774952090133765,848,1215,1.9101833898852805,0.17460722010675325,2.3827706228597454,1562,38.60435339308579,0.25440587697076206,397.3819798283303,1.3312749569565028,2.93633577087519,603,959,1.7730206999573195,0.177289117337949,2.2422324173238453
tf=1|ema=13|vwap=roll50|trend=0|sides=long|stop_atr=0|target_atr=0.0|exit_cross=True|min_bars=0|max_bars=0|confirm=False|entry=cross_or_pb|exit=cross|regime=spy50|rs=20|dtrend=50,427,38.17330210772834,1.333073272760079,569.2222874685538,1.7316231779135793,2.983024290887622,163,264,8.133587041373927,1.0037713747466517,2.3818275512300495,354,36.15819209039548,0.3750475242245398,132.76682357548708,1.1835830245698935,0.9593319987683065,128,226,7.426906779661017,0.3011982350813853,0.8078225009280305
tf=1|ema=34|vwap=roll50|trend=0|sides=long|stop_atr=0|target_atr=0.0|exit_cross=True|min_bars=7|max_bars=0|confirm=False|entry=cross|exit=cross|regime=|rs=20|dtrend=0,467,47.75160599571735,1.6276962863485285,760.1341657247629,1.794629861106414,3.819758271497382,223,244,9.622323340471093,0.9366210906747561,2.381801712398641,375,37.6,0.6693189076399912,250.99459036499672,1.2892449091999287,1.405092066170469,141,234,8.703888888888889,0.35293945187330067,0.8083400537865201
tf=1|ema=21|vwap=roll35|trend=0|sides=long|stop_atr=0|target_atr=0.0|exit_cross=True|min_bars=7|max_bars=0|confirm=False|entry=cross|exit=close_vwap|regime=spy50|rs=0|dtrend=50,673,35.51263001485884,0.7973162158670737,536.5938132785406,1.5617690472043528,2.7981127939080936,239,434,5.125061911837543,0.6368250221514986,2.3810689819326947,529,38.752362948960304,0.7935951185857046,419.8118177318378,1.5576829293581698,2.6829196815625016,205,324,5.313957151858854,0.6493230407109678,2.3466103437432837
tf=1|ema=21|vwap=roll35|trend=0|sides=long|stop_atr=0|target_atr=0.0|exit_cross=True|min_bars=0|max_bars=0|confirm=False|entry=cross_or_pb|exit=close_vwap|regime=spyvw|rs=20|dtrend=50,525,34.857142857142854,0.9515975061968324,499.588690753337,1.7609034284818739,2.8281729008381,183,342,4.115079365079365,0.7553965670108286,2.378368725009392,403,31.76178660049628,0.3491572459638074,140.71037012341438,1.270026706517014,1.2932612883636667,128,275,4.073924731182795,0.2459230051205403,0.9778895904135783
tf=1|ema=13|vwap=roll35|trend=0|sides=long|stop_atr=4.0|target_atr=0.0|exit_cross=True|min_bars=7|max_bars=0|confirm=False|entry=cross_or_pb|exit=cross|regime=spyvw|rs=0|dtrend=50,649,38.366718027734976,0.8903940012892098,577.8657068366972,1.5658993173693532,2.8513275074891316,249,400,6.336286594761171,0.7041437015718955,2.378225397565507,498,35.34136546184739,-0.22905873097455567,-114.07124802532873,0.8755980195794759,-0.9116260164889939,176,322,5.974732262382864,-0.3760963234967178,-1.6062217360314255
tf=1|ema=21|vwap=roll35|trend=0|sides=long|stop_atr=4.0|target_atr=0.0|exit_cross=True|min_bars=7|max_bars=0|confirm=False|entry=cross|exit=cross|regime=|rs=0|dtrend=0,1384,39.23410404624278,0.8095359494852272,1120.3977540875544,1.4244756487500212,3.830775265797451,543,841,6.607689065510598,0.45593917267729805,2.3773689089041787,1046,39.10133843212237,0.2890350453826842,302.3306574702877,1.1496393956914317,1.3822221221863713,409,637,6.231118546845124,0.029893324888981096,0.15616015385643237
tf=1|ema=34|vwap=roll35|trend=0|sides=long|stop_atr=4.0|target_atr=0.0|exit_cross=True|min_bars=0|max_bars=0|confirm=False|entry=cross_or_pb|exit=close_vwap|regime=spyvw|rs=0|dtrend=0,1169,36.783575705731394,0.5821618181666574,680.5471654368224,1.5494065023929817,3.3038995161550666,430,739,3.537460792700313,0.3902763334137623,2.3770131404229407,967,32.161323681489144,0.276532780516191,267.4071987591567,1.2679692640399773,1.7348103726119175,311,656,2.917269906928645,0.11756595739550377,0.8285403886832836
tf=1|ema=34|vwap=roll35|trend=0|sides=long|stop_atr=0|target_atr=0.0|exit_cross=True|min_bars=0|max_bars=0|confirm=False|entry=cross|exit=close_vwap|regime=|rs=0|dtrend=0,1533,36.85583822570124,0.5331165708322089,817.2677030857762,1.5219641268770998,3.5735290076875663,565,968,3.332409219395521,0.32743697489890294,2.3768413922335605,1258,35.453100158982515,0.2973458110464805,374.06103029647244,1.2925736436924093,2.017577720414722,446,812,2.8058757286698466,0.16368057052647483,1.2189197591809633
tf=1|ema=13|vwap=roll35|trend=0|sides=long|stop_atr=4.0|target_atr=0.0|exit_cross=True|min_bars=0|max_bars=0|confirm=False|entry=cross_or_pb|exit=cross|regime=|rs=0|dtrend=50,851,37.83783783783784,0.8362638463929551,711.6605332804048,1.5295873115320138,3.2108760472264875,322,529,6.356541323932628,0.5754475696831727,2.3753551552493835,666,34.234234234234236,0.07378310922106836,49.13955074123153,1.0406607174092153,0.2983680509677433,228,438,5.892955455455455,-0.0620431360624534,-0.26569981638722207
tf=1|ema=34|vwap=roll50|trend=0|sides=long|stop_atr=0|target_atr=0.0|exit_cross=True|min_bars=7|max_bars=0|confirm=False|entry=cross_or_pb|exit=cross|regime=spy50|rs=0|dtrend=50,547,45.52102376599635,1.1591324741851081,634.0454633792541,1.6258708293717223,3.186762271121214,249,298,8.84635892748324,0.8113980859726148,2.373322670485305,453,36.86534216335541,0.28975398082699744,131.25855331462986,1.1328979832986026,0.762475219479832,167,286,8.171265636497424,0.21042028967738838,0.5827060682274626
tf=1|ema=21|vwap=roll35|trend=0|sides=long|stop_atr=0|target_atr=0.0|exit_cross=True|min_bars=7|max_bars=0|confirm=False|entry=cross|exit=close_vwap|regime=spy50|rs=20|dtrend=50,467,37.687366167023555,1.0778330345131149,503.34802711762467,1.7260225064677919,2.890957688436423,176,291,5.326998572448251,0.8328628863258495,2.3728763424553123,377,40.84880636604775,1.2370007495819746,466.34928259240445,1.831741218818062,3.1190471227650347,154,223,5.496242263483643,1.097913445378016,2.9575920484457017
tf=1|ema=13|vwap=week|trend=0|sides=long|stop_atr=4.0|target_atr=0.0|exit_cross=True|min_bars=0|max_bars=0|confirm=False|entry=cross|exit=cross|regime=spyvw|rs=20|dtrend=0,776,48.71134020618557,0.8278506716317836,642.4121211862641,1.5867164105351548,4.105744971593562,378,398,3.6112006013745708,0.43020678924671774,2.372366682126124,545,46.788990825688074,0.1617197244720924,88.13724983729036,1.1066462492661582,0.8173446413346408,255,290,3.265443425076452,0.04554591431620214,0.24724776046363411
tf=1|ema=34|vwap=roll50|trend=0|sides=long|stop_atr=4.0|target_atr=0.0|exit_cross=True|min_bars=0|max_bars=0|confirm=False|entry=cross_or_pb|exit=close_vwap|regime=|rs=20|dtrend=0,612,34.64052287581699,1.0773117426738765,659.3147865164125,1.739069333127931,3.4616229446270665,212,400,5.840958605664488,0.6764008728180585,2.3716878087772195,496,32.86290322580645,0.6164166521216609,305.7426594523438,1.420290568140886,1.7700063734152964,163,333,5.125504032258065,0.4468578702992926,1.3985312812375486
tf=1|ema=21|vwap=week|trend=0|sides=long|stop_atr=4.0|target_atr=0.0|exit_cross=True|min_bars=7|max_bars=0|confirm=False|entry=cross_or_pb|exit=cross|regime=spy50|rs=20|dtrend=0,799,52.065081351689614,0.5932564462103661,474.01190052208256,1.4355701940602368,3.3456379794796676,416,383,3.7087505214851895,0.38894080263706743,2.3704308776889906,706,51.13314447592068,0.519526800203399,366.78592094359976,1.340587338191067,2.6776234552950924,361,345,3.60027148253069,0.4306838563176989,2.357395497405275
tf=1|ema=13|vwap=roll35|trend=0|sides=long|stop_atr=0|target_atr=0.0|exit_cross=True|min_bars=0|max_bars=0|confirm=False|entry=cross_or_pb|exit=close_vwap|regime=spy50|rs=20|dtrend=0,665,35.338345864661655,0.8438351948351668,561.150404565386,1.679161724659686,2.9284827131371682,235,430,4.059022556390977,0.6451243582166122,2.37040899467196,559,32.73703041144902,0.6486196905827554,362.5784070357603,1.5043875887213873,2.3514851449691148,183,376,4.120229576624926,0.5173694554508436,2.0032452781234866
tf=1|ema=21|vwap=week|trend=0|sides=long|stop_atr=0|target_atr=0.0|exit_cross=True|min_bars=7|max_bars=0|confirm=False|entry=cross_or_pb|exit=cross|regime=|rs=20|dtrend=50,818,55.74572127139364,0.7045492446556498,576.3212821283215,1.5376010773141364,3.961142337653064,456,362,4.25188467807661,0.3915199271785249,2.3699960458217357,666,52.552552552552555,0.44398087350454574,295.6912617540275,1.2664161674240306,2.043322344596628,350,316,3.99512012012012,0.36270840185321,1.7661272398297085
tf=1|ema=13|vwap=roll50|trend=0|sides=long|stop_atr=0|target_atr=0.0|exit_cross=True|min_bars=0|max_bars=0|confirm=False|entry=cross|exit=close_vwap|regime=spyvw|rs=20|dtrend=50,225,38.22222222222222,1.801069107248714,405.24054913096063,2.194384422925522,2.5398026521205113,86,139,5.966111111111111,1.6180102541311774,2.3691513199832412,208,31.73076923076923,-0.10028102704587338,-20.858453625541664,0.9379925180930161,-0.3048736653382815,66,142,5.620592948717948,-0.056939666104150334,-0.1765257130440953
tf=1|ema=34|vwap=week|trend=0|sides=long|stop_atr=4.0|target_atr=0.0|exit_cross=True|min_bars=0|max_bars=0|confirm=False|entry=cross_or_pb|exit=cross|regime=|rs=20|dtrend=50,633,56.39810426540284,0.6203004464949294,392.6501826312903,1.5421221261205662,3.4795825227936303,357,276,3.3274091627172195,0.38416316959188085,2.368560743815912,465,54.40860215053763,0.32700340189132215,152.0565818794648,1.2268620559261678,1.466561222410303,253,212,3.20994623655914,0.2578239400060629,1.242318568326212
tf=1|ema=13|vwap=roll50|trend=0|sides=long|stop_atr=0|target_atr=0.0|exit_cross=True|min_bars=0|max_bars=0|confirm=False|entry=cross_or_pb|exit=cross|regime=spyvw|rs=20|dtrend=50,346,38.15028901734104,1.4624820398657108,506.0187857935359,1.8552366555230342,2.8887834997086594,132,214,7.740968208092486,1.1422254025939285,2.36844996810606,292,33.9041095890411,-0.13902880824684813,-40.59641200807965,0.9312504303858434,-0.3870321696133403,99,193,6.85587899543379,-0.15111019379347002,-0.4483313960915645
tf=1|ema=34|vwap=roll50|trend=0|sides=long|stop_atr=0|target_atr=0.0|exit_cross=True|min_bars=0|max_bars=0|confirm=False|entry=cross_or_pb|exit=cross|regime=spyvw|rs=20|dtrend=50,364,44.23076923076923,1.3890233941810506,505.60451548190247,1.8822718544929733,3.146967537879548,161,203,7.378548534798536,1.006609811915796,2.3661151516529655,298,38.25503355704698,0.14010289595943384,41.750662995911284,1.0663311410965808,0.29561673577394837,114,184,6.911633109619686,0.08026058947356829,0.18538657083096222
tf=1|ema=13|vwap=roll50|trend=0|sides=long|stop_atr=0|target_atr=0.0|exit_cross=True|min_bars=0|max_bars=0|confirm=False|entry=cross|exit=cross|regime=|rs=20|dtrend=50,359,40.11142061281337,1.570198525849095,563.7012707798251,1.8069815950527202,3.0550793294949328,144,215,9.131499535747446,1.1460236115018203,2.3615869753074215,324,37.03703703703704,0.31093193348282233,100.74194644843443,1.1431751783544368,0.753794257111203,120,204,8.1997170781893,0.18951524263192038,0.47924754329622776
tf=1|ema=34|vwap=roll50|trend=0|sides=long|stop_atr=0|target_atr=0.0|exit_cross=True|min_bars=0|max_bars=0|confirm=False|entry=cross_or_pb|exit=close_vwap|regime=|rs=20|dtrend=0,610,34.75409836065574,1.065769432433151,650.1193537842221,1.723788889427575,3.4033976009608455,212,398,5.875204918032787,0.676815116093518,2.3608156985512805,494,32.99595141700405,0.6202996762861462,306.42804008535626,1.4216299734155118,1.7693345120924577,163,331,5.151231443994601,0.4573151822979417,1.4232306183251238
tf=1|ema=13|vwap=roll35|trend=0|sides=long|stop_atr=4.0|target_atr=0.0|exit_cross=True|min_bars=0|max_bars=0|confirm=False|entry=cross|exit=cross|regime=|rs=20|dtrend=50,534,40.262172284644194,1.1409729811603648,609.2795719396348,1.6746544106978214,3.083995196960243,215,319,6.7536672908863915,0.8221790102144202,2.359567809367371,427,37.704918032786885,0.448768145533313,191.62399814272464,1.2328369878827394,1.2667619585153271,161,266,6.3980288836846215,0.26146251998098746,0.7821876479513568
tf=1|ema=21|vwap=week|trend=0|sides=long|stop_atr=4.0|target_atr=0.0|exit_cross=True|min_bars=7|max_bars=0|confirm=False|entry=cross_or_pb|exit=cross|regime=spy50|rs=20|dtrend=50,746,52.41286863270778,0.6051723922191191,451.4586045954629,1.4577240959030533,3.3689526666598755,391,355,3.7188337801608577,0.39397020881010697,2.358655661975907,642,50.77881619937695,0.4908606379340775,315.1325295536778,1.3192499417235684,2.386283724714239,326,316,3.582619418483905,0.4012019592680529,2.0726524342433903
tf=1|ema=13|vwap=roll35|trend=0|sides=long|stop_atr=4.0|target_atr=0.0|exit_cross=True|min_bars=0|max_bars=0|confirm=False|entry=cross_or_pb|exit=cross|regime=spyvw|rs=0|dtrend=50,672,37.20238095238095,0.8546292814971157,574.3108771660618,1.5691255978146688,2.8556546459935817,250,422,6.025979662698413,0.6682289885285835,2.35672103160873,514,32.87937743190661,-0.21417026463972452,-110.08351602481841,0.8799781138190687,-0.8827111081762015,169,345,5.711575875486381,-0.3494444043149047,-1.5452533224451916
tf=1|ema=21|vwap=roll50|trend=0|sides=long|stop_atr=0|target_atr=0.0|exit_cross=True|min_bars=0|max_bars=0|confirm=False|entry=cross|exit=cross|regime=|rs=20|dtrend=0,419,41.527446300715994,1.777260133373959,744.6719958836889,1.7894803183002834,3.467924109106197,174,245,10.63206046141607,1.0968833410800674,2.3565538004158495,372,36.29032258064516,0.7152366833922033,266.06804622189964,1.3389364512693562,1.518019255530084,135,237,8.699932795698924,0.4646399555738312,1.0846627536902427
tf=1|ema=21|vwap=roll35|trend=0|sides=long|stop_atr=0|target_atr=0.0|exit_cross=True|min_bars=7|max_bars=0|confirm=False|entry=cross|exit=close_vwap|regime=|rs=0|dtrend=50,743,35.80080753701211,0.7894758885359435,586.580585182206,1.5448818214285212,2.9563101858803424,266,477,5.200426200089726,0.5842923556823284,2.356048349117683,583,37.9073756432247,0.6474497903697681,377.4632277855748,1.436287836666133,2.3609557043354155,221,362,5.190966266437964,0.5293107414710749,2.0543641161986317
tf=1|ema=13|vwap=roll35|trend=0|sides=long|stop_atr=4.0|target_atr=0.0|exit_cross=True|min_bars=0|max_bars=0|confirm=False|entry=cross|exit=close_vwap|regime=spy50|rs=0|dtrend=50,685,33.722627737226276,0.7972507642475573,546.1167735095768,1.6194466444932945,2.845164526387071,231,454,4.52323600973236,0.6210401353463668,2.3549704861969816,549,34.24408014571949,0.5693318741974076,312.56319893437677,1.4169369771710565,2.030164030495135,188,361,4.597601700060716,0.45482565555631943,1.7313513446341577
tf=1|ema=21|vwap=roll50|trend=0|sides=long|stop_atr=0|target_atr=0.0|exit_cross=True|min_bars=0|max_bars=0|confirm=False|entry=cross_or_pb|exit=close_vwap|regime=spyvw|rs=20|dtrend=0,464,32.11206896551724,1.078901761961313,500.6104175500492,1.8265481850909195,2.8177769399048374,149,315,4.850305316091955,0.8496554970870839,2.350121312459709,367,28.88283378746594,0.2696820983336164,98.97333008843721,1.1884249468845187,0.7076469409863719,106,261,4.662465940054496,0.15421899475781695,0.45152224361401294
tf=1|ema=13|vwap=week|trend=0|sides=long|stop_atr=0|target_atr=0.0|exit_cross=True|min_bars=0|max_bars=0|confirm=False|entry=cross|exit=cross|regime=spyvw|rs=20|dtrend=50,612,52.12418300653595,0.8410258068194277,514.7077937734897,1.6135684188033108,3.685090811179517,319,293,3.8693491285403048,0.5024501283222826,2.3486330024663715,474,47.67932489451477,0.18310989479787884,86.79409013419456,1.1219221456062305,0.856609611678524,226,248,3.51010900140647,0.12119945787324045,0.6026113392951533
tf=1|ema=13|vwap=roll50|trend=0|sides=long|stop_atr=4.0|target_atr=0.0|exit_cross=True|min_bars=7|max_bars=0|confirm=False|entry=cross_or_pb|exit=cross|regime=|rs=20|dtrend=50,445,39.550561797752806,1.4631597132045688,651.1060723760331,1.77481914688959,3.299242015718726,176,269,8.635299625468166,0.9810522343034055,2.348047664679971,379,36.147757255936675,0.21727270524271483,82.34635528698892,1.099298499167368,0.5738950638356621,137,242,7.532431838170624,0.06581573513767199,0.18252085366027776
tf=1|ema=13|vwap=roll50|trend=0|sides=long|stop_atr=0|target_atr=0.0|exit_cross=True|min_bars=0|max_bars=0|confirm=False|entry=cross|exit=cross|regime=spy50|rs=0|dtrend=50,496,37.5,1.135343455376978,563.130353866981,1.6198252005994456,2.856806898893867,186,310,8.806031586021504,0.8788709749982048,2.347435607251658,416,35.57692307692308,0.06584466297693575,27.391379798405268,1.0315649031136622,0.19618808279106198,148,268,8.106069711538462,-0.01779598565439634,-0.0556836301417412
tf=1|ema=13|vwap=roll50|trend=0|sides=long|stop_atr=4.0|target_atr=0.0|exit_cross=True|min_bars=0|max_bars=0|confirm=False|entry=cross_or_pb|exit=cross|regime=spyvw|rs=20|dtrend=50,346,38.15028901734104,1.4807355097181172,512.3344863624686,1.875253759393131,2.9351674613910186,132,214,7.687740847784201,1.1281620823342837,2.345991406225842,293,33.10580204778157,-0.18226692305239556,-53.404208454351895,0.9107107875677907,-0.5102288968268222,97,196,6.688993174061434,-0.23273675323176876,-0.6908879567183487
tf=1|ema=13|vwap=roll35|trend=0|sides=long|stop_atr=4.0|target_atr=0.0|exit_cross=True|min_bars=7|max_bars=0|confirm=False|entry=cross|exit=close_vwap|regime=spy50|rs=20|dtrend=50,454,39.20704845814978,1.157488027940725,525.4995646850891,1.7761069794158573,2.9149120428644992,178,276,5.207874449339207,0.8801520304461562,2.3458038867530044,375,39.2,0.9677973272118702,362.9239977044513,1.6150182392120724,2.4288112212440764,147,228,5.286555555555554,0.8176432110923763,2.190506352622956
tf=1|ema=21|vwap=roll35|trend=0|sides=long|stop_atr=4.0|target_atr=0.0|exit_cross=True|min_bars=7|max_bars=0|confirm=False|entry=cross|exit=close_vwap|regime=spyvw|rs=20|dtrend=0,434,38.0184331797235,1.1388895726005417,494.2780745086351,1.7241048668174876,2.8340613571791127,165,269,5.415322580645161,0.8657341630296387,2.3451411330983265,316,39.87341772151899,0.9324829200801086,294.6646027453143,1.6057040939620222,2.3163886535524325,126,190,5.61629746835443,0.6842989510422842,1.898776771048257
tf=1|ema=13|vwap=week|trend=0|sides=long|stop_atr=0|target_atr=0.0|exit_cross=True|min_bars=0|max_bars=0|confirm=False|entry=cross|exit=cross|regime=spyvw|rs=0|dtrend=50,846,50.0,0.7384454485380378,624.72484946318,1.5911662337715944,3.8971907121680083,423,423,3.7438928289992117,0.4180507057724703,2.3445498280255466,681,45.66813509544787,0.05440614282318287,37.05058326258753,1.0382918189064694,0.32511353390017345,311,370,3.5455824767498774,0.008619064160903024,0.05492326343093091
tf=1|ema=13|vwap=roll35|trend=0|sides=long|stop_atr=0|target_atr=0.0|exit_cross=True|min_bars=0|max_bars=0|confirm=False|entry=cross_or_pb|exit=cross|regime=spyvw|rs=0|dtrend=50,668,37.4251497005988,0.8411543832815798,561.8911280320953,1.550048201363742,2.786792792397163,250,418,6.11377245508982,0.6688612754967729,2.3426576648463753,511,33.268101761252446,-0.21054060193209634,-107.58624758730124,0.8828749592453359,-0.8522383350207051,170,341,5.787752772341814,-0.33059766477659186,-1.4386637936377054
tf=1|ema=13|vwap=roll35|trend=0|sides=long|stop_atr=4.0|target_atr=0.0|exit_cross=True|min_bars=0|max_bars=0|confirm=False|entry=cross|exit=close_vwap|regime=|rs=0|dtrend=50,760,34.3421052631579,0.7933044251808871,602.9113631374742,1.616440628210037,3.0663013156221033,261,499,4.611622807017543,0.5659954797235772,2.341028954418119,596,33.89261744966443,0.5481647683647897,326.7062019454146,1.4012389057755201,2.0818579605886955,202,394,4.535934004474273,0.43057238868926295,1.7384912615740309
tf=1|ema=13|vwap=roll50|trend=0|sides=long|stop_atr=0|target_atr=0.0|exit_cross=True|min_bars=7|max_bars=0|confirm=False|entry=cross_or_pb|exit=close_vwap|regime=spyvw|rs=20|dtrend=50,368,36.68478260869565,1.291735783476303,475.35876831927953,1.899190130432386,2.6943467172887496,135,233,5.693953804347826,1.0719367049500175,2.3410174340771195,311,32.154340836012864,-0.24383921909305792,-75.83399713794101,0.8536190187513683,-0.881596232241743,100,211,5.07301714898178,-0.21891715274817364,-0.8299655346509895
tf=1|ema=21|vwap=roll35|trend=0|sides=long|stop_atr=4.0|target_atr=0.0|exit_cross=True|min_bars=0|max_bars=0|confirm=False|entry=cross|exit=cross|regime=spyvw|rs=0|dtrend=0,968,38.22314049586777,0.8237848564642378,797.4237410573822,1.4668593381147434,3.2787892072215117,370,598,6.252625688705234,0.5423967492378201,2.3406543046472255,730,36.986301369863014,0.1525898329779367,111.3905780738938,1.0802023461005794,0.6434630095469007,270,460,6.11027397260274,-0.09283063466847091,-0.4337037008580594
tf=1|ema=13|vwap=roll50|trend=0|sides=long|stop_atr=0|target_atr=0.0|exit_cross=True|min_bars=7|max_bars=0|confirm=False|entry=cross|exit=cross|regime=spy50|rs=20|dtrend=50,316,39.87341772151899,1.6183141168710082,511.3872609312386,1.7945101402541488,2.8008079076279886,126,190,9.220727848101264,1.2827124480946754,2.33940533863543,287,36.933797909407666,0.38178555427229394,109.57245407614835,1.1678017741212077,0.8294332432073124,106,181,8.425087108013937,0.29396292629878995,0.6662723413368539
tf=1|ema=13|vwap=roll35|trend=0|sides=long|stop_atr=4.0|target_atr=0.0|exit_cross=True|min_bars=7|max_bars=0|confirm=False|entry=cross|exit=cross|regime=spy50|rs=20|dtrend=50,462,41.34199134199134,1.1860656117357655,547.9623126219237,1.6740474887078616,2.839633535779987,191,271,6.905663780663781,0.9254975234433164,2.3386545717526808,379,38.25857519788918,0.5424752798917557,205.5981310789754,1.280235620307741,1.3927035740796827,145,234,6.625549692172383,0.3937734362756646,1.0654567598687388
tf=1|ema=34|vwap=roll50|trend=0|sides=long|stop_atr=0|target_atr=0.0|exit_cross=True|min_bars=0|max_bars=0|confirm=False|entry=cross|exit=close_vwap|regime=|rs=20|dtrend=0,453,37.52759381898455,1.35282232106669,612.8285114432107,1.8320062838048794,3.4408289771689584,170,283,6.868561442236939,0.8408450457164143,2.3372419609293873,373,36.46112600536193,0.9617867440078103,358.74645551491324,1.6002091138474122,2.131189936615038,136,237,6.1463360142984795,0.7326587995221943,1.7862365986878157
tf=1|ema=13|vwap=roll35|trend=0|sides=long|stop_atr=0|target_atr=0.0|exit_cross=True|min_bars=7|max_bars=0|confirm=False|entry=cross|exit=cross|regime=spy50|rs=0|dtrend=50,679,38.144329896907216,0.8336969805560948,566.0802497975883,1.4967900841472026,2.695539929655583,259,420,6.813328424153166,0.6782657450312833,2.335515517019797,539,36.54916512059369,0.12850123528086063,69.26216581638388,1.0679198035675364,0.44116226518738416,197,342,6.555504019789733,0.027208555785908643,0.09907666411015952
tf=1|ema=13|vwap=roll50|trend=0|sides=long|stop_atr=0|target_atr=0.0|exit_cross=True|min_bars=0|max_bars=0|confirm=False|entry=cross|exit=cross|regime=spyvw|rs=20|dtrend=50,229,40.17467248908297,1.8308513286519674,419.26495426130055,1.9713530536879438,2.6133422696471182,92,137,8.901018922852984,1.5734033949155224,2.334836137324416,212,34.43396226415094,-0.1510052516145277,-32.01311334227987,0.9320999910461419,-0.34163356451679866,73,139,7.967570754716981,-0.1984077359787981,-0.4735553561704899
tf=1|ema=34|vwap=roll50|trend=0|sides=long|stop_atr=4.0|target_atr=0.0|exit_cross=True|min_bars=7|max_bars=0|confirm=False|entry=cross|exit=cross|regime=|rs=20|dtrend=0,468,45.94017094017094,1.5602794730587837,730.2107933915107,1.7968765381854266,3.8590516367967345,215,253,9.056445868945868,0.8689365623130996,2.3338430704954503,375,37.06666666666667,0.6987560811344858,262.0335304254322,1.3080056444911392,1.4792305177202492,139,236,8.199111111111112,0.3713102123030396,0.856967236894047
tf=1|ema=21|vwap=roll35|trend=0|sides=long|stop_atr=4.0|target_atr=0.0|exit_cross=True|min_bars=7|max_bars=0|confirm=False|entry=cross_or_pb|exit=cross|regime=|rs=0|dtrend=0,1413,39.561217268223636,0.8002311663922316,1130.7266381122233,1.4248323881472889,3.860503172721657,559,854,6.594922151450814,0.4390884940671999,2.333477962893038,1061,38.737040527803956,0.27500825472841106,291.78375826684413,1.1431965998213922,1.3331796087301822,411,650,6.193488846999686,0.015537292027828754,0.08227536135479127
tf=1|ema=13|vwap=roll50|trend=0|sides=long|stop_atr=4.0|target_atr=0.0|exit_cross=True|min_bars=0|max_bars=0|confirm=False|entry=cross_or_pb|exit=cross|regime=spy50|rs=20|dtrend=0,458,37.33624454148472,1.2870149985447021,589.4528693334736,1.6873457904958842,2.980130092822897,171,287,7.898016739446871,0.9510118829452516,2.332576194715154,393,34.60559796437659,0.3584310140516057,140.86338852228107,1.1773121223863015,0.973428304118087,136,257,7.088422391857506,0.2498582015646041,0.7073981526369498
tf=1|ema=34|vwap=week|trend=0|sides=long|stop_atr=0|target_atr=0.0|exit_cross=True|min_bars=0|max_bars=0|confirm=False|entry=cross_or_pb|exit=cross|regime=spy50|rs=0|dtrend=0,1051,56.89819219790675,0.5230419829586258,549.7171240895158,1.4241193707644806,3.4371205705712375,598,453,4.833809070726292,0.322697490446388,2.3322201439131627,987,54.10334346504559,0.3124754665186375,308.41328545389524,1.2103409824480262,1.814990098922654,534,453,5.087174940898344,0.14215106463665844,0.8574622384239908
tf=1|ema=34|vwap=roll50|trend=0|sides=long|stop_atr=0|target_atr=0.0|exit_cross=True|min_bars=0|max_bars=0|confirm=False|entry=cross|exit=cross|regime=|rs=20|dtrend=0,494,46.963562753036435,1.5086735069274442,745.2847124221573,1.7782432894889342,3.7971281327142066,232,262,9.025387989203777,0.8550309849882736,2.331450447738803,398,37.93969849246231,0.6039673026447404,240.37898645260668,1.2695901796024445,1.3769477080014232,151,247,8.137353433835845,0.3012742086003167,0.7528070528982401
tf=1|ema=21|vwap=roll50|trend=0|sides=long|stop_atr=4.0|target_atr=0.0|exit_cross=True|min_bars=0|max_bars=0|confirm=False|entry=cross_or_pb|exit=close_vwap|regime=spyvw|rs=20|dtrend=0,464,32.11206896551724,1.084712153192365,503.3064390812573,1.8347151425869161,2.8335679197707004,149,315,4.835398706896552,0.8431487833334538,2.3305056529831782,368,29.07608695652174,0.24887075429286185,91.58443757977317,1.1712391735205985,0.6540676655434983,107,261,4.628962862318841,0.13236048144963086,0.38787883354528824
tf=1|ema=21|vwap=roll50|trend=0|sides=long|stop_atr=4.0|target_atr=0.0|exit_cross=True|min_bars=0|max_bars=0|confirm=False|entry=cross_or_pb|exit=close_vwap|regime=|rs=20|dtrend=0,632,33.54430379746835,1.0368735815390158,655.304103532658,1.7183602566734186,3.24893305338098,212,420,5.457014767932489,0.683797286764758,2.3301836011197947,504,31.547619047619047,0.6155405973511889,310.2324610649992,1.4203361063664737,1.792228746756618,159,345,5.090773809523809,0.47318893206372836,1.5060750284106912
tf=1|ema=21|vwap=roll35|trend=0|sides=long|stop_atr=4.0|target_atr=0.0|exit_cross=True|min_bars=0|max_bars=0|confirm=False|entry=cross_or_pb|exit=cross|regime=|rs=20|dtrend=0,765,40.130718954248366,0.966238068617897,739.1721224926912,1.548135321135535,3.373094908810015,307,458,6.24384531590414,0.6108230101396575,2.3289243558260737,617,37.60129659643436,0.5060876266369186,312.25606563497877,1.2781591761231186,1.829214137643385,232,385,5.705159373311724,0.28845807217995145,1.1400281504451026
tf=1|ema=34|vwap=week|trend=0|sides=long|stop_atr=4.0|target_atr=0.0|exit_cross=True|min_bars=0|max_bars=0|confirm=False|entry=cross|exit=cross|regime=spyvw|rs=0|dtrend=50,476,54.411764705882355,0.6860076752480706,326.53965341808157,1.6592596769269359,3.472774078104173,259,217,3.3051470588235294,0.40766468006231593,2.3286913748976374,349,53.86819484240688,0.2293040964908663,80.02712967531235,1.1722787538394113,0.952951215596873,188,161,3.3077841451766954,0.08565068275347498,0.38290901021283635
tf=1|ema=34|vwap=week|trend=0|sides=long|stop_atr=0|target_atr=0.0|exit_cross=True|min_bars=0|max_bars=0|confirm=False|entry=cross|exit=cross|regime=spy50|rs=0|dtrend=0,1032,56.395348837209305,0.511045599219551,527.3990583945766,1.4142996894364166,3.3231652349274876,582,450,4.77422480620155,0.32468666542456925,2.328484042808397,967,53.87797311271975,0.26898590333193423,260.1093685219804,1.1790077672905308,1.545599070440901,521,446,5.018700448121338,0.09250277747108646,0.552063993359454
tf=1|ema=34|vwap=roll50|trend=0|sides=long|stop_atr=4.0|target_atr=0.0|exit_cross=True|min_bars=7|max_bars=0|confirm=False|entry=cross_or_pb|exit=cross|regime=spy50|rs=0|dtrend=0,743,42.395693135935396,1.0214914407019158,758.9681404415235,1.5526013291642964,3.397793537576156,315,428,7.948912068192014,0.6655473825241413,2.3277722662406752,694,35.44668587896253,0.08767621085242165,60.84729033158063,1.0416608180980471,0.32016837214894406,246,448,7.573907300672429,-0.057064699844389,-0.21947244879738373
tf=1|ema=13|vwap=roll50|trend=0|sides=long|stop_atr=4.0|target_atr=0.0|exit_cross=True|min_bars=0|max_bars=0|confirm=False|entry=cross|exit=cross|regime=spyvw|rs=20|dtrend=50,229,40.17467248908297,1.858223006640182,425.5330685206017,2.0004028381511714,2.660487332678272,92,137,8.831331877729257,1.564469823277369,2.327717791709116,212,33.490566037735846,-0.21517506621528196,-45.61711403763977,0.9049400469739912,-0.4870869917136619,71,141,7.7645440251572335,-0.31152712982156244,-0.7397941455002182
tf=1|ema=13|vwap=week|trend=0|sides=long|stop_atr=4.0|target_atr=0.0|exit_cross=True|min_bars=7|max_bars=0|confirm=False|entry=cross|exit=cross|regime=spyvw|rs=20|dtrend=50,585,51.111111111111114,0.8879858176993846,519.47170335414,1.60549949491385,3.6308261551701704,299,286,3.9318376068376066,0.5301024792053062,2.327196033415394,449,46.770601336302896,0.1668550216820198,74.9179047352269,1.1012426787685428,0.7183058553272936,210,239,3.614328136599852,0.09932897225427052,0.4537846054410268
tf=1|ema=21|vwap=roll50|trend=0|sides=long|stop_atr=0|target_atr=0.0|exit_cross=True|min_bars=0|max_bars=0|confirm=False|entry=cross_or_pb|exit=close_vwap|regime=|rs=20|dtrend=0,631,33.597464342313785,1.0250188581001818,646.7868994612147,1.7036844040621437,3.2009262092825503,212,419,5.477746962493396,0.6851776781351346,2.3269339767853885,503,31.411530815109344,0.625569625050803,314.66152140055397,1.4301880711035153,1.8180218867630011,158,345,5.116799204771372,0.4878486857565617,1.5511381775305595
tf=1|ema=21|vwap=week|trend=0|sides=long|stop_atr=4.0|target_atr=0.0|exit_cross=True|min_bars=0|max_bars=0|confirm=False|entry=cross_or_pb|exit=cross|regime=spy50|rs=0|dtrend=50,1125,51.82222222222222,0.45265242702086383,509.2339803984718,1.3958343305307965,3.4163939943346704,583,542,3.3014814814814817,0.2855162529605234,2.3266193844924574,927,48.22006472491909,0.198680972586138,184.17726158734996,1.1445561661920267,1.3557484756122122,447,480,3.2571916576770943,0.1369752754108516,0.9946805369576371
tf=1|ema=13|vwap=week|trend=0|sides=long|stop_atr=0|target_atr=0.0|exit_cross=True|min_bars=7|max_bars=0|confirm=False|entry=cross|exit=cross|regime=spy50|rs=0|dtrend=0,1513,46.26569729015202,0.4752735145735038,719.0888275497113,1.3242461175086113,3.233857367129629,700,813,3.8268616435338174,0.3190857589243911,2.326257854505795,1502,44.607190412782955,0.1334980831705278,200.51412092213278,1.086092775748478,1.0757118000104242,670,832,3.6015867731913005,0.0802777153382437,0.6889978543085066
tf=1|ema=13|vwap=roll35|trend=0|sides=long|stop_atr=4.0|target_atr=0.0|exit_cross=True|min_bars=0|max_bars=0|confirm=False|entry=cross_or_pb|exit=close_vwap|regime=spy50|rs=20|dtrend=0,667,35.23238380809595,0.8344450787862356,556.5748675504192,1.6699141014294803,2.900962403194129,235,432,4.037418790604697,0.6321471861147904,2.326078886138575,561,32.79857397504456,0.6306361334404638,353.7868708601001,1.4854930042508,2.289117632466503,184,377,4.092765894236483,0.4955882389434438,1.9192894827329334
tf=1|ema=21|vwap=roll50|trend=0|sides=long|stop_atr=0|target_atr=0.0|exit_cross=True|min_bars=0|max_bars=0|confirm=False|entry=cross|exit=close_vwap|regime=spyvw|rs=20|dtrend=0,252,37.698412698412696,1.7178499181535234,432.89817937468797,2.077692791399527,2.673618684704269,95,157,6.607473544973545,1.4196128104389436,2.3253027484604427,221,32.126696832579185,0.5469891833575203,120.88460952201201,1.3361676947000203,0.934547810753334,71,150,6.040158371040724,0.4417349249131063,0.8373407460855539
tf=1|ema=13|vwap=roll50|trend=0|sides=long|stop_atr=4.0|target_atr=0.0|exit_cross=True|min_bars=7|max_bars=0|confirm=False|entry=cross|exit=close_vwap|regime=spy50|rs=0|dtrend=0,633,35.54502369668246,0.9875535385788751,625.121389920428,1.59821549475798,2.8456808094019697,225,408,6.4631384939441805,0.7749939274932804,2.3248010627554954,650,31.384615384615383,-0.024851133233718542,-16.153236601917055,0.9861752286927488,-0.10745842118107327,204,446,6.096089743589743,-0.09171686501093683,-0.41470293564427696
tf=1|ema=21|vwap=roll35|trend=0|sides=long|stop_atr=4.0|target_atr=0.0|exit_cross=True|min_bars=7|max_bars=0|confirm=False|entry=cross_or_pb|exit=cross|regime=|rs=20|dtrend=0,744,40.456989247311824,0.9795454800982973,728.7818371931332,1.5326657294555348,3.306375661646332,301,443,6.531642025089605,0.6307314346285569,2.323804589211622,588,39.285714285714285,0.5463402360908312,321.2480588214087,1.2847930556933904,1.810452070869577,231,357,6.061933106575964,0.30073148872571825,1.0828455304537332
tf=1|ema=34|vwap=roll50|trend=0|sides=long|stop_atr=0|target_atr=0.0|exit_cross=True|min_bars=7|max_bars=0|confirm=False|entry=cross|exit=close_vwap|regime=|rs=20|dtrend=0,445,40.674157303370784,1.3822468233248342,615.0998363795512,1.8042443758108173,3.4213339111786114,181,264,7.340074906367041,0.8566166485094877,2.321425744050844,363,37.1900826446281,0.9269883294260438,336.49676358165397,1.5219075679819931,1.9440213446065222,135,228,6.7809917355371905,0.6823667474872943,1.5662374915253998
tf=1|ema=34|vwap=roll50|trend=0|sides=long|stop_atr=4.0|target_atr=0.0|exit_cross=True|min_bars=0|max_bars=0|confirm=False|entry=cross|exit=close_vwap|regime=|rs=20|dtrend=0,453,37.30684326710817,1.3548575116467279,613.7504527759678,1.8363456318407383,3.4538529403912204,169,284,6.828458425312729,0.8336586308859469,2.320308167666241,373,36.46112600536193,0.9944993996213843,370.9482760587764,1.6335574376369077,2.213504565308867,136,237,6.129468275245756,0.7499829815267759,1.8340910200453566
tf=1|ema=13|vwap=roll50|trend=0|sides=long|stop_atr=4.0|target_atr=0.0|exit_cross=True|min_bars=7|max_bars=0|confirm=False|entry=cross_or_pb|exit=cross|regime=spy50|rs=20|dtrend=50,414,38.888888888888886,1.405296987392137,581.7929527803448,1.7468077523297019,3.0251819670705045,161,253,8.418478260869565,1.0190530037537535,2.320138178214359,351,36.75213675213675,0.3117128989091203,109.41122751710122,1.147648456394725,0.7868609244473017,129,222,7.395892687559354,0.20430877439587164,0.5395156850221595
tf=1|ema=21|vwap=roll35|trend=0|sides=long|stop_atr=4.0|target_atr=0.0|exit_cross=True|min_bars=0|max_bars=0|confirm=False|entry=cross_or_pb|exit=close_vwap|regime=spyvw|rs=20|dtrend=50,528,34.65909090909091,0.9334577349125569,492.86568403383006,1.7430553419112291,2.792495362209365,183,345,4.074258207070707,0.7324246756029584,2.3201187946282085,403,31.76178660049628,0.3198504314260618,128.8997238647029,1.2418795991995766,1.1770591312184215,128,275,4.071650124069479,0.206323628051864,0.8120822668860427
tf=1|ema=21|vwap=roll50|trend=0|sides=long|stop_atr=4.0|target_atr=0.0|exit_cross=True|min_bars=7|max_bars=0|confirm=False|entry=cross|exit=cross|regime=spyvw|rs=0|dtrend=50,338,39.349112426035504,1.51840489698765,513.2208551818258,1.7713002608534818,2.7843269479371013,133,205,10.245192307692308,1.19795630883146,2.318890022884018,297,32.996632996633,0.04265206219757698,12.667662472680362,1.0199647510749754,0.0869901261959546,98,199,8.15446127946128,-0.04815902940322096,-0.10781441483540727
tf=1|ema=13|vwap=roll35|trend=0|sides=long|stop_atr=4.0|target_atr=0.0|exit_cross=True|min_bars=7|max_bars=0|confirm=False|entry=cross|exit=close_vwap|regime=spy50|rs=0|dtrend=50,665,36.2406015037594,0.8143285843779751,541.5285086113535,1.5749323933582147,2.783692373253781,241,424,5.081954887218045,0.637493720620805,2.3188511911597005,535,37.38317757009346,0.569576237552907,304.72328709080523,1.3798148179763856,1.9473719822144009,200,335,5.118224299065421,0.42605926560853313,1.5591964175960276
tf=1|ema=21|vwap=roll35|trend=0|sides=long|stop_atr=4.0|target_atr=0.0|exit_cross=True|min_bars=7|max_bars=0|confirm=False|entry=cross|exit=close_vwap|regime=spy50|rs=20|dtrend=50,467,37.47323340471092,1.0694777231273775,499.4460967004853,1.7175670556462928,2.8676880163593594,175,292,5.284350463954318,0.8140659255779031,2.3180229144344753,377,40.84880636604775,1.2070621891343427,455.06244530364717,1.7955954332425808,3.0325532651670053,154,223,5.467948717948719,1.0492072872531857,2.8091310352292598
tf=1|ema=13|vwap=roll50|trend=0|sides=long|stop_atr=4.0|target_atr=0.0|exit_cross=True|min_bars=0|max_bars=0|confirm=False|entry=cross_or_pb|exit=cross|regime=|rs=20|dtrend=50,459,39.21568627450981,1.3958915015823041,640.7141992262776,1.7625182745741936,3.2748888482624605,180,279,8.286583151779231,0.9301168698607827,2.3172669665023484,385,35.58441558441559,0.24544656845905685,94.4969288567369,1.1157520230915714,0.6632143163819098,137,248,7.374567099567098,0.09928109106138343,0.2810894244414762
tf=1|ema=34|vwap=roll35|trend=0|sides=long|stop_atr=4.0|target_atr=0.0|exit_cross=True|min_bars=0|max_bars=0|confirm=False|entry=cross_or_pb|exit=close_vwap|regime=|rs=0|dtrend=0,1768,35.52036199095023,0.48555842160834695,858.4672894035574,1.4832707170516495,3.6578329843802977,628,1140,3.2237462292609353,0.2831596512981182,2.3167113650452316,1491,32.93091884641181,0.20855346726400686,310.9532196906342,1.2085100301878815,1.6414028075728935,491,1000,2.65118488710038,0.08584440687709305,0.7435361412713812
tf=1|ema=13|vwap=roll50|trend=0|sides=long|stop_atr=0|target_atr=0.0|exit_cross=True|min_bars=7|max_bars=0|confirm=False|entry=cross|exit=close_vwap|regime=spy50|rs=0|dtrend=0,633,35.70300157977883,0.9550250474518469,604.530855037019,1.5648619348176593,2.7370306931478305,226,407,6.4915745129015265,0.7745146149830074,2.3162549363826646,650,31.384615384615383,-0.03469023999385954,-22.548655996008705,0.9808067543849414,-0.1490882366752414,204,446,6.113782051282051,-0.085296612982703,-0.38483936427319443
tf=1|ema=34|vwap=roll35|trend=0|sides=long|stop_atr=4.0|target_atr=0.0|exit_cross=True|min_bars=7|max_bars=0|confirm=False|entry=cross_or_pb|exit=cross|regime=|rs=0|dtrend=0,1739,45.65842438182864,0.5637171298672903,980.3040888392179,1.3545191913285322,3.9575465935010055,794,945,4.454811194172897,0.29159935091106004,2.3158866879334856,1344,43.30357142857143,0.30900043034282054,415.29657838075076,1.18187672253661,2.069938307792543,582,762,4.6106460813492065,0.07152483461982641,0.5241984318564838
tf=1|ema=13|vwap=roll50|trend=0|sides=long|stop_atr=4.0|target_atr=0.0|exit_cross=True|min_bars=7|max_bars=0|confirm=False|entry=cross_or_pb|exit=close_vwap|regime=spyvw|rs=20|dtrend=50,368,36.68478260869565,1.30054423829543,478.6002796927182,1.9109071500594612,2.717576435101293,135,233,5.666326992753622,1.0597285350688057,2.315311685819044,312,31.73076923076923,-0.269783530400016,-84.172461484805,0.8396676592790577,-0.9806669100744874,99,213,5.047943376068376,-0.2573350936420037,-0.9777989470048309
tf=1|ema=13|vwap=week|trend=0|sides=long|stop_atr=0|target_atr=0.0|exit_cross=True|min_bars=7|max_bars=0|confirm=False|entry=cross_or_pb|exit=cross|regime=spy50|rs=20|dtrend=0,904,47.56637168141593,0.5854661336378523,529.2613848086185,1.3883007505473555,3.0181063740045753,430,474,3.9822547935103247,0.4174357430539454,2.312867827478785,788,46.7005076142132,0.3649230167471611,287.55933719676295,1.2279627234951553,1.975185782577137,368,420,3.7313346023688667,0.29214484316898903,1.6786066273926092
tf=1|ema=34|vwap=week|trend=0|sides=long|stop_atr=4.0|target_atr=0.0|exit_cross=True|min_bars=7|max_bars=0|confirm=False|entry=cross|exit=cross|regime=|rs=20|dtrend=0,686,56.559766763848394,0.7264269596407625,498.32889431356307,1.5416723525264056,3.7451257900962576,388,298,3.8560495626822155,0.3986658684409229,2.3126625538274728,500,53.8,0.41075608394969887,205.37804197484942,1.257035428984607,1.7983581312287835,269,231,3.6525,0.2708636942372061,1.2795675281018797
tf=1|ema=13|vwap=week|trend=0|sides=long|stop_atr=4.0|target_atr=0.0|exit_cross=True|min_bars=0|max_bars=0|confirm=False|entry=cross_or_pb|exit=close_vwap|regime=|rs=0|dtrend=0,2825,36.49557522123894,0.2928731873871345,827.3667543686549,1.334633498315812,3.7053543201558266,1031,1794,1.968702064896755,0.1652608085914166,2.309475347399864,2091,35.43758967001435,0.17561207158486128,367.20484168394495,1.1990575625417526,2.26257726869493,741,1350,1.8977761836441893,0.08141200409770702,1.1524111353048598
tf=1|ema=21|vwap=roll50|trend=0|sides=long|stop_atr=4.0|target_atr=0.0|exit_cross=True|min_bars=0|max_bars=0|confirm=False|entry=cross|exit=cross|regime=spyvw|rs=0|dtrend=50,349,38.96848137535817,1.4396820526507863,502.4490363751244,1.7533987922947771,2.754004492225102,136,213,9.870821394460362,1.140187981283887,2.3051534848532844,310,32.25806451612903,0.025284116060820313,7.838075978854297,1.012241652423732,0.05388285424683421,100,210,7.782123655913979,-0.05871644957587726,-0.13730723386416194
tf=1|ema=34|vwap=roll50|trend=0|sides=long|stop_atr=4.0|target_atr=0.0|exit_cross=True|min_bars=7|max_bars=0|confirm=False|entry=cross|exit=close_vwap|regime=|rs=20|dtrend=0,445,40.449438202247194,1.384960383247147,616.3073705449804,1.809001726096375,3.438445336357243,180,265,7.2687265917603,0.8478783396925997,2.301867136688686,363,37.1900826446281,0.9659858475341886,350.65286265491045,1.556072947460884,2.03662784888729,135,228,6.755165289256198,0.693305019293028,1.5953699301734574
tf=1|ema=21|vwap=roll35|trend=0|sides=long|stop_atr=0|target_atr=0.0|exit_cross=True|min_bars=7|max_bars=0|confirm=False|entry=cross|exit=cross|regime=|rs=20|dtrend=0,659,41.42640364188164,1.0436228019618337,687.7474264928484,1.537395977537217,3.150812620696364,273,386,7.102301466868994,0.6966844826426621,2.300978705851704,521,39.923224568138195,0.6806738580035497,354.63108001984943,1.342418242166433,2.0121911750909223,208,313,6.555102367242482,0.44435028499602464,1.429749289163687
tf=1|ema=34|vwap=week|trend=0|sides=long|stop_atr=0|target_atr=0.0|exit_cross=True|min_bars=0|max_bars=0|confirm=False|entry=cross|exit=close_vwap|regime=spy50|rs=20|dtrend=50,503,42.54473161033797,0.4085037077764366,205.47736501154762,1.7208467688326983,2.8120342901386906,214,289,1.8431080185553346,0.3112410014935652,2.300758486262434,377,39.257294429708224,0.1391287530419234,52.45153989680512,1.225807492186031,1.1861915102244742,148,229,1.7684571175950485,0.08643353951228415,0.7925553226574215
tf=1|ema=34|vwap=roll50|trend=0|sides=long|stop_atr=4.0|target_atr=0.0|exit_cross=True|min_bars=0|max_bars=0|confirm=False|entry=cross|exit=cross|regime=|rs=20|dtrend=0,494,45.1417004048583,1.4422570011558655,712.4749585709976,1.7770005504146498,3.8236245051185467,223,271,8.460357624831309,0.7992784274924021,2.3001844491946737,398,37.437185929648244,0.6191824507560219,246.4346154008967,1.2801622748031318,1.4225041957318465,149,249,7.664782244556113,0.31381372047196626,0.7902598051803543
tf=1|ema=21|vwap=roll35|trend=0|sides=long|stop_atr=4.0|target_atr=0.0|exit_cross=True|min_bars=7|max_bars=0|confirm=False|entry=cross|exit=cross|regime=spyvw|rs=0|dtrend=0,944,38.24152542372882,0.8197527300208122,773.8465771396467,1.4397580712317888,3.1245162052963322,361,583,6.516993290960452,0.5558909468070669,2.300153234200438,703,38.97581792318634,0.18361562257115357,129.08178266752097,1.0926524468953227,0.7351051135686556,274,429,6.43764817449028,-0.08072723176026321,-0.35768654979429315
tf=1|ema=21|vwap=roll35|trend=0|sides=long|stop_atr=4.0|target_atr=0.0|exit_cross=True|min_bars=7|max_bars=0|confirm=False|entry=cross|exit=close_vwap|regime=spy50|rs=20|dtrend=0,491,36.45621181262729,1.017617554865419,499.65021943892066,1.6703317285139632,2.814901325184531,179,312,5.198659198913782,0.7811825344425294,2.297511988833621,411,41.119221411192214,1.1667797242115008,479.54646665092685,1.793430070316292,3.1501508215386766,169,242,5.385644768856448,0.9816721704574513,2.8308652080467454
tf=1|ema=13|vwap=roll50|trend=0|sides=long|stop_atr=4.0|target_atr=0.0|exit_cross=True|min_bars=7|max_bars=0|confirm=False|entry=cross|exit=cross|regime=spy50|rs=0|dtrend=50,476,38.23529411764706,1.2206845648325402,581.0458528602891,1.6539773200237735,2.9351010682629513,182,294,9.043855042016807,0.902805503601328,2.2957184326505358,412,35.43689320388349,-0.01179777395621771,-4.860682869961696,0.9945590703421703,-0.034731442286420014,146,266,8.028418284789643,-0.132267441967803,-0.4075799210103292
tf=1|ema=13|vwap=roll50|trend=0|sides=long|stop_atr=4.0|target_atr=0.0|exit_cross=True|min_bars=7|max_bars=0|confirm=False|entry=cross|exit=cross|regime=|rs=20|dtrend=50,346,40.46242774566474,1.6498085483613893,570.8337577330408,1.8329771574564206,3.081912271454466,140,206,9.408839113680155,1.1640746643415623,2.2947199281456285,320,36.5625,0.2254049525254493,72.12958480814376,1.0987796796208331,0.534447366060239,117,203,8.15703125,0.06183896544387436,0.15295680561656144
tf=1|ema=13|vwap=roll35|trend=0|sides=long|stop_atr=0|target_atr=0.0|exit_cross=True|min_bars=0|max_bars=0|confirm=False|entry=cross|exit=cross|regime=|rs=20|dtrend=50,534,40.449438202247194,1.1046285174117554,589.8716282978774,1.633631469138095,2.959688887564278,216,318,6.829900124843945,0.8054935008226186,2.2945304044519035,427,37.93911007025761,0.47285321878499265,201.90832442119185,1.2472630841716934,1.3328587928416142,162,265,6.4557962529274,0.30646125938758595,0.9171900165881154
tf=1|ema=13|vwap=roll35|trend=0|sides=long|stop_atr=4.0|target_atr=0.0|exit_cross=True|min_bars=0|max_bars=0|confirm=False|entry=cross|exit=cross|regime=spyvw|rs=0|dtrend=50,525,37.333333333333336,0.938581421291306,492.75524617793565,1.6005218250623188,2.6228373315755134,196,329,6.526666666666666,0.7775589051136615,2.2889481317712805,410,34.63414634146341,-0.12759266384715764,-52.312992177334635,0.931842731879805,-0.4383847424342521,142,268,6.236585365853658,-0.28710738726418406,-1.0527577788861222
tf=1|ema=21|vwap=roll35|trend=0|sides=long|stop_atr=0|target_atr=0.0|exit_cross=True|min_bars=7|max_bars=0|confirm=False|entry=cross_or_pb|exit=close_vwap|regime=spyvw|rs=20|dtrend=50,500,38.4,0.9726438596333983,486.32192981669914,1.6700878054868817,2.709551915966266,192,308,4.835666666666666,0.772276624319416,2.288424802767783,381,38.05774278215223,0.3987813808927443,151.9357061201356,1.273286296360876,1.3282789488613653,145,236,4.90660542432196,0.2822976012680952,1.0120029727967639
tf=1|ema=34|vwap=roll50|trend=0|sides=long|stop_atr=0|target_atr=0.0|exit_cross=True|min_bars=0|max_bars=0|confirm=False|entry=cross_or_pb|exit=close_vwap|regime=spyvw|rs=20|dtrend=0,455,32.747252747252745,1.051410730786327,478.39188250777875,1.7842601069652164,2.853073072558092,149,306,5.259249084249085,0.792625830753161,2.284483114744466,361,32.686980609418285,0.48948505213661414,176.7041038213177,1.3462753447196711,1.2354040234844703,118,243,5.015235457063712,0.3221987329610046,0.9083547877965749
tf=1|ema=13|vwap=week|trend=0|sides=long|stop_atr=0|target_atr=0.0|exit_cross=True|min_bars=0|max_bars=0|confirm=False|entry=cross_or_pb|exit=close_vwap|regime=|rs=0|dtrend=0,2819,36.57325292656971,0.2898382072983126,817.0539063739433,1.329367250020556,3.64784295535546,1031,1788,1.973897363131134,0.16437257568643443,2.2842425467705962,2084,35.55662188099808,0.17944820660236324,373.970062559325,1.2042445975433835,2.3164644498636062,741,1343,1.9052503198976327,0.0897764797667046,1.274259346222131
tf=1|ema=13|vwap=roll50|trend=0|sides=long|stop_atr=4.0|target_atr=0.0|exit_cross=True|min_bars=0|max_bars=0|confirm=False|entry=cross_or_pb|exit=close_vwap|regime=spyvw|rs=20|dtrend=50,401,31.17206982543641,1.081239184791552,433.5769131014123,1.8671082940901282,2.522381628749028,125,276,4.447111388196176,0.9385312227138987,2.282536005434199,326,30.368098159509202,-0.15773675175323548,-51.42218107155476,0.891110124470691,-0.6224285180181326,99,227,4.466129856850715,-0.13283548727874944,-0.5480293422041296
tf=1|ema=13|vwap=roll35|trend=0|sides=long|stop_atr=0|target_atr=0.0|exit_cross=True|min_bars=7|max_bars=0|confirm=False|entry=cross_or_pb|exit=cross|regime=spyvw|rs=20|dtrend=0,558,38.35125448028674,0.9924977427879635,553.8137404756836,1.5515539392331628,2.675893182145568,214,344,6.211469534050179,0.7945805149478649,2.2823076213132953,415,37.10843373493976,0.4194901756278442,174.08842288555536,1.2308185901177704,1.228395149396344,154,261,6.262851405622491,0.10686829297762307,0.3506634066585709
tf=1|ema=21|vwap=roll50|trend=0|sides=long|stop_atr=4.0|target_atr=0.0|exit_cross=True|min_bars=7|max_bars=0|confirm=False|entry=cross|exit=cross|regime=|rs=20|dtrend=0,409,41.075794621026894,1.8146153041990902,742.1776594174279,1.812666896834799,3.506769324483968,168,241,10.633353708231459,1.0743626843752923,2.281195198781884,351,36.75213675213675,0.7028355937076219,246.69529339137532,1.3097597662728433,1.4043543970603822,129,222,8.853988603988604,0.43681581886777787,0.9607824514777821
tf=1|ema=34|vwap=roll50|trend=0|sides=long|stop_atr=0|target_atr=0.0|exit_cross=True|min_bars=0|max_bars=0|confirm=False|entry=cross_or_pb|exit=cross|regime=spy50|rs=0|dtrend=50,576,44.791666666666664,1.066146415354829,614.1003352443815,1.6014069835940175,3.112554175781168,258,318,8.309606481481483,0.7343228406994775,2.28113550316409,478,36.19246861924686,0.24267316451423213,115.99777263780295,1.1166195233111167,0.697476207495312,173,305,7.631886331938633,0.16450966759663402,0.4983176697187332
tf=1|ema=21|vwap=roll35|trend=0|sides=long|stop_atr=0|target_atr=0.0|exit_cross=True|min_bars=0|max_bars=0|confirm=False|entry=cross|exit=cross|regime=|rs=20|dtrend=0,679,41.38438880706922,1.0266433809245612,697.0908556477771,1.5503701446251663,3.2101021504498473,281,398,6.794918998527246,0.6658748996468123,2.2784732104314958,549,38.797814207650276,0.6191214705798456,339.8976873483352,1.3262867703007544,2.0006096536951166,213,336,6.1488312082574375,0.40404414016420387,1.4292004064085249
tf=1|ema=13|vwap=roll35|trend=0|sides=long|stop_atr=0|target_atr=0.0|exit_cross=True|min_bars=0|max_bars=0|confirm=False|entry=cross|exit=close_vwap|regime=spyvw|rs=0|dtrend=50,515,35.14563106796116,0.8615476224462832,443.6970255598359,1.6994658510928407,2.6346243858052927,181,334,4.5954692556634305,0.7041679985593357,2.277119464345479,408,35.294117647058826,0.3625832043309241,147.93394736701703,1.2805751627717161,1.3634685361006196,144,264,4.649816176470588,0.21282782165508224,0.8591690613208877
tf=1|ema=34|vwap=week|trend=0|sides=long|stop_atr=4.0|target_atr=0.0|exit_cross=True|min_bars=7|max_bars=0|confirm=False|entry=cross_or_pb|exit=cross|regime=spy50|rs=0|dtrend=50,743,55.98923283983849,0.5817609327753355,432.24837305207427,1.471775142266156,3.495031199562155,416,327,3.6908927770300584,0.3459839233899085,2.2764865491411177,598,52.508361204013376,0.2849614432965058,170.4069430913105,1.1888808068010959,1.4349343809937718,314,284,3.667084726867335,0.18164839051672957,0.9792628445246812
tf=1|ema=34|vwap=week|trend=0|sides=long|stop_atr=4.0|target_atr=0.0|exit_cross=True|min_bars=7|max_bars=0|confirm=False|entry=cross_or_pb|exit=close_vwap|regime=spyvw|rs=0|dtrend=0,970,47.21649484536083,0.831822221833348,806.8675551783475,1.6842389499327661,4.066945352860173,458,512,2.922036082474227,0.4052376309103007,2.2762998677080013,726,42.011019283746556,0.35682374343641327,259.054037734836,1.346434527253542,2.289297361847468,305,421,2.4749196510560147,0.18866691135696745,1.3541804767280812
tf=1|ema=13|vwap=roll35|trend=0|sides=long|stop_atr=0|target_atr=0.0|exit_cross=True|min_bars=0|max_bars=0|confirm=False|entry=cross|exit=cross|regime=|rs=20|dtrend=0,642,40.49844236760124,1.0515802975405986,675.1145510210642,1.568558290054938,3.0931045596122164,260,382,6.996430425752856,0.7164592043649002,2.2759331829064324,503,37.77335984095428,0.7078421522978793,356.04460260583323,1.3687820844970617,2.0242294634770372,190,313,6.597581179589131,0.45679235357168996,1.422320003374464
tf=1|ema=21|vwap=week|trend=0|sides=long|stop_atr=4.0|target_atr=0.0|exit_cross=True|min_bars=0|max_bars=0|confirm=False|entry=cross|exit=close_vwap|regime=|rs=0|dtrend=0,2064,40.98837209302326,0.29175263031487175,602.1774289698953,1.384669651672295,3.6757838271963506,846,1218,1.9007792312661502,0.16598617783051187,2.2759153773578618,1563,38.515674984005116,0.2546677237830407,398.04565227289265,1.332190689851045,2.947889817453921,602,961,1.7673544465770954,0.1738238046422858,2.201748741460958
tf=1|ema=21|vwap=roll50|trend=0|sides=long|stop_atr=4.0|target_atr=0.0|exit_cross=True|min_bars=0|max_bars=0|confirm=False|entry=cross|exit=close_vwap|regime=spyvw|rs=20|dtrend=0,252,37.698412698412696,1.7052978147052236,429.7350493057163,2.061459704288577,2.650888849410136,95,157,6.581018518518518,1.3911631554069037,2.274206559931818,221,32.126696832579185,0.5153245766686168,113.8867314437643,1.3106617184803602,0.879312290315107,71,150,5.997549019607844,0.4083987392587298,0.7724267688102211
tf=1|ema=13|vwap=week|trend=0|sides=long|stop_atr=4.0|target_atr=0.0|exit_cross=True|min_bars=7|max_bars=0|confirm=False|entry=cross_or_pb|exit=cross|regime=|rs=20|dtrend=0,1224,48.12091503267974,0.6283569099168571,769.1088577382332,1.4220857207532334,3.9561935802120014,589,635,3.7764842047930287,0.3245333499308099,2.2737865898862544,928,46.01293103448276,0.3352245655766042,311.0883968550887,1.2095220221681269,2.0403970314772586,427,501,3.5090247844827585,0.21383370133867602,1.3976215441558857
tf=1|ema=21|vwap=roll35|trend=0|sides=long|stop_atr=4.0|target_atr=0.0|exit_cross=True|min_bars=7|max_bars=0|confirm=False|entry=cross|exit=close_vwap|regime=|rs=0|dtrend=50,743,35.80080753701211,0.7855354083685135,583.6528084178055,1.5403373098671376,2.944623344416614,266,477,5.168180798564379,0.5636959842029045,2.273626023342138,583,37.9073756432247,0.6400219774226484,373.13281283740406,1.4291346244342018,2.3329506671414295,221,362,5.152444253859348,0.5016046797279377,1.9410071229690742
tf=1|ema=21|vwap=roll50|trend=0|sides=long|stop_atr=0|target_atr=0.0|exit_cross=True|min_bars=7|max_bars=0|confirm=False|entry=cross_or_pb|exit=close_vwap|regime=spyvw|rs=20|dtrend=0,433,38.56812933025404,1.2051654041550872,521.8366199991527,1.8094140152482154,2.9063521143107103,167,266,5.945535026943802,0.8874001051196904,2.272575817874705,341,33.43108504398827,0.5645753963723571,192.52021016297377,1.3447105328051496,1.2024018069509994,114,227,5.6154692082111435,0.41942090398903187,0.9785722243673018
tf=1|ema=21|vwap=roll50|trend=0|sides=long|stop_atr=0|target_atr=0.0|exit_cross=True|min_bars=7|max_bars=0|confirm=False|entry=cross_or_pb|exit=close_vwap|regime=|rs=20|dtrend=0,589,38.70967741935484,1.1527534283593865,678.9717693036787,1.7034272968401845,3.3058486165426104,228,361,6.453027730616865,0.7259201960399743,2.272178509885104,470,34.255319148936174,0.6307584850393105,296.4564879684759,1.3742794740101818,1.6539413870646904,161,309,5.896010638297873,0.4855924914980738,1.3859668807667687
tf=1|ema=21|vwap=week|trend=0|sides=long|stop_atr=0|target_atr=0.0|exit_cross=True|min_bars=7|max_bars=0|confirm=False|entry=cross|exit=cross|regime=|rs=0|dtrend=50,1095,53.881278538812786,0.5807289151073936,635.8981620425959,1.4640598533646534,3.9867824076551823,590,505,4.220700152207001,0.30533348594956117,2.2716537370710093,880,50.56818181818182,0.20067860877397412,176.59717572109722,1.1252483885987183,1.152641451532549,445,435,4.013825757575758,0.13036840038119119,0.7928098995405072
tf=1|ema=13|vwap=week|trend=0|sides=long|stop_atr=0|target_atr=0.0|exit_cross=True|min_bars=0|max_bars=0|confirm=False|entry=cross|exit=close_vwap|regime=spyvw|rs=0|dtrend=0,1501,41.039307128580944,0.4238419282523686,636.1867343068052,1.4544389705595424,3.4160466937532834,616,885,2.1739118365534087,0.2574891051169679,2.2713301289290166,1053,39.12630579297246,0.1376486531873407,144.94403180626975,1.1519998700461365,1.3372465317087108,412,641,2.1238920544476096,0.06515811150937645,0.6884491635023487
tf=1|ema=21|vwap=roll50|trend=0|sides=long|stop_atr=0|target_atr=0.0|exit_cross=True|min_bars=0|max_bars=0|confirm=False|entry=cross|exit=cross|regime=spy50|rs=0|dtrend=0,621,38.969404186795494,1.1099620676416462,689.2864440054623,1.5258277541007297,2.9812990090054114,242,379,9.487855609232422,0.7976272530616468,2.27095212957464,627,33.65231259968102,-0.0039287659740960094,-2.463336265758198,0.9981644058023237,-0.014456047113302959,211,416,8.29831206804891,-0.08225963503823291,-0.31461216067048986
tf=1|ema=34|vwap=roll50|trend=0|sides=long|stop_atr=0|target_atr=0.0|exit_cross=True|min_bars=7|max_bars=0|confirm=False|entry=cross|exit=cross|regime=spy50|rs=0|dtrend=0,657,43.22678843226788,1.0661982846186098,700.4922729944266,1.5130913153595307,3.0731007639329095,284,373,9.047184170471843,0.7440467684593148,2.2704870245574575,644,35.714285714285715,-0.19031848090589623,-122.56510170339716,0.9185488141329076,-0.6741984583899879,230,414,8.302600931677018,-0.25358195850997123,-0.9429219512745071
tf=1|ema=21|vwap=roll50|trend=0|sides=long|stop_atr=4.0|target_atr=0.0|exit_cross=True|min_bars=7|max_bars=0|confirm=False|entry=cross_or_pb|exit=close_vwap|regime=|rs=20|dtrend=0,591,38.578680203045685,1.1686117235096927,690.6495285942284,1.7230782385435517,3.375662089521009,228,363,6.391779469825155,0.7205874156389745,2.2700044800539705,472,34.110169491525426,0.6091390052428339,287.5136104746177,1.3585926955738332,1.6052079152110532,161,311,5.840748587570621,0.453479358141547,1.2989033307570512
tf=1|ema=13|vwap=roll50|trend=0|sides=long|stop_atr=0|target_atr=0.0|exit_cross=True|min_bars=0|max_bars=0|confirm=False|entry=cross|exit=cross|regime=spy50|rs=20|dtrend=50,329,38.90577507598784,1.4936834648209756,491.421859926101,1.747438763535193,2.715094202884489,128,201,8.763677811550153,1.182687094847216,2.267222331387358,290,37.241379310344826,0.4496959431931542,130.4118235260147,1.206317733093737,0.9935486760044386,108,182,8.30905172413793,0.3572252661235746,0.8226387766121102
tf=1|ema=21|vwap=roll35|trend=0|sides=long|stop_atr=4.0|target_atr=0.0|exit_cross=True|min_bars=7|max_bars=0|confirm=False|entry=cross|exit=close_vwap|regime=spy50|rs=0|dtrend=50,673,35.51263001485884,0.7798609254470936,524.8464028258941,1.5423977698497748,2.7332553276898466,239,434,5.0915676077265974,0.6064340149738104,2.2638836113093226,529,38.752362948960304,0.7831571242888701,414.2901187488123,1.5463403842142536,2.645798804335506,205,324,5.274102079395085,0.6177857760683799,2.225314644686391
tf=1|ema=13|vwap=roll35|trend=0|sides=long|stop_atr=4.0|target_atr=0.0|exit_cross=True|min_bars=7|max_bars=0|confirm=False|entry=cross|exit=cross|regime=spy50|rs=0|dtrend=50,679,38.144329896907216,0.836960304929843,568.2960470473633,1.499706377266454,2.7085369251311704,259,420,6.738770250368188,0.6567948175462117,2.2613336239462956,539,36.36363636363637,0.14979034436592098,80.7369956132314,1.0803810449161908,0.5197565964189471,196,343,6.479359925788497,0.017390613674275752,0.06379265056862611
tf=1|ema=13|vwap=roll35|trend=0|sides=long|stop_atr=4.0|target_atr=0.0|exit_cross=True|min_bars=7|max_bars=0|confirm=False|entry=cross_or_pb|exit=cross|regime=|rs=0|dtrend=50,824,38.95631067961165,0.8416405669796089,693.5118271911977,1.5086744907079894,3.110270867919137,321,503,6.654075647249192,0.5687185722831388,2.2611342638400993,646,36.22291021671827,0.07180403594908048,46.38540722310599,1.038293037046253,0.2809542586143587,234,412,6.1572497420020635,-0.08696338750589332,-0.36010326801078735
tf=1|ema=34|vwap=roll50|trend=0|sides=long|stop_atr=4.0|target_atr=0.0|exit_cross=True|min_bars=0|max_bars=0|confirm=False|entry=cross_or_pb|exit=close_vwap|regime=spyvw|rs=20|dtrend=0,456,32.675438596491226,1.055583759106009,481.34619415234016,1.7929436963767227,2.871166448146989,149,307,5.2303545321637435,0.7836103027369837,2.2608917717607926,362,32.59668508287293,0.4730286292644622,171.23636379373534,1.3320032383982567,1.1994427898366788,118,244,4.998503683241252,0.29829118493146844,0.8438966136416197
tf=1|ema=13|vwap=roll35|trend=0|sides=long|stop_atr=0|target_atr=0.0|exit_cross=True|min_bars=0|max_bars=0|confirm=False|entry=cross_or_pb|exit=cross|regime=|rs=0|dtrend=50,847,38.13459268004723,0.7996443279527045,677.2987457759406,1.4884617777584466,3.0216788004723627,323,524,6.43486816214089,0.5558417350940837,2.2608304208661365,661,34.64447806354009,0.06302292863325314,41.65815582658033,1.0341497071406947,0.2504300009105405,229,432,5.980206757438225,-0.05603999508454722,-0.2361624030778475
tf=1|ema=13|vwap=roll35|trend=0|sides=long|stop_atr=4.0|target_atr=0.0|exit_cross=True|min_bars=7|max_bars=0|confirm=False|entry=cross|exit=close_vwap|regime=|rs=0|dtrend=50,737,36.90637720488467,0.7950846527665136,585.9773890889205,1.5571332240001516,2.937066018676725,272,465,5.157394843962008,0.5699619331949264,2.257378998615405,581,37.177280550774526,0.5374678788136613,312.2688375907372,1.3564914129506234,1.955842995935399,216,365,5.065404475043029,0.38197099132585854,1.4805963747588757
tf=1|ema=21|vwap=roll50|trend=0|sides=long|stop_atr=0|target_atr=0.0|exit_cross=True|min_bars=7|max_bars=0|confirm=False|entry=cross_or_pb|exit=cross|regime=spy50|rs=0|dtrend=50,521,38.771593090211134,1.1902175165801896,620.1033261382788,1.600741478759955,2.913536903410605,202,319,9.633637236084454,0.8618412180603257,2.254423334643488,439,36.674259681093396,0.361891718182543,158.87046428213637,1.1776176034242223,0.9911776264407051,161,278,8.331245254365983,0.3039626015292279,0.8750160931343874
tf=1|ema=13|vwap=week|trend=0|sides=long|stop_atr=0|target_atr=0.0|exit_cross=True|min_bars=0|max_bars=0|confirm=False|entry=cross|exit=cross|regime=spy50|rs=20|dtrend=50,872,48.1651376146789,0.5528607471581565,482.0945715219125,1.4028182289476732,3.0737787172882833,420,452,3.666427752293578,0.3800197597636333,2.2542793856003676,744,44.354838709677416,0.22019290127402394,163.8235185478738,1.1472308511943436,1.2297855311597632,330,414,3.332381272401434,0.18791290886569917,1.1135580075264664
tf=1|ema=13|vwap=week|trend=0|sides=long|stop_atr=0|target_atr=0.0|exit_cross=True|min_bars=7|max_bars=0|confirm=False|entry=cross_or_pb|exit=cross|regime=|rs=20|dtrend=50,973,49.53751284686536,0.6261502195470531,609.2441636192826,1.4285931463472306,3.444735860872595,482,491,3.9907074340527577,0.3796527896321095,2.253882552096128,775,47.096774193548384,0.42387333925953874,328.5018379261425,1.264811748431693,2.2524372769030387,365,410,3.7671505376344085,0.34731217125058345,1.9628119246978857
tf=1|ema=13|vwap=roll35|trend=0|sides=long|stop_atr=0|target_atr=0.0|exit_cross=True|min_bars=0|max_bars=0|confirm=False|entry=cross|exit=close_vwap|regime=spyvw|rs=20|dtrend=50,340,36.470588235294116,1.224043333517068,416.1747333958031,1.8880361602446523,2.558090630042794,124,216,4.581740196078431,1.0262329013158928,2.2525598480452627,276,38.04347826086956,0.7215755663235933,199.15485630531177,1.5652582811111642,1.9925157761872847,105,171,4.782759661835748,0.5409982064157624,1.5932532066829754
tf=1|ema=13|vwap=roll50|trend=0|sides=long|stop_atr=0|target_atr=0.0|exit_cross=True|min_bars=7|max_bars=0|confirm=False|entry=cross_or_pb|exit=cross|regime=|rs=0|dtrend=50,602,39.03654485049834,1.1552017141161512,695.4314318979231,1.608370768858315,3.1822857206208788,235,367,9.047895902547067,0.7647559754281735,2.249378396751876,502,36.05577689243028,0.12312880099279941,61.810658098385304,1.0577784483350947,0.3775432616635761,181,321,7.8070219123505975,0.022771628965755512,0.07373492997499106
tf=1|ema=21|vwap=roll35|trend=0|sides=long|stop_atr=4.0|target_atr=0.0|exit_cross=True|min_bars=7|max_bars=0|confirm=False|entry=cross_or_pb|exit=close_vwap|regime=spyvw|rs=20|dtrend=50,502,38.24701195219124,0.9732339617066201,488.5634487767233,1.6752618836463053,2.721782194568069,192,310,4.787350597609562,0.7577258926119319,2.2483699305885185,382,37.95811518324607,0.3581082494736463,136.79735129893288,1.2395346200200763,1.1870908513162322,145,237,4.880017452006981,0.23122468162312376,0.8217448592794416
tf=1|ema=13|vwap=week|trend=0|sides=long|stop_atr=0|target_atr=0.0|exit_cross=True|min_bars=0|max_bars=0|confirm=False|entry=cross|exit=cross|regime=spy50|rs=0|dtrend=50,1207,46.97597348798674,0.4785211777548309,577.5750615500809,1.373539720946714,3.2006089690650317,567,640,3.572010494338581,0.3139988189283083,2.2449446327661082,1047,43.17096466093601,0.08505762591531241,89.0553343333321,1.0597634861465417,0.6030147060598039,452,595,3.3251353072269976,0.05565714675481691,0.4192728477792577
tf=1|ema=13|vwap=roll35|trend=0|sides=long|stop_atr=4.0|target_atr=0.0|exit_cross=True|min_bars=7|max_bars=0|confirm=False|entry=cross|exit=cross|regime=|rs=20|dtrend=0,627,41.46730462519936,1.0743879525144657,673.64124622657,1.5718819867011742,3.115852429454834,260,367,7.173511430090378,0.7166788249009138,2.2445333154953553,494,38.46153846153846,0.7131757056009351,352.3087985668619,1.3631233757304495,2.0090897567489834,190,304,6.661943319838056,0.44178387834930327,1.3535141675176476
tf=1|ema=21|vwap=week|trend=0|sides=long|stop_atr=4.0|target_atr=0.0|exit_cross=True|min_bars=7|max_bars=0|confirm=False|entry=cross_or_pb|exit=cross|regime=spy50|rs=0|dtrend=0,1406,50.71123755334282,0.45028302239844953,633.0979294922199,1.324252333735041,3.380317940390027,713,693,3.749259127548601,0.2774742777481175,2.2445053251514153,1394,48.20659971305595,0.2573114534025959,358.6921660432187,1.1636437258064123,1.9468211248443927,672,722,3.5498864179818272,0.18266554882592326,1.4635371721713943
tf=1|ema=21|vwap=roll50|trend=0|sides=long|stop_atr=4.0|target_atr=0.0|exit_cross=True|min_bars=0|max_bars=0|confirm=False|entry=cross|exit=cross|regime=|rs=20|dtrend=0,419,40.334128878281625,1.7347104402548048,726.8436744667632,1.788274913794175,3.45708930429805,169,250,10.31513524264121,1.0227405059626211,2.243963628401887,372,35.483870967741936,0.660968100454916,245.8801333692288,1.309415296898747,1.4047022887143872,132,240,8.310371863799283,0.4126040294456298,0.9652752837868448
tf=1|ema=34|vwap=roll35|trend=0|sides=long|stop_atr=4.0|target_atr=0.0|exit_cross=True|min_bars=0|max_bars=0|confirm=False|entry=cross|exit=close_vwap|regime=|rs=0|dtrend=0,1534,36.83181225554107,0.5190119861566497,796.1643867643006,1.5017238197789333,3.4714885564308426,565,969,3.3253748370273795,0.30973184998840786,2.2425979010989843,1259,35.34551231135822,0.30483123805805407,383.7825287150901,1.3024856061849244,2.078819969963306,445,814,2.8001720942546995,0.16650671692474037,1.2458377120416189
tf=1|ema=13|vwap=week|trend=0|sides=long|stop_atr=4.0|target_atr=0.0|exit_cross=True|min_bars=0|max_bars=0|confirm=False|entry=cross_or_pb|exit=cross|regime=spyvw|rs=20|dtrend=0,897,48.60646599777034,0.7571086948623347,679.1264992915142,1.540440447418753,4.171200114049308,436,461,3.612736900780379,0.3623830095286146,2.2416721298730566,651,45.314900153609834,0.13396225456003202,87.20942771858086,1.0901177564138351,0.7643081094738832,295,356,3.2558883768561184,0.03292099714265868,0.20220348959513817
tf=1|ema=34|vwap=roll50|trend=0|sides=long|stop_atr=0|target_atr=0.0|exit_cross=True|min_bars=0|max_bars=0|confirm=False|entry=cross|exit=cross|regime=spy50|rs=0|dtrend=0,694,43.22766570605187,1.0000236559452944,694.0164172260344,1.512257474144591,3.1100139009989833,300,394,8.489673390970221,0.6803991458465194,2.2398690414990763,676,35.35502958579882,-0.21324590251616268,-144.15423010092596,0.9054480844163096,-0.8152304436923298,239,437,7.795118343195266,-0.2727721924732441,-1.09724818128772
tf=1|ema=13|vwap=roll35|trend=0|sides=long|stop_atr=4.0|target_atr=0.0|exit_cross=True|min_bars=7|max_bars=0|confirm=False|entry=cross_or_pb|exit=cross|regime=spyvw|rs=20|dtrend=0,562,38.07829181494662,0.9983989637091288,561.1002176045304,1.5628954733464426,2.716507541535877,214,348,6.104833926453144,0.7742546489110914,2.239622100424868,417,36.45083932853717,0.3507673324530227,146.26997763291047,1.1882876961985143,1.0310770092358736,152,265,6.137589928057554,0.03791862161828095,0.12452529339117453
tf=1|ema=13|vwap=week|trend=0|sides=long|stop_atr=4.0|target_atr=0.0|exit_cross=True|min_bars=7|max_bars=0|confirm=False|entry=cross_or_pb|exit=cross|regime=spyvw|rs=20|dtrend=50,674,51.3353115727003,0.829277518537713,558.9330474944186,1.5806607163741095,3.796595683957615,346,328,3.922168644906034,0.4523368435867521,2.2385526790828147,530,46.0377358490566,0.18790995320541734,99.59227519887119,1.117334651883872,0.8968151020676597,244,286,3.5754716981132075,0.1277776931130346,0.6488628213266249
tf=1|ema=34|vwap=roll35|trend=0|sides=long|stop_atr=4.0|target_atr=0.0|exit_cross=True|min_bars=7|max_bars=0|confirm=False|entry=cross_or_pb|exit=cross|regime=spyvw|rs=0|dtrend=0,1172,47.696245733788395,0.5314522400901036,622.8620253856014,1.3424887134709016,3.2070740825484068,559,613,4.278512514220705,0.32627156426750553,2.2383026854558543,917,43.72955288985823,0.3670050799598413,336.54365832317444,1.2259920608423074,2.0853472683505268,401,516,4.508042529989095,0.07863523408600544,0.495047068027722
tf=1|ema=13|vwap=week|trend=0|sides=long|stop_atr=0|target_atr=0.0|exit_cross=True|min_bars=0|max_bars=0|confirm=False|entry=cross_or_pb|exit=cross|regime=spy50|rs=0|dtrend=0,1666,45.25810324129652,0.4212289809698359,701.7674822957465,1.3137169819589654,3.2283273269515673,754,912,3.430397158863545,0.2731606937430955,2.238177245756984,1641,43.02254722730043,0.14285106101765324,234.41859112996895,1.1023335008182442,1.2722052080351836,706,935,3.2143763965061956,0.09591792475074777,0.9077016567541396
tf=1|ema=13|vwap=week|trend=0|sides=long|stop_atr=0|target_atr=0.0|exit_cross=True|min_bars=0|max_bars=0|confirm=False|entry=cross_or_pb|exit=cross|regime=|rs=20|dtrend=0,1292,47.523219814241486,0.5664838406041819,731.8971220606029,1.4098105844740334,3.8848038685148256,614,678,3.6030379256965945,0.2930155348328242,2.236867538292405,995,44.52261306532663,0.28558160939583693,284.15370134885774,1.1932143678500133,1.8810110578135222,443,552,3.238651591289782,0.200659328445543,1.4142814575017968
tf=1|ema=21|vwap=roll50|trend=0|sides=long|stop_atr=0|target_atr=0.0|exit_cross=True|min_bars=0|max_bars=0|confirm=False|entry=cross|exit=close_vwap|regime=spyvw|rs=0|dtrend=50,340,35.88235294117647,1.1977406324477629,407.23181503223935,1.82960957700804,2.5035722178249467,122,218,6.623406862745097,1.019851892306456,2.236019490050257,297,31.986531986531986,0.29156583647205747,86.59505343220107,1.1895887728683017,0.6568904170660843,95,202,5.871071829405163,0.20734644025780252,0.5133840058218827
tf=1|ema=13|vwap=roll50|trend=0|sides=long|stop_atr=0|target_atr=0.0|exit_cross=True|min_bars=7|max_bars=0|confirm=False|entry=cross_or_pb|exit=close_vwap|regime=spyvw|rs=0|dtrend=50,535,35.32710280373832,0.9438985049644646,504.9857001559886,1.682259455464665,2.726894165497793,189,346,6.051479750778816,0.7324787473333879,2.235447705203265,436,30.504587155963304,-0.33553864498384434,-146.29484921295614,0.7893540375784063,-1.5592784319880857,133,303,5.1931383792048935,-0.3294548790890305,-1.6227035852840865
tf=1|ema=13|vwap=roll50|trend=0|sides=long|stop_atr=0|target_atr=0.0|exit_cross=True|min_bars=0|max_bars=0|confirm=False|entry=cross_or_pb|exit=close_vwap|regime=spyvw|rs=20|dtrend=50,401,31.17206982543641,1.0494461426329713,420.8279031958215,1.8206868230121673,2.4407860158501826,125,276,4.448981712385702,0.9209968110842817,2.2353390766823553,326,30.368098159509202,-0.1464081745498388,-47.72906490324744,0.8981339072097658,-0.5760775713931607,99,227,4.468558282208589,-0.11761682206847526,-0.485029085948241
tf=1|ema=13|vwap=roll35|trend=0|sides=long|stop_atr=0|target_atr=0.0|exit_cross=True|min_bars=7|max_bars=0|confirm=False|entry=cross_or_pb|exit=cross|regime=spyvw|rs=20|dtrend=50,467,38.54389721627409,1.075112542798192,502.07755748675567,1.6151932184558857,2.5884693368482634,180,287,6.148286937901499,0.8842253144208403,2.2344084349392412,364,36.53846153846154,0.1047348346630166,38.123479817338044,1.0578024187929334,0.32585180106686484,133,231,6.034913003663003,-0.07115183781380006,-0.2381105083353451
tf=1|ema=13|vwap=roll50|trend=0|sides=long|stop_atr=4.0|target_atr=0.0|exit_cross=True|min_bars=0|max_bars=0|confirm=False|entry=cross_or_pb|exit=cross|regime=spy50|rs=20|dtrend=50,428,38.08411214953271,1.3070745005777151,559.427886247262,1.709599981845882,2.9338915454442294,163,265,8.049941588785046,0.9404640850766486,2.234184630163545,356,35.39325842696629,0.3231268342225356,115.03315298322268,1.156352332916195,0.8302379960899692,126,230,7.245084269662922,0.21953997214074059,0.5900981638213736
tf=1|ema=13|vwap=roll35|trend=0|sides=long|stop_atr=0|target_atr=0.0|exit_cross=True|min_bars=7|max_bars=0|confirm=False|entry=cross_or_pb|exit=cross|regime=|rs=0|dtrend=50,821,39.220462850182706,0.8127896602035098,667.3003110270816,1.4773204017470651,2.9629530816060026,322,499,6.737007714169713,0.5686129811032714,2.2341703740082313,642,36.60436137071651,0.0502316118458753,32.24869480505195,1.0262328475799085,0.19287049198133857,235,407,6.246170820353063,-0.08092773642061701,-0.32968919866157986
tf=1|ema=13|vwap=roll35|trend=0|sides=long|stop_atr=0|target_atr=0.0|exit_cross=True|min_bars=0|max_bars=0|confirm=False|entry=cross_or_pb|exit=cross|regime=spyvw|rs=20|dtrend=0,575,37.391304347826086,0.9583687646115965,551.062039651668,1.5653261611973799,2.703058322922027,215,360,5.919057971014492,0.74282953125518,2.234004138108282,423,34.988179669030735,0.4337829129350809,183.49017217153923,1.2488580807710346,1.3043021699224941,148,275,6.070429472025217,0.12412977172154036,0.4177745929058493
tf=1|ema=13|vwap=roll35|trend=0|sides=long|stop_atr=4.0|target_atr=0.0|exit_cross=True|min_bars=7|max_bars=0|confirm=False|entry=cross|exit=cross|regime=|rs=20|dtrend=50,520,41.53846153846154,1.130977354126786,588.1082241459287,1.6380202236889272,2.9596961322834936,216,304,7.023878205128206,0.8028460800537102,2.232360843508687,419,38.66348448687351,0.46236086868901616,193.72920398069775,1.2356147806808477,1.280515568538112,162,257,6.580449482895783,0.2557833664837701,0.7502242439425286
tf=1|ema=13|vwap=roll50|trend=0|sides=long|stop_atr=4.0|target_atr=0.0|exit_cross=True|min_bars=0|max_bars=0|confirm=False|entry=cross|exit=close_vwap|regime=spy50|rs=0|dtrend=0,655,32.82442748091603,0.8862786084393828,580.5124885277957,1.5814233462235854,2.7166708137960427,215,440,5.840839694656489,0.6990198917862791,2.230959454283856,665,30.225563909774436,0.045600186741619336,30.32412418317686,1.0279547343474758,0.2078670543112562,201,464,5.602443609022556,-0.01403018935637126,-0.06689367568288541
tf=1|ema=13|vwap=roll35|trend=0|sides=long|stop_atr=0|target_atr=0.0|exit_cross=True|min_bars=7|max_bars=0|confirm=False|entry=cross|exit=cross|regime=|rs=20|dtrend=50,520,41.73076923076923,1.1038523584297375,574.0032263834635,1.6078567058230528,2.866905353879528,217,303,7.112339743589743,0.8069207688616311,2.2309357715867613,419,38.902147971360385,0.4781085846141636,200.32749695333453,1.2444535402960488,1.3205745424154587,163,256,6.654236276849642,0.303041723678224,0.8891990933296708
tf=1|ema=13|vwap=roll50|trend=0|sides=long|stop_atr=4.0|target_atr=0.0|exit_cross=True|min_bars=0|max_bars=0|confirm=False|entry=cross_or_pb|exit=close_vwap|regime=|rs=20|dtrend=50,548,32.66423357664234,0.9748539916222062,534.219987408969,1.7307646082135366,2.829976952546185,179,369,4.983652676399028,0.7264511141030128,2.2302353062557208,437,31.35011441647597,0.20865240105877209,91.1810992626834,1.1350737668825126,0.7161810716474478,137,300,4.950991609458428,0.18865332078484826,0.6767040316020256
tf=1|ema=21|vwap=roll35|trend=0|sides=long|stop_atr=0|target_atr=0.0|exit_cross=True|min_bars=7|max_bars=0|confirm=False|entry=cross_or_pb|exit=cross|regime=spyvw|rs=20|dtrend=0,588,39.1156462585034,0.9281224959496333,545.7360276183844,1.5169700878741088,2.7099822406242087,230,358,6.205073696145125,0.709861380887569,2.2301596106324246,422,38.86255924170616,0.37355825812144355,157.64158492724917,1.2015180407185855,1.1245602910741659,164,258,6.125789889415481,0.10717962715605558,0.3623810442382328
tf=1|ema=13|vwap=roll50|trend=0|sides=long|stop_atr=4.0|target_atr=0.0|exit_cross=True|min_bars=7|max_bars=0|confirm=False|entry=cross|exit=cross|regime=spy50|rs=20|dtrend=50,316,39.55696202531646,1.60380268614402,506.8016488215104,1.7899764243236127,2.7858160064938695,125,191,9.08597046413502,1.2207147154646099,2.2273545769513965,287,36.23693379790941,0.3464610604386237,99.43432434588499,1.151133328518176,0.7523543438798892,104,183,8.230545876887339,0.21497843249369003,0.48557339201503125
tf=1|ema=21|vwap=roll50|trend=0|sides=long|stop_atr=0|target_atr=0.0|exit_cross=True|min_bars=7|max_bars=0|confirm=False|entry=cross|exit=close_vwap|regime=spyvw|rs=20|dtrend=0,246,40.24390243902439,1.7304679864869685,425.6951246757943,2.0253844761373427,2.6215553234579283,99,147,7.159044715447155,1.397449429101154,2.2269019048946133,214,33.64485981308411,0.8225619872771005,176.02826527729948,1.4569670676909425,1.1778861041208826,72,142,6.696845794392523,0.7011465025516292,1.0919222693224486
tf=1|ema=13|vwap=roll50|trend=0|sides=long|stop_atr=0|target_atr=0.0|exit_cross=True|min_bars=0|max_bars=0|confirm=False|entry=cross_or_pb|exit=cross|regime=|rs=0|dtrend=50,622,38.263665594855304,1.0980913151481222,683.0127980221321,1.5972984516376052,3.1552894701115553,238,384,8.663317256162914,0.7252834332851494,2.2246996322996937,507,35.30571992110453,0.16436175121754384,83.33140786729474,1.0797953017668291,0.5128417591282738,179,328,7.674802761341222,0.06428780449739153,0.21136614059661324
tf=1|ema=13|vwap=roll35|trend=0|sides=long|stop_atr=4.0|target_atr=0.0|exit_cross=True|min_bars=0|max_bars=0|confirm=False|entry=cross|exit=close_vwap|regime=spyvw|rs=20|dtrend=50,340,36.470588235294116,1.2226453948801839,415.69943425926255,1.8861232612591095,2.554201792565165,124,216,4.561642156862745,1.0144372458299409,2.223529958882144,276,38.04347826086956,0.6882459426155031,189.95588016187887,1.525430335634056,1.888445954530741,105,171,4.773550724637682,0.5025687813530666,1.4682564031847736
tf=1|ema=34|vwap=week|trend=0|sides=long|stop_atr=4.0|target_atr=0.0|exit_cross=True|min_bars=0|max_bars=0|confirm=False|entry=cross|exit=cross|regime=|rs=20|dtrend=0,739,56.292286874154264,0.6338810905816278,468.43812593982295,1.5360306913797939,3.686338510454574,416,323,3.400484889490302,0.3396224860944857,2.221719452911369,533,53.28330206378987,0.3285224267701643,175.10245346849754,1.226801777628353,1.591386143332933,284,249,3.2951844903064416,0.22419087428461887,1.1750159635594621
tf=1|ema=21|vwap=roll50|trend=0|sides=long|stop_atr=4.0|target_atr=0.0|exit_cross=True|min_bars=7|max_bars=0|confirm=False|entry=cross|exit=cross|regime=spy50|rs=0|dtrend=0,603,38.308457711442784,1.15643804221263,697.3321394542158,1.5527614294776075,3.0655629914337106,231,372,9.38633222775014,0.7937556467703185,2.221573168883618,603,33.333333333333336,-0.09975260709645774,-60.150822079164016,0.9548989392831967,-0.36803009891923194,201,402,8.219043670536209,-0.21535892424230343,-0.8270232761280838
tf=1|ema=34|vwap=roll50|trend=0|sides=long|stop_atr=0|target_atr=0.0|exit_cross=True|min_bars=7|max_bars=0|confirm=False|entry=cross_or_pb|exit=close_vwap|regime=|rs=20|dtrend=0,581,39.93115318416523,1.1314837237890276,657.3920435214251,1.6921848471579908,3.390888731554609,232,349,6.64213998852553,0.6769549398929189,2.221086372974696,465,35.69892473118279,0.6308567901593903,293.34840742411654,1.3757982287107715,1.6456101659607225,166,299,5.906272401433691,0.4797591311670466,1.359179807718426
tf=1|ema=13|vwap=roll35|trend=0|sides=long|stop_atr=0|target_atr=0.0|exit_cross=True|min_bars=7|max_bars=0|confirm=False|entry=cross|exit=close_vwap|regime=spyvw|rs=0|dtrend=50,501,37.3253493013972,0.855073643992059,428.3918956400215,1.6192245693756029,2.5056009037269567,187,314,5.202511643379906,0.7147971922633006,2.219821659537017,397,38.53904282115869,0.34026684968402066,135.08593932455622,1.2365089972388472,1.2087610561342141,153,244,5.204240134340891,0.1775742168328154,0.6804472395680305
tf=1|ema=13|vwap=week|trend=0|sides=long|stop_atr=0|target_atr=0.0|exit_cross=True|min_bars=7|max_bars=0|confirm=False|entry=cross|exit=cross|regime=|rs=0|dtrend=50,1279,48.631743549648164,0.5605185529294293,716.90322919674,1.4065642795042923,3.601152459082345,622,657,3.936701850403961,0.32050769242395005,2.218397294516186,1032,45.348837209302324,0.12093653662758126,124.80650579966385,1.0762304403743737,0.7978324868777052,468,564,3.737403100775194,0.06514088481891854,0.45789451225306477
tf=1|ema=13|vwap=roll50|trend=0|sides=long|stop_atr=4.0|target_atr=0.0|exit_cross=True|min_bars=0|max_bars=0|confirm=False|entry=cross|exit=cross|regime=|rs=20|dtrend=50,359,39.55431754874652,1.526745572268951,548.1016604445534,1.7809011912788797,2.981277532499633,142,217,8.996518105849582,1.0745291814356404,2.217441350945512,324,36.41975308641975,0.26787926581536786,86.79288212417919,1.1218359147720762,0.6485852774595644,118,206,8.03150720164609,0.11222158461773118,0.2827220002911004
tf=1|ema=21|vwap=week|trend=0|sides=long|stop_atr=4.0|target_atr=0.0|exit_cross=True|min_bars=7|max_bars=0|confirm=False|entry=cross|exit=cross|regime=spy50|rs=20|dtrend=0,750,51.733333333333334,0.5700137029743786,427.5102772307839,1.417727086385247,3.1097694314373316,388,362,3.6488888888888895,0.37665743277085467,2.2162399674100395,658,51.06382978723404,0.5140944580627969,338.2741534053203,1.3355678630749332,2.5454193706837507,336,322,3.602203647416413,0.42710253328876785,2.2398473353779518
tf=1|ema=34|vwap=roll50|trend=0|sides=long|stop_atr=4.0|target_atr=0.0|exit_cross=True|min_bars=7|max_bars=0|confirm=False|entry=cross_or_pb|exit=close_vwap|regime=|rs=20|dtrend=0,584,39.726027397260275,1.141148625436001,666.4307972546246,1.706142456739674,3.453433136868877,232,352,6.561001712328767,0.6696225272506717,2.2151284449135207,468,35.47008547008547,0.6311706338768126,295.3878566543483,1.3800883864441473,1.663102756311837,166,302,5.860398860398859,0.4564028939188607,1.3029357070588214
tf=1|ema=21|vwap=roll50|trend=0|sides=long|stop_atr=0|target_atr=0.0|exit_cross=True|min_bars=7|max_bars=0|confirm=False|entry=cross|exit=cross|regime=spyvw|rs=20|dtrend=0,251,39.44223107569721,1.9305095531792902,484.55789784800186,1.8769671223105648,2.715261132381822,99,152,10.385292164674633,1.4749696980469618,2.2125664066296356,220,35.90909090909091,0.4324836542394502,95.14640393267905,1.1936346738440031,0.6817959157592269,79,141,9.209848484848484,0.24272049291256004,0.4261710226403983
tf=1|ema=13|vwap=week|trend=0|sides=long|stop_atr=4.0|target_atr=0.0|exit_cross=True|min_bars=0|max_bars=0|confirm=False|entry=cross|exit=close_vwap|regime=spyvw|rs=0|dtrend=0,1502,40.94540612516644,0.41760255816057323,627.239042357181,1.447765526630975,3.376839700488847,615,887,2.1677762982689748,0.24977610296891087,2.2121990139993604,1053,39.12630579297246,0.15126130201987276,159.27815102692603,1.169580893622069,1.4843651677461536,412,641,2.1217553023108575,0.0694021732095387,0.7394034917175694
tf=1|ema=13|vwap=roll35|trend=0|sides=long|stop_atr=4.0|target_atr=0.0|exit_cross=True|min_bars=0|max_bars=0|confirm=False|entry=cross|exit=cross|regime=spyvw|rs=20|dtrend=0,416,37.98076923076923,1.158982981543837,482.1369203222362,1.6353883723884102,2.539428587276544,158,258,6.544971955128204,0.9518187445635092,2.211122861902356,321,37.07165109034268,0.6422319011135413,206.15644025744677,1.3424494350376603,1.521654802583199,119,202,6.628894080996885,0.28455322503683816,0.7513030804225019
tf=1|ema=13|vwap=roll35|trend=0|sides=long|stop_atr=4.0|target_atr=0.0|exit_cross=True|min_bars=0|max_bars=0|confirm=False|entry=cross_or_pb|exit=cross|regime=spyvw|rs=20|dtrend=0,580,37.06896551724138,0.9579908651729625,555.6347018003182,1.5727037530625583,2.7309089563769255,215,365,5.810919540229885,0.7284671894135072,2.2109228409414143,425,34.35294117647059,0.35892586751404143,152.5434936934676,1.199905519194304,1.0809580807622337,146,279,5.953333333333334,0.056042628562321055,0.18863952148254423
tf=1|ema=34|vwap=roll35|trend=0|sides=long|stop_atr=4.0|target_atr=0.0|exit_cross=True|min_bars=0|max_bars=0|confirm=False|entry=cross_or_pb|exit=cross|regime=spyvw|rs=0|dtrend=0,1305,47.509578544061306,0.45671169966192565,596.008768058813,1.3325095471207287,3.142354699135937,620,685,3.609067688378033,0.2824373477757463,2.2099927311640246,1030,42.52427184466019,0.32295533921256486,332.6439993889418,1.2305536807006465,2.158700640839651,438,592,3.7963187702265375,0.0753577422111197,0.5595805967337659
tf=1|ema=21|vwap=roll50|trend=0|sides=long|stop_atr=0|target_atr=0.0|exit_cross=True|min_bars=7|max_bars=0|confirm=False|entry=cross_or_pb|exit=cross|regime=spyvw|rs=20|dtrend=50,324,37.65432098765432,1.575917385800388,510.5972329993257,1.822268512003259,2.781388446207606,122,202,8.961162551440328,1.1826535548938826,2.207688283401962,278,34.89208633093525,0.08152153553968605,22.66298688003272,1.0402101070490908,0.1628819991725173,97,181,7.599370503597123,0.04836296478243571,0.10711415602634068
tf=1|ema=13|vwap=roll35|trend=0|sides=long|stop_atr=4.0|target_atr=0.0|exit_cross=True|min_bars=0|max_bars=0|confirm=False|entry=cross|exit=close_vwap|regime=spyvw|rs=0|dtrend=50,515,35.14563106796116,0.8467353690815872,436.0687150770174,1.6792715287105657,2.5843394798531123,181,334,4.581715210355988,0.6832098200708971,2.2035006944328015,408,35.294117647058826,0.35056180858930325,143.0292179044357,1.2687724947899524,1.3164904808469446,144,264,4.642258986928105,0.19262938113069775,0.7749538799783678
tf=1|ema=13|vwap=roll35|trend=0|sides=long|stop_atr=0|target_atr=0.0|exit_cross=True|min_bars=0|max_bars=0|confirm=False|entry=cross|exit=cross|regime=spyvw|rs=0|dtrend=50,525,37.333333333333336,0.9005963574196535,472.81308764531803,1.562546401498537,2.500125584205007,196,329,6.597619047619047,0.7522162170615091,2.2009300063291115,410,34.8780487804878,-0.1314615477398204,-53.89923457332637,0.9302709120768304,-0.44582881084172454,143,267,6.313821138211383,-0.2717580199694955,-0.9861400847593467
tf=1|ema=13|vwap=roll35|trend=0|sides=long|stop_atr=0|target_atr=0.0|exit_cross=True|min_bars=0|max_bars=0|confirm=False|entry=cross_or_pb|exit=cross|regime=spyvw|rs=20|dtrend=50,483,37.47412008281574,1.0457109943553893,505.078410273653,1.6302609033768451,2.6231226385260227,181,302,5.840493443754313,0.8356961693833785,2.2006943491309032,371,34.77088948787062,0.13355388741747867,49.54849223188459,1.0766873070056722,0.4272519568844946,129,242,5.844901168014375,-0.040427710348515014,-0.13880970149979205
tf=1|ema=13|vwap=roll50|trend=0|sides=long|stop_atr=0|target_atr=0.0|exit_cross=True|min_bars=7|max_bars=0|confirm=False|entry=cross|exit=cross|regime=spy50|rs=20|dtrend=0,337,38.87240356083086,1.466032208131188,494.0528541402104,1.688889089370295,2.6237661401557575,131,206,9.095079129574678,1.1640021920751344,2.2006561519592047,311,36.01286173633441,0.3525664126923334,109.6481543473157,1.1555949560988488,0.8074292893180516,112,199,8.319667738478028,0.2421310234327537,0.5772182739206358
tf=1|ema=34|vwap=roll35|trend=0|sides=long|stop_atr=0|target_atr=0.0|exit_cross=True|min_bars=0|max_bars=0|confirm=False|entry=cross_or_pb|exit=cross|regime=spyvw|rs=20|dtrend=50,565,48.49557522123894,0.5337403272701904,301.56328490765753,1.4455196669689403,2.3920620814428566,274,291,3.2574483775811207,0.4636081521142999,2.2002310961841016,445,45.61797752808989,0.3448640843978155,153.4645175570279,1.2773864220828042,1.767429897301709,203,242,3.330992509363296,0.12376945160962771,0.6658329477261996
tf=1|ema=13|vwap=roll50|trend=0|sides=long|stop_atr=0|target_atr=0.0|exit_cross=True|min_bars=0|max_bars=0|confirm=False|entry=cross|exit=close_vwap|regime=spy50|rs=0|dtrend=0,655,32.97709923664122,0.862252646417704,564.7754834035962,1.5556189184983522,2.6332699147393805,216,439,5.844083969465649,0.6908433290579773,2.1985242094462025,665,30.225563909774436,0.04542096590861115,30.204942329226412,1.0278418058583152,0.20642983188424682,201,464,5.609398496240601,-0.0047620633278967475,-0.02269351690004632
tf=1|ema=21|vwap=roll50|trend=0|sides=long|stop_atr=4.0|target_atr=0.0|exit_cross=True|min_bars=0|max_bars=0|confirm=False|entry=cross|exit=cross|regime=spy50|rs=0|dtrend=0,621,38.00322061191626,1.117481816164012,693.9562078378515,1.5519033801456623,3.0747122471546713,236,385,9.04495437466452,0.7566480473036039,2.1979596613241092,627,32.69537480063796,-0.076558735923843,-48.00232742424957,0.9637141623377876,-0.2956998292659898,205,422,7.858253588516747,-0.18966800757778982,-0.7611122546462682
tf=1|ema=13|vwap=roll50|trend=0|sides=long|stop_atr=4.0|target_atr=0.0|exit_cross=True|min_bars=0|max_bars=0|confirm=False|entry=cross|exit=cross|regime=spy50|rs=0|dtrend=50,496,37.096774193548384,1.115130149200274,553.104554003336,1.6075906541077507,2.8133288931813776,184,312,8.606518817204302,0.822921366702352,2.1977972541554176,416,34.85576923076923,0.028982790663961408,12.056840916207944,1.0137722966050713,0.08659214416927319,145,271,7.910356570512819,-0.08705942193941056,-0.2722132859400104
tf=1|ema=13|vwap=roll35|trend=0|sides=long|stop_atr=4.0|target_atr=0.0|exit_cross=True|min_bars=7|max_bars=0|confirm=False|entry=cross|exit=cross|regime=spyvw|rs=0|dtrend=50,509,38.50687622789784,0.9331790029713939,474.98811251243944,1.5685081126719012,2.5139898461483665,196,313,6.821791093647675,0.7731357122975272,2.1961500987110876,397,36.77581863979849,-0.11321642919608163,-44.94692239084441,0.940498260709059,-0.37671280677296165,146,251,6.499370277078086,-0.28930162816645993,-1.026983523609492
tf=1|ema=21|vwap=roll35|trend=0|sides=long|stop_atr=4.0|target_atr=0.0|exit_cross=True|min_bars=0|max_bars=0|confirm=False|entry=cross_or_pb|exit=cross|regime=spyvw|rs=0|dtrend=0,1150,38.17391304347826,0.7280490152243275,837.2563675079766,1.4315979537465497,3.3284384531506115,439,711,5.950108695652174,0.44339799630141163,2.194998147579874,844,36.72985781990521,0.13027348220647766,109.95081898226715,1.0720928932611204,0.6137986990323475,310,534,5.775128357030016,-0.1242123709011919,-0.650994585834161
tf=1|ema=34|vwap=week|trend=0|sides=long|stop_atr=4.0|target_atr=0.0|exit_cross=True|min_bars=0|max_bars=0|confirm=False|entry=cross_or_pb|exit=cross|regime=|rs=20|dtrend=0,786,56.61577608142493,0.6264026740610721,492.3525018120027,1.5091383012234847,3.713064908123475,445,341,3.466497031382528,0.3262359195048964,2.1946283067462273,576,53.81944444444444,0.35538904498256413,204.70408990995693,1.2432704439718283,1.7760095595127403,310,266,3.3326822916666665,0.2436240281965215,1.3174801837145842
tf=1|ema=21|vwap=roll50|trend=0|sides=long|stop_atr=4.0|target_atr=0.0|exit_cross=True|min_bars=7|max_bars=0|confirm=False|entry=cross_or_pb|exit=close_vwap|regime=spyvw|rs=20|dtrend=0,433,38.56812933025404,1.1953274781840264,517.5767980536834,1.7975370505707606,2.8814831879133616,167,266,5.905119322555813,0.8576081433212743,2.192581777382426,343,33.23615160349854,0.5219942214898377,179.0440179710143,1.3126083826939652,1.117507896731158,114,229,5.548712342079689,0.3684786147314306,0.8631612464382422
tf=1|ema=13|vwap=roll35|trend=0|sides=long|stop_atr=0|target_atr=0.0|exit_cross=True|min_bars=0|max_bars=0|confirm=False|entry=cross|exit=close_vwap|regime=spyvw|rs=20|dtrend=0,407,34.3980343980344,1.0324349320976933,420.20101736376125,1.7307189669917558,2.4898824256489664,140,267,4.463144963144964,0.858166716163621,2.192053916315009,320,37.1875,0.9707155338440844,310.62897083010694,1.773711502051559,2.6062523742901145,119,201,5.013411458333333,0.6541912281830714,1.9730676108533476
tf=1|ema=13|vwap=roll35|trend=0|sides=long|stop_atr=4.0|target_atr=0.0|exit_cross=True|min_bars=7|max_bars=0|confirm=False|entry=cross_or_pb|exit=cross|regime=spyvw|rs=20|dtrend=50,470,38.297872340425535,1.0808459011518328,507.99757354136136,1.626995061908074,2.622040900389432,180,290,6.037056737588653,0.8621992212455033,2.1905343196680067,365,36.16438356164384,0.051143953257039035,18.66754293881925,1.027649749108782,0.15965358633791726,132,233,5.968721461187215,-0.1481557294992592,-0.49493357371908975
tf=1|ema=13|vwap=roll35|trend=0|sides=long|stop_atr=0|target_atr=0.0|exit_cross=True|min_bars=0|max_bars=0|confirm=False|entry=cross|exit=close_vwap|regime=spy50|rs=20|dtrend=0,488,35.65573770491803,0.9961979328140728,486.1445912132675,1.6965574147761728,2.6804289418348253,174,314,4.611936475409836,0.7703358584045856,2.1903509701524015,418,36.36363636363637,0.98498006216545,411.72166598515804,1.7138272578857603,2.745730648327015,152,266,4.791566985645932,0.8416895944204514,2.5015097798578774
tf=1|ema=13|vwap=roll35|trend=0|sides=long|stop_atr=4.0|target_atr=0.0|exit_cross=True|min_bars=0|max_bars=0|confirm=False|entry=cross_or_pb|exit=cross|regime=spyvw|rs=20|dtrend=50,487,37.16632443531827,1.0517005005719762,512.1781437785523,1.6448331143725723,2.6651295793051277,181,306,5.7259582477754964,0.8244559056676197,2.189610404953027,372,34.40860215053763,0.07248473690306198,26.964322127939056,1.040557971245536,0.2319482202063141,128,244,5.786066308243728,-0.11646976551247357,-0.39882772061037886
tf=1|ema=21|vwap=roll35|trend=0|sides=long|stop_atr=0|target_atr=0.0|exit_cross=True|min_bars=7|max_bars=0|confirm=False|entry=cross|exit=cross|regime=spyvw|rs=20|dtrend=0,446,39.46188340807175,1.113131530871309,496.4566627686038,1.5774649508836414,2.6078660847443627,176,270,6.983370702541105,0.8667164151661317,2.1895236075985958,321,39.875389408099686,0.6283790179693994,201.70966476817722,1.3219508228486527,1.5001583491718098,128,193,6.87603842159917,0.35298233064310663,0.9380082833510293
tf=1|ema=13|vwap=roll35|trend=0|sides=long|stop_atr=4.0|target_atr=0.0|exit_cross=True|min_bars=0|max_bars=0|confirm=False|entry=cross|exit=cross|regime=spyvw|rs=20|dtrend=50,348,38.2183908045977,1.2669335952283933,440.89289113948087,1.7254301263963558,2.473764062209577,133,215,6.435704022988506,1.0733710774653096,2.1887493259595434,277,37.18411552346571,0.23919641694739924,66.25740749442959,1.1264524375165073,0.6019167317123801,103,174,6.402075812274369,0.015537912115900865,0.041558242066238794
tf=1|ema=21|vwap=week|trend=0|sides=long|stop_atr=4.0|target_atr=0.0|exit_cross=True|min_bars=7|max_bars=0|confirm=False|entry=cross|exit=close_vwap|regime=|rs=0|dtrend=0,1928,45.643153526970956,0.478361725923855,922.2814075811925,1.4075998484708572,3.9731243383522137,880,1048,2.8771827455048413,0.23253062472092845,2.1879432643901073,1476,41.59891598915989,0.24544589845722403,362.27814612286267,1.2021190700776905,2.1410345917064864,614,862,2.7184959349593494,0.11283101012550044,1.0771634569666182
tf=1|ema=34|vwap=roll50|trend=0|sides=long|stop_atr=4.0|target_atr=0.0|exit_cross=True|min_bars=0|max_bars=0|confirm=False|entry=cross|exit=cross|regime=spy50|rs=0|dtrend=0,694,41.78674351585014,0.9763640001410898,677.5966160979164,1.525657960480461,3.1820077817326182,290,404,7.855007204610951,0.6369759062384401,2.1867443142945615,676,34.467455621301774,-0.14571569753148378,-98.50381153128303,0.930883517330576,-0.5913498943291943,233,443,7.265717455621302,-0.25712205546140965,-1.0933847371889462
tf=1|ema=13|vwap=roll50|trend=0|sides=long|stop_atr=0|target_atr=0.0|exit_cross=True|min_bars=0|max_bars=0|confirm=False|entry=cross|exit=close_vwap|regime=spyvw|rs=0|dtrend=50,365,36.16438356164384,1.1641779472218294,424.92495073596774,1.8308522563903737,2.536277837001584,132,233,6.189726027397259,0.9572123073174306,2.1864052546913304,309,30.42071197411003,-0.1717439858406109,-53.06889162474877,0.8884342136244511,-0.688798649090205,94,215,5.608549083063646,-0.18165811018983227,-0.7565350623302189
tf=1|ema=21|vwap=roll50|trend=0|sides=long|stop_atr=4.0|target_atr=0.0|exit_cross=True|min_bars=7|max_bars=0|confirm=False|entry=cross_or_pb|exit=cross|regime=spyvw|rs=0|dtrend=50,456,37.280701754385966,1.254309718608653,571.9652316855457,1.6763802046792626,2.8940291146120662,170,286,9.145650584795323,0.8903122447790266,2.1853583757667474,389,32.64781491002571,0.047144090137238144,18.339051063385636,1.023877029124971,0.11443052573115253,127,262,7.25235646958012,-0.022975020407404585,-0.061029028911465465
tf=1|ema=13|vwap=roll35|trend=0|sides=long|stop_atr=0|target_atr=0.0|exit_cross=True|min_bars=7|max_bars=0|confirm=False|entry=cross|exit=cross|regime=|rs=20|dtrend=0,627,41.6267942583732,1.0307698563525263,646.2926999330339,1.532490279385001,2.944986355790817,261,366,7.254585326953748,0.7068542465915962,2.1852841989986613,494,38.8663967611336,0.7254825590680059,358.38838417959494,1.3697258005596715,2.0346918195660324,192,302,6.789136302294197,0.4661740177887271,1.423930825827762
tf=1|ema=34|vwap=roll50|trend=0|sides=long|stop_atr=0|target_atr=0.0|exit_cross=True|min_bars=7|max_bars=0|confirm=False|entry=cross_or_pb|exit=cross|regime=spy50|rs=20|dtrend=50,410,46.09756097560975,1.3073188539298248,536.0007301112281,1.6891847139755731,2.9516910491625326,189,221,8.571138211382113,0.9135207465065411,2.1844058310594106,339,38.93805309734513,0.4398550307375299,149.11085542002263,1.201571899605057,1.0068216168080737,132,207,7.888520157325466,0.369039445331196,0.8856452100558674
tf=1|ema=21|vwap=roll50|trend=0|sides=long|stop_atr=0|target_atr=0.0|exit_cross=True|min_bars=0|max_bars=0|confirm=False|entry=cross_or_pb|exit=cross|regime=spy50|rs=0|dtrend=50,536,38.80597014925373,1.1183806807445924,599.4520448791014,1.57567892976012,2.8361162721577897,208,328,9.261504975124376,0.8050675547117124,2.1835003763832272,459,35.729847494553375,0.3207122925064662,147.206942260468,1.1630131858909392,0.9231263358067243,164,295,7.9001452432824975,0.2633205603737451,0.7952327525696482
tf=1|ema=21|vwap=roll35|trend=0|sides=long|stop_atr=0|target_atr=0.0|exit_cross=True|min_bars=0|max_bars=0|confirm=False|entry=cross_or_pb|exit=cross|regime=spyvw|rs=20|dtrend=0,601,38.935108153078204,0.9040929617577989,543.3598700164371,1.5230572174979622,2.718351573041713,234,367,5.957085413200222,0.6744030584237947,2.183386746116509,440,37.04545454545455,0.33079812667665637,145.5511757377288,1.1876890424065887,1.0537117799761566,163,277,5.769128787878788,0.07700622424045872,0.27651466752562903
tf=1|ema=13|vwap=roll50|trend=0|sides=long|stop_atr=4.0|target_atr=0.0|exit_cross=True|min_bars=7|max_bars=0|confirm=False|entry=cross_or_pb|exit=cross|regime=|rs=0|dtrend=50,607,38.87973640856672,1.1583661209444964,703.1282354133093,1.6217451602329271,3.2440565257038068,236,371,8.836834157056561,0.7318074593142806,2.1831501305319914,508,35.23622047244095,0.08766622933688462,44.53444450313738,1.0411517200501428,0.2729205559386913,179,329,7.610482283464567,-0.042507504932228074,-0.1393419343095008
tf=1|ema=21|vwap=roll50|trend=0|sides=long|stop_atr=4.0|target_atr=0.0|exit_cross=True|min_bars=0|max_bars=0|confirm=False|entry=cross_or_pb|exit=cross|regime=spyvw|rs=0|dtrend=50,466,37.33905579399141,1.2066196394012303,562.2847519609733,1.666921933936659,2.8722905653339934,174,292,8.864985693848354,0.8597778675458884,2.179898844220195,401,31.920199501246884,0.02551932765810193,10.233250390898874,1.0131589888722738,0.06388507867184669,128,273,6.99397339983375,-0.038890841612576235,-0.10653471824246603
tf=1|ema=21|vwap=roll50|trend=0|sides=long|stop_atr=0|target_atr=0.0|exit_cross=True|min_bars=0|max_bars=0|confirm=False|entry=cross|exit=close_vwap|regime=|rs=20|dtrend=0,411,36.73965936739659,1.3771545959279807,566.0105389264,1.7946651360132373,3.017007222019887,151,260,6.779298459042984,0.9164094230279406,2.179351620780122,355,34.36619718309859,0.941447756398364,334.2139535214192,1.5907630918863112,2.0259484389392255,122,233,6.261032863849766,0.7953030829061587,1.876059066659526
tf=1|ema=21|vwap=week|trend=0|sides=long|stop_atr=0|target_atr=0.0|exit_cross=True|min_bars=0|max_bars=0|confirm=False|entry=cross|exit=close_vwap|regime=spy50|rs=20|dtrend=50,706,40.65155807365439,0.43050078812863507,303.93355641881635,1.485030051346423,2.7543397731887636,287,419,2.4758616619452316,0.32413493168807284,2.1790483221959924,600,42.0,0.3787412365818754,227.24474194912526,1.400691732903969,2.4025288801518814,252,348,2.415208333333333,0.30566423055626485,2.0861881262175492
tf=1|ema=21|vwap=roll35|trend=0|sides=long|stop_atr=4.0|target_atr=0.0|exit_cross=True|min_bars=7|max_bars=0|confirm=False|entry=cross|exit=cross|regime=|rs=20|dtrend=0,660,40.60606060606061,1.016299536713543,670.7576942309385,1.5288545530561772,3.135361249614155,268,392,6.875757575757576,0.6448492386014884,2.1768617986785137,521,39.34740882917466,0.6709389553855318,349.55919575586205,1.3380045508966647,1.995403793344501,205,316,6.399392194497761,0.41721203236669624,1.347963418750838
tf=1|ema=34|vwap=roll50|trend=0|sides=long|stop_atr=0|target_atr=0.0|exit_cross=True|min_bars=7|max_bars=0|confirm=False|entry=cross_or_pb|exit=close_vwap|regime=spyvw|rs=20|dtrend=0,436,39.22018348623853,1.1368633041428158,495.6724006062677,1.7633002405236393,2.925204666155422,171,265,6.103975535168196,0.7942730029546325,2.1767667391844023,344,36.33720930232558,0.7169926666551257,246.64547732936327,1.4418026578572072,1.5212579741623768,125,219,5.8122577519379846,0.5398924399830615,1.2541067964828492
tf=1|ema=34|vwap=week|trend=0|sides=long|stop_atr=4.0|target_atr=0.0|exit_cross=True|min_bars=0|max_bars=0|confirm=False|entry=cross|exit=close_vwap|regime=spy50|rs=20|dtrend=50,504,42.46031746031746,0.391736001384547,197.4349446978117,1.6736269416607523,2.6884406496592796,214,290,1.8282903439153442,0.2951028120533404,2.1765322134867033,377,39.257294429708224,0.1354033608666533,51.0470670467283,1.2184403723632489,1.1508505095353199,148,229,1.7674624226348365,0.08151175753424866,0.7448512943896427
tf=1|ema=34|vwap=week|trend=0|sides=long|stop_atr=0|target_atr=0.0|exit_cross=True|min_bars=7|max_bars=0|confirm=False|entry=cross|exit=close_vwap|regime=|rs=0|dtrend=0,1301,46.73328209069946,0.6087484912081492,791.981787061802,1.574602607747518,4.060909401953452,608,693,2.7418972585190877,0.28532875173243377,2.1761616963002712,1031,41.998060135790496,0.23566072869408397,242.9662112836006,1.2130100582293182,1.7772591777022766,433,598,2.4706191399935338,0.1122790305572678,0.9422325422657368
tf=1|ema=13|vwap=week|trend=0|sides=long|stop_atr=4.0|target_atr=0.0|exit_cross=True|min_bars=7|max_bars=0|confirm=False|entry=cross_or_pb|exit=close_vwap|regime=spyvw|rs=20|dtrend=50,673,46.95393759286775,0.7594540953299003,511.11260615702287,1.6269285620333769,3.380855392933052,316,357,3.255448241703814,0.4484042047406498,2.1753708262630864,529,40.64272211720227,0.138943518049626,73.50112104825216,1.0991413532514511,0.7043148845406687,215,314,3.0352867044738496,0.055750388576781953,0.30551224793311293
tf=1|ema=21|vwap=roll50|trend=0|sides=long|stop_atr=4.0|target_atr=0.0|exit_cross=True|min_bars=7|max_bars=0|confirm=False|entry=cross|exit=close_vwap|regime=spyvw|rs=20|dtrend=0,246,40.24390243902439,1.7181034593548354,422.6534510012895,2.010653284866538,2.600825738256635,99,147,7.1134823848238495,1.3672678047703397,2.175158192178514,214,33.64485981308411,0.7725644526113233,165.3287928588232,1.4175924589302134,1.1055371671485814,72,142,6.639408099688474,0.6477045586684689,1.0066691307646676
tf=1|ema=21|vwap=roll35|trend=0|sides=long|stop_atr=0|target_atr=0.0|exit_cross=True|min_bars=0|max_bars=0|confirm=False|entry=cross|exit=cross|regime=spyvw|rs=20|dtrend=0,456,40.13157894736842,1.0932698043474405,498.5310307824329,1.5850655829068658,2.634628542563065,183,273,6.740679824561403,0.8353413222106492,2.172122467029392,336,38.69047619047619,0.5715531859759885,192.04187048793213,1.3085754569324979,1.4499084119037304,130,206,6.486483134920634,0.3074102707316086,0.8712905555255553
tf=1|ema=21|vwap=week|trend=0|sides=long|stop_atr=4.0|target_atr=0.0|exit_cross=True|min_bars=7|max_bars=0|confirm=False|entry=cross|exit=cross|regime=spy50|rs=20|dtrend=50,704,52.13068181818182,0.5739066256125313,404.030264431222,1.4287964538218785,3.0909892532420327,367,337,3.6579663825757573,0.3752568838237616,2.171725105294604,606,50.495049504950494,0.4533450383475234,274.7270932385992,1.2921348463130957,2.154460794206613,306,300,3.5893839383938397,0.36708087018370206,1.8500440816092176
tf=1|ema=13|vwap=roll50|trend=0|sides=long|stop_atr=0|target_atr=0.0|exit_cross=True|min_bars=0|max_bars=0|confirm=False|entry=cross_or_pb|exit=close_vwap|regime=|rs=20|dtrend=50,548,32.66423357664234,0.941870000663256,516.1447603634642,1.6890035310803606,2.725627040444932,179,369,4.986009732360097,0.7089103782385906,2.1712519638948597,437,31.35011441647597,0.21271310985266123,92.95562900561295,1.1380654577293132,0.7292944092054996,137,300,4.95337528604119,0.2003234183878128,0.7193416300295319
tf=1|ema=13|vwap=roll35|trend=0|sides=long|stop_atr=0|target_atr=0.0|exit_cross=True|min_bars=7|max_bars=0|confirm=False|entry=cross|exit=close_vwap|regime=spyvw|rs=20|dtrend=0,397,37.531486146095716,1.0953200762572333,434.8420702741216,1.6853665700109544,2.488331857475957,149,248,5.2164147774979,0.8956826112151071,2.169284121221903,313,40.2555910543131,1.0432270213514534,326.53005768300494,1.742756897161436,2.6478072558958807,126,187,5.646565495207668,0.7131453137070233,2.0335360662594373
tf=1|ema=21|vwap=roll50|trend=0|sides=long|stop_atr=0|target_atr=0.0|exit_cross=True|min_bars=7|max_bars=0|confirm=False|entry=cross_or_pb|exit=cross|regime=spy50|rs=20|dtrend=0,414,38.64734299516908,1.3750056746712307,569.2523493138895,1.6545197415424053,2.804396251925492,160,254,9.254227053140097,0.9964462515829984,2.168884796224698,366,36.885245901639344,0.3850600369570496,140.93197352628016,1.1859852972871088,0.9950368902980281,135,231,8.071379781420765,0.33320658255656044,0.9022214170709528
tf=1|ema=13|vwap=roll50|trend=0|sides=long|stop_atr=4.0|target_atr=0.0|exit_cross=True|min_bars=0|max_bars=0|confirm=False|entry=cross|exit=close_vwap|regime=spyvw|rs=0|dtrend=50,365,36.16438356164384,1.174375570902696,428.647083379484,1.8442746202124929,2.5617704029802137,132,233,6.187100456621004,0.9492736071164156,2.168350797347744,309,30.42071197411003,-0.18822862747540625,-58.16264588990053,0.879021207172376,-0.7544638128572887,94,215,5.6054476806904,-0.20201788741622187,-0.8386359123565981
tf=1|ema=13|vwap=roll35|trend=0|sides=long|stop_atr=0|target_atr=0.0|exit_cross=True|min_bars=7|max_bars=0|confirm=False|entry=cross|exit=close_vwap|regime=spy50|rs=20|dtrend=0,477,38.36477987421384,1.015658891328999,484.4692911639325,1.650076732835786,2.640852262757543,183,294,5.181691125087351,0.7868288975218425,2.1663513075898444,409,39.119804400978,1.0463432437244995,427.9543866833203,1.6933098893678438,2.794222480407316,160,249,5.328443357783211,0.8915443794449461,2.5490633903689806
tf=1|ema=13|vwap=week|trend=0|sides=long|stop_atr=4.0|target_atr=0.0|exit_cross=True|min_bars=7|max_bars=0|confirm=False|entry=cross_or_pb|exit=close_vwap|regime=spyvw|rs=20|dtrend=0,850,46.0,0.7529890911030002,640.0407274375501,1.603476304749018,3.537183156141143,391,459,3.175441176470588,0.417860807621619,2.165428316974814,617,41.3290113452188,0.15086012303438442,93.08069591221519,1.1113321559315041,0.8613265778337916,255,362,2.981901674770395,0.018137434826078463,0.1133981148566519
tf=1|ema=21|vwap=week|trend=0|sides=long|stop_atr=4.0|target_atr=0.0|exit_cross=True|min_bars=7|max_bars=0|confirm=False|entry=cross_or_pb|exit=cross|regime=|rs=20|dtrend=50,843,53.380782918149464,0.6228979373532226,525.1029611887667,1.4579952148390378,3.612681180062998,450,393,3.8077303281929615,0.3438350004033444,2.165305500636525,687,51.09170305676856,0.48542685339466823,333.4882482821371,1.3144888292088663,2.4654576200090066,351,336,3.5582848131974774,0.3757040572414961,2.023490440677078
tf=1|ema=21|vwap=roll50|trend=0|sides=long|stop_atr=4.0|target_atr=0.0|exit_cross=True|min_bars=7|max_bars=0|confirm=False|entry=cross|exit=cross|regime=spyvw|rs=20|dtrend=0,251,39.04382470119522,1.933653119613366,485.34693302295483,1.8839436533716702,2.7308752070248157,98,153,10.112383798140769,1.4371600024113083,2.1643766117715497,220,34.54545454545455,0.3048397951272016,67.06475492798435,1.13177952776462,0.4811073364804926,76,144,8.627840909090908,0.13045157851127032,0.22925552249168715
tf=1|ema=21|vwap=roll35|trend=0|sides=long|stop_atr=4.0|target_atr=0.0|exit_cross=True|min_bars=7|max_bars=0|confirm=False|entry=cross_or_pb|exit=cross|regime=spyvw|rs=0|dtrend=0,1123,38.557435440783614,0.7269684108511744,816.3855253858688,1.4112724179679597,3.192781768513698,433,690,6.2021742356782426,0.4545095549813083,2.16394842853199,814,38.82063882063882,0.16192951876271217,131.8106282728477,1.0860997385921838,0.7260970333506923,316,498,6.093417280917281,-0.11023482443268272,-0.5492542562206383
tf=1|ema=13|vwap=roll50|trend=0|sides=long|stop_atr=4.0|target_atr=0.0|exit_cross=True|min_bars=7|max_bars=0|confirm=False|entry=cross_or_pb|exit=close_vwap|regime=spyvw|rs=0|dtrend=50,535,35.32710280373832,0.9352490996591101,500.35826831762387,1.671807518366396,2.7038331697551405,189,346,6.023598130841122,0.7093701476080748,2.1636805783381576,437,30.205949656750573,-0.3553283399316854,-155.27848455014652,0.778830572560981,-1.6586917919859134,132,305,5.172006102212053,-0.3596259649618472,-1.7741258479121103
tf=1|ema=21|vwap=roll35|trend=0|sides=long|stop_atr=4.0|target_atr=0.0|exit_cross=True|min_bars=0|max_bars=0|confirm=False|entry=cross|exit=cross|regime=|rs=20|dtrend=0,679,40.6480117820324,0.99578085737085,676.1352021548072,1.5370007945855422,3.1749261257933536,276,403,6.588978890525281,0.6193075555481226,2.1622438176731413,549,38.25136612021858,0.6132794726187335,336.69043046768473,1.3242494954720099,1.9952589605285955,210,339,6.013205828779599,0.38604982315640146,1.3731255069597712
tf=1|ema=13|vwap=roll35|trend=0|sides=long|stop_atr=4.0|target_atr=0.0|exit_cross=True|min_bars=0|max_bars=0|confirm=False|entry=cross|exit=close_vwap|regime=spyvw|rs=20|dtrend=0,407,34.3980343980344,1.0284979824664027,418.59867886382585,1.725909846537936,2.479117509920208,140,267,4.445843570843571,0.8470600559553983,2.1606054846694045,320,37.1875,0.9284916015376952,297.11731249206247,1.7159613345710638,2.477970533273209,119,201,4.985807291666666,0.6061848075014006,1.8135935146532627
tf=1|ema=13|vwap=roll50|trend=0|sides=long|stop_atr=4.0|target_atr=0.0|exit_cross=True|min_bars=0|max_bars=0|confirm=False|entry=cross_or_pb|exit=close_vwap|regime=spy50|rs=0|dtrend=0,887,30.326944757609922,0.6651500901642147,589.9881299756584,1.5030094561900647,2.6996436418250997,269,618,4.98999436302142,0.5077191881077624,2.1588865313730254,825,28.727272727272727,0.05536108542207761,45.67289547321403,1.03709702603076,0.28877758066002035,237,588,4.953535353535354,-0.006568492210670687,-0.03602886559805461
tf=1|ema=21|vwap=roll35|trend=0|sides=long|stop_atr=0|target_atr=0.0|exit_cross=True|min_bars=0|max_bars=0|confirm=False|entry=cross|exit=close_vwap|regime=spyvw|rs=20|dtrend=50,359,37.60445682451253,1.1019535476119948,395.60132359270614,1.7797062169119517,2.5249059001058116,135,224,4.926880222841226,0.8883688567193272,2.158288866215032,284,35.91549295774648,0.6590650657436607,187.17447867119967,1.4719546997418225,1.7957005470107654,102,182,4.914319248826291,0.551478435140922,1.613402593800622
tf=1|ema=13|vwap=roll35|trend=0|sides=long|stop_atr=0|target_atr=0.0|exit_cross=True|min_bars=7|max_bars=0|confirm=False|entry=cross|exit=cross|regime=spyvw|rs=0|dtrend=50,509,38.50687622789784,0.9014430363679202,458.8345055112714,1.5387576540676937,2.4151781658257625,196,313,6.907170923379175,0.7627861066885461,2.1569501575221186,397,37.02770780856423,-0.11026329326595209,-43.77452742658298,0.9422558138696037,-0.3628403750996691,147,250,6.571683459277917,-0.25680525901290785,-0.9050890714727909
tf=1|ema=21|vwap=week|trend=0|sides=long|stop_atr=4.0|target_atr=0.0|exit_cross=True|min_bars=7|max_bars=0|confirm=False|entry=cross_or_pb|exit=cross|regime=spy50|rs=0|dtrend=50,1033,50.82284607938045,0.4866906837059745,502.7514762682717,1.3866719843848456,3.3377872358090634,525,508,3.7209583736689256,0.29126790777739536,2.1569478819101042,880,49.09090909090909,0.34313858869521896,301.9619580517927,1.2350322649290595,2.1010502830413684,432,448,3.573200757575758,0.26177999407407737,1.7061699346144379
tf=1|ema=21|vwap=roll50|trend=0|sides=long|stop_atr=4.0|target_atr=0.0|exit_cross=True|min_bars=0|max_bars=0|confirm=False|entry=cross|exit=close_vwap|regime=spyvw|rs=0|dtrend=50,340,35.88235294117647,1.1830358088402846,402.2321750056967,1.8111624726659847,2.469406699561539,122,218,6.601838235294117,0.9862259344704518,2.15621263669666,297,31.986531986531986,0.289360641346824,85.94011048000672,1.1878854476901075,0.6522381556502365,95,202,5.82814253647587,0.19934823955666423,0.4935027134801146
tf=1|ema=13|vwap=roll35|trend=0|sides=long|stop_atr=4.0|target_atr=0.0|exit_cross=True|min_bars=0|max_bars=0|confirm=False|entry=cross|exit=cross|regime=spy50|rs=20|dtrend=0,498,39.3574297188755,1.043721159079199,519.7731372214412,1.5864495052187262,2.6408672698213955,196,302,6.590277777777778,0.8063283967982782,2.155588767054633,422,37.677725118483416,0.6655879613233378,280.8781196784485,1.3574345191762076,1.8002408111794932,159,263,6.4482622432859396,0.49927322794768036,1.425678765822052
tf=1|ema=13|vwap=week|trend=0|sides=long|stop_atr=0|target_atr=0.0|exit_cross=True|min_bars=7|max_bars=0|confirm=False|entry=cross_or_pb|exit=close_vwap|regime=spyvw|rs=20|dtrend=0,847,46.04486422668241,0.7396274173307518,626.4644224791467,1.5838923847249333,3.430116027713022,390,457,3.208431719795356,0.4207218859213569,2.1549869230696945,617,41.49108589951378,0.17103206291991252,105.52678282158602,1.1268589276001042,0.9730774988245126,256,361,3.0004051863857373,0.04573555648136932,0.285647820738976
tf=1|ema=21|vwap=roll50|trend=0|sides=long|stop_atr=0|target_atr=0.0|exit_cross=True|min_bars=0|max_bars=0|confirm=False|entry=cross|exit=cross|regime=spyvw|rs=20|dtrend=0,258,38.75968992248062,1.8045157020734726,465.56505113495587,1.8309461443886577,2.6335156119950276,100,158,10.004198966408268,1.3803735937719523,2.153620629641539,231,34.1991341991342,0.38101024900081043,88.0133675191872,1.1772718530746562,0.6309735864693008,79,152,8.708152958152958,0.2077694660324955,0.3836220355582832
tf=1|ema=21|vwap=roll35|trend=0|sides=long|stop_atr=0|target_atr=0.0|exit_cross=True|min_bars=7|max_bars=0|confirm=False|entry=cross_or_pb|exit=cross|regime=|rs=20|dtrend=50,609,41.21510673234811,0.9876328862491596,601.4684277257381,1.5360816622015478,2.890080419279857,251,358,6.616652983032294,0.6846994334240691,2.151445524620439,500,39.4,0.4431985426075776,221.59927130378878,1.2288129566995842,1.395618695529688,197,303,6.187083333333333,0.27763705330332056,0.9208188247532573
tf=1|ema=34|vwap=roll50|trend=0|sides=long|stop_atr=0|target_atr=0.0|exit_cross=True|min_bars=0|max_bars=0|confirm=False|entry=cross|exit=close_vwap|regime=spyvw|rs=20|dtrend=0,294,37.074829931972786,1.3988274798444076,411.25527907425584,1.881246771016461,2.681124691156171,109,185,6.676303854875284,1.0618116097285495,2.1511361093313592,239,37.23849372384937,0.8679960739424444,207.4510616722442,1.5530120002523973,1.538198994105974,89,150,6.2343096234309625,0.6295533026525272,1.2534847503629098
tf=1|ema=13|vwap=roll50|trend=0|sides=long|stop_atr=4.0|target_atr=0.0|exit_cross=True|min_bars=0|max_bars=0|confirm=False|entry=cross_or_pb|exit=cross|regime=|rs=0|dtrend=50,628,38.05732484076433,1.0938583272774103,686.9430295302137,1.6054084261728454,3.197949059080512,239,389,8.461982484076433,0.6899975629557683,2.1494783405364584,513,34.50292397660819,0.12062755668599734,61.881936579916626,1.0583295598311033,0.3817119886251348,177,336,7.487816764132553,-0.004728169922133326,-0.015727550023606627
tf=1|ema=13|vwap=roll35|trend=0|sides=long|stop_atr=0|target_atr=0.0|exit_cross=True|min_bars=0|max_bars=0|confirm=False|entry=cross|exit=cross|regime=spyvw|rs=20|dtrend=0,416,37.98076923076923,1.1216704732328655,466.61491686487204,1.6026057755426155,2.4420423957551045,158,258,6.636117788461538,0.9282773391033206,2.143920469743938,321,37.69470404984423,0.7287942028482854,233.94293911429963,1.4037562350587904,1.7330312629145406,121,200,6.761941848390447,0.3614079612573889,0.9584587143313061
tf=1|ema=21|vwap=roll50|trend=0|sides=long|stop_atr=0|target_atr=0.0|exit_cross=True|min_bars=0|max_bars=0|confirm=False|entry=cross|exit=close_vwap|regime=spyvw|rs=20|dtrend=50,215,38.604651162790695,1.6657229641118647,358.1304372840509,2.055303591057215,2.323969492099712,83,132,6.5201550387596905,1.4785804930309054,2.14339616844313,203,33.004926108374384,0.42738986207580065,86.76014200138754,1.2597765850218505,0.6939693823878947,67,136,5.984195402298851,0.37944732942916387,0.679184271884684
tf=1|ema=21|vwap=roll50|trend=0|sides=long|stop_atr=0|target_atr=0.0|exit_cross=True|min_bars=0|max_bars=0|confirm=False|entry=cross_or_pb|exit=cross|regime=spyvw|rs=20|dtrend=50,331,37.46223564954683,1.4915376775914408,493.69897128276693,1.7883011107301074,2.7150058011280747,124,207,8.656973816717018,1.111102485804985,2.1423605283014084,291,32.98969072164948,0.03138089293742696,9.131839844791244,1.0157829196319792,0.06558531571017286,96,195,7.195446735395189,0.0019393235154798313,0.0044975073603037595
tf=1|ema=21|vwap=roll50|trend=0|sides=long|stop_atr=4.0|target_atr=0.0|exit_cross=True|min_bars=0|max_bars=0|confirm=False|entry=cross|exit=cross|regime=spyvw|rs=20|dtrend=0,258,38.372093023255815,1.8279476821362328,471.6105019911481,1.8550509445020593,2.6818179568310176,99,159,9.751937984496124,1.3658550153308904,2.141799597402254,231,32.900432900432904,0.2734937453894613,63.17705518496556,1.1236853706420977,0.45329697341685105,76,155,8.181818181818182,0.10974853331101035,0.20280847433356303
tf=1|ema=13|vwap=roll35|trend=0|sides=long|stop_atr=4.0|target_atr=0.0|exit_cross=True|min_bars=7|max_bars=0|confirm=False|entry=cross|exit=close_vwap|regime=spyvw|rs=0|dtrend=50,501,37.3253493013972,0.8526316025427129,427.1684328738991,1.6163660745060173,2.4988379649698405,187,314,5.158682634730539,0.6905025754375078,2.1403930655062102,397,38.53904282115869,0.32640845058343076,129.584154881622,1.2247119035175258,1.1576973485843218,153,244,5.18660789252729,0.14391634722500957,0.5486407877048107
tf=1|ema=34|vwap=roll50|trend=0|sides=long|stop_atr=0|target_atr=0.0|exit_cross=True|min_bars=0|max_bars=0|confirm=False|entry=cross_or_pb|exit=cross|regime=spy50|rs=20|dtrend=50,432,45.601851851851855,1.2228776838893065,528.2831594401804,1.675440622575499,2.925231428397139,197,235,8.044753086419753,0.8458919631988807,2.140242757967565,355,38.028169014084504,0.37224755362822387,132.14788153801948,1.1754645374558066,0.9282530940163491,135,220,7.419600938967137,0.2943964757148817,0.7718193196946324
tf=1|ema=34|vwap=roll50|trend=0|sides=long|stop_atr=4.0|target_atr=0.0|exit_cross=True|min_bars=0|max_bars=0|confirm=False|entry=cross|exit=close_vwap|regime=spyvw|rs=20|dtrend=0,294,37.074829931972786,1.4114163832420061,414.95641667314976,1.8962859843319742,2.706382732553883,109,185,6.646541950113378,1.0564370824292701,2.137913615293629,239,37.23849372384937,0.8928729800238934,213.39664222571054,1.5780227330610987,1.589247630937918,89,150,6.214435146443515,0.6395612609244514,1.2771038983270289
tf=1|ema=13|vwap=roll50|trend=0|sides=long|stop_atr=4.0|target_atr=0.0|exit_cross=True|min_bars=0|max_bars=0|confirm=False|entry=cross|exit=cross|regime=spy50|rs=20|dtrend=50,329,38.60182370820669,1.4647155447534823,481.8914142238957,1.7297974425600267,2.6689149438024664,127,202,8.651089159067881,1.115049896373979,2.13732644774069,290,36.55172413793103,0.3986749048548072,115.61572240789408,1.180174577239129,0.8790791525163707,106,184,8.122844827586206,0.2687428782532999,0.6161409655455615
tf=1|ema=13|vwap=week|trend=0|sides=long|stop_atr=0|target_atr=0.0|exit_cross=True|min_bars=0|max_bars=0|confirm=False|entry=cross|exit=close_vwap|regime=|rs=0|dtrend=0,2360,37.96610169491525,0.29560487067562347,697.6274947944714,1.3319931880454043,3.333426073373739,896,1464,2.0253354519774014,0.17310519265785973,2.1372854850418594,1774,37.0913190529876,0.19310854720600434,342.5745627434517,1.2149970204731018,2.2822224765278722,658,1116,1.962326193160466,0.10085339429096692,1.3114393036075904
tf=1|ema=13|vwap=week|trend=0|sides=long|stop_atr=0|target_atr=0.0|exit_cross=True|min_bars=0|max_bars=0|confirm=False|entry=cross|exit=cross|regime=spy50|rs=20|dtrend=0,921,47.557003257328994,0.5144729944338218,473.8296278735499,1.36550429670321,2.9107278955386917,438,483,3.6235070575461457,0.35281143817578725,2.136956596079336,801,44.818976279650435,0.22287708306376852,178.5245435340786,1.1486496236960388,1.2919640752279413,359,442,3.3233978360382856,0.18554866129315575,1.1382350811548514
tf=1|ema=21|vwap=roll50|trend=0|sides=long|stop_atr=0|target_atr=0.0|exit_cross=True|min_bars=7|max_bars=0|confirm=False|entry=cross_or_pb|exit=close_vwap|regime=spy50|rs=0|dtrend=0,790,35.44303797468354,0.7908476287435965,624.7696267074411,1.507383714630012,2.765813462955427,280,510,5.9637658227848105,0.5827957744775203,2.135640737361383,736,32.47282608695652,0.07922233978777789,58.307642083804524,1.0473575421796018,0.3534224581679726,239,497,5.791949728260869,-0.006394391189451683,-0.03014847392093996
tf=1|ema=13|vwap=roll35|trend=0|sides=long|stop_atr=0|target_atr=0.0|exit_cross=True|min_bars=7|max_bars=0|confirm=False|entry=cross|exit=close_vwap|regime=spyvw|rs=20|dtrend=50,331,39.274924471299094,1.2160822315266964,402.5232186353365,1.7821406495667813,2.440929862394731,130,201,5.23766364551863,1.0118273040211856,2.1356269874977825,271,40.59040590405904,0.7026178479378288,190.40943679115162,1.48990756226052,1.8492610689070932,110,161,5.357626076260762,0.5009971204968903,1.4121169392717097
tf=1|ema=13|vwap=roll50|trend=0|sides=long|stop_atr=4.0|target_atr=0.0|exit_cross=True|min_bars=7|max_bars=0|confirm=False|entry=cross|exit=cross|regime=spy50|rs=20|dtrend=0,337,38.57566765578635,1.4724487844962653,496.21524037524136,1.7005577972349162,2.6532806168445178,130,207,8.943372898120673,1.1249090828244872,2.1346869685465406,311,35.369774919614144,0.3198181044544718,99.46343048534072,1.1401512884681482,0.7318616603514025,110,201,8.096864951768488,0.16831216030352306,0.39981844408621353
tf=1|ema=13|vwap=roll35|trend=0|sides=long|stop_atr=4.0|target_atr=0.0|exit_cross=True|min_bars=0|max_bars=0|confirm=False|entry=cross|exit=cross|regime=|rs=0|dtrend=50,776,37.5,0.7874484507484527,611.0599977807993,1.4805642507428947,2.841451165085421,291,485,6.553425687285223,0.5529436213210515,2.133679953707566,603,35.1575456053068,0.11282325884359642,68.03242508268865,1.0604886895301076,0.4211867871572379,212,391,6.17191818684356,-0.030552709459709993,-0.12073095190736881
tf=1|ema=13|vwap=roll35|trend=0|sides=long|stop_atr=4.0|target_atr=0.0|exit_cross=True|min_bars=7|max_bars=0|confirm=False|entry=cross|exit=close_vwap|regime=spyvw|rs=20|dtrend=50,331,39.274924471299094,1.2386276038983008,409.98573689033753,1.8083625909271188,2.491928616850824,130,201,5.181017119838872,1.010432690913264,2.1328632824075124,271,40.59040590405904,0.6634462264807172,179.79392737627435,1.4502958941005382,1.7350546597549423,110,161,5.340867158671586,0.44712677284021163,1.2484740942498642
tf=1|ema=13|vwap=week|trend=0|sides=long|stop_atr=0|target_atr=0.0|exit_cross=True|min_bars=0|max_bars=0|confirm=False|entry=cross|exit=cross|regime=spy50|rs=0|dtrend=0,1622,45.191122071516645,0.4032219861224374,654.0260614905934,1.2986773481435878,3.083105284222997,733,889,3.4266851623510073,0.26038547691570135,2.1311919908624763,1620,42.839506172839506,0.10909919077600322,176.74068905712522,1.077758804541529,0.9748536309824147,694,926,3.19945987654321,0.06873754141094858,0.6533031448430576
tf=1|ema=21|vwap=week|trend=0|sides=long|stop_atr=0|target_atr=0.0|exit_cross=True|min_bars=0|max_bars=0|confirm=False|entry=cross_or_pb|exit=close_vwap|regime=spy50|rs=20|dtrend=50,810,39.382716049382715,0.3849745759973429,311.82940655784773,1.443762951946328,2.7568995437697352,319,491,2.378600823045267,0.28085879367429345,2.130637110136064,703,38.69132290184922,0.30652174011381444,215.48478330001154,1.3211960913188467,2.0268294315107958,272,431,2.2841394025604553,0.24809552531107054,1.7657765754422312
tf=1|ema=34|vwap=week|trend=0|sides=long|stop_atr=0|target_atr=0.0|exit_cross=True|min_bars=0|max_bars=0|confirm=False|entry=cross_or_pb|exit=close_vwap|regime=spy50|rs=20|dtrend=50,570,41.75438596491228,0.3764417460305416,214.5717952374087,1.6071865466068689,2.742231348866506,238,332,1.8758040935672518,0.2688860831457594,2.129948966207338,458,36.24454148471616,0.13020111860937375,59.63211232309318,1.192369541192253,0.9266640595393201,166,292,1.7286208151382825,0.06821771933539696,0.5231827433216663
tf=1|ema=13|vwap=week|trend=0|sides=long|stop_atr=4.0|target_atr=0.0|exit_cross=True|min_bars=0|max_bars=0|confirm=False|entry=cross|exit=close_vwap|regime=|rs=0|dtrend=0,2361,37.907666243117326,0.295790161539449,698.3605713946391,1.3337395714078781,3.351161512560826,895,1466,2.0210892277283636,0.17146625570286284,2.1285767827211814,1774,37.034949267192786,0.1804192453216466,320.0637412006011,1.2003294856222628,2.150875538964785,657,1117,1.955303457346862,0.08226236682292891,1.079264432639244
tf=1|ema=13|vwap=roll35|trend=0|sides=long|stop_atr=4.0|target_atr=0.0|exit_cross=True|min_bars=0|max_bars=0|confirm=False|entry=cross|exit=close_vwap|regime=spy50|rs=20|dtrend=0,488,35.65573770491803,0.9814672730238604,478.9560292356438,1.6792611737112633,2.6335239486925826,174,314,4.596909153005465,0.7507727210256163,2.1284314636146693,418,36.36363636363637,0.9600757903874619,401.31168038195904,1.6834437340923856,2.668180417602538,152,266,4.767643540669856,0.8108035622533346,2.399847971660782
tf=1|ema=13|vwap=roll50|trend=0|sides=long|stop_atr=0|target_atr=0.0|exit_cross=True|min_bars=7|max_bars=0|confirm=False|entry=cross_or_pb|exit=close_vwap|regime=spy50|rs=20|dtrend=0,496,36.29032258064516,0.9887108608994721,490.40058700613815,1.6384718897626138,2.564782157453075,180,316,5.700772849462365,0.7792367137189388,2.1282764754787133,419,34.60620525059666,0.39543357008482205,165.68666586554045,1.2410066795440517,1.227626579743646,145,274,5.511833731105808,0.36941782218940705,1.1913947015136122
tf=1|ema=21|vwap=roll35|trend=0|sides=long|stop_atr=0|target_atr=0.0|exit_cross=True|min_bars=0|max_bars=0|confirm=False|entry=cross_or_pb|exit=cross|regime=|rs=20|dtrend=50,624,40.705128205128204,0.9751643995742986,608.5025853343623,1.5567692863569795,2.9576739418941935,254,370,6.351095085470085,0.6529427979494301,2.12798780564634,524,38.16793893129771,0.413385479682879,216.61399135382857,1.2240007049150683,1.4296781743948193,200,324,5.832697201017812,0.26592050066715806,0.9722345428763345
tf=1|ema=13|vwap=week|trend=0|sides=long|stop_atr=4.0|target_atr=0.0|exit_cross=True|min_bars=7|max_bars=0|confirm=False|entry=cross|exit=cross|regime=spyvw|rs=0|dtrend=50,807,49.56629491945477,0.7478342007984501,603.5022000443493,1.5485599256021858,3.6605186781991845,400,407,3.806794712928542,0.4067637941436619,2.1251480672222747,648,44.44444444444444,0.01365861349251915,8.850781543152408,1.0088576817736894,0.0769569855596405,288,360,3.586355452674897,-0.03083506370774723,-0.18475578378036042
tf=1|ema=13|vwap=roll35|trend=0|sides=long|stop_atr=0|target_atr=0.0|exit_cross=True|min_bars=0|max_bars=0|confirm=False|entry=cross|exit=cross|regime=spy50|rs=20|dtrend=0,498,39.3574297188755,1.026662228877275,511.27778998088297,1.5713875539692255,2.5740590966442625,196,302,6.672774431057564,0.802041258752792,2.1247240448168174,422,37.91469194312796,0.6911030559379971,291.64548960583477,1.3744275041373761,1.8673500414988558,160,262,6.537124802527646,0.5429283158758751,1.5513321711819117
tf=1|ema=34|vwap=roll50|trend=0|sides=long|stop_atr=0|target_atr=0.0|exit_cross=True|min_bars=7|max_bars=0|confirm=False|entry=cross_or_pb|exit=cross|regime=|rs=20|dtrend=50,444,46.846846846846844,1.3856987102732172,615.2502273613085,1.711332810219297,3.23844107283495,208,236,8.808558558558559,0.8567323081405471,2.1232386327125985,368,38.04347826086956,0.4572936869488708,168.28407679718444,1.2009760040629882,0.9742440912497471,140,228,8.035326086956522,0.28725132000425585,0.6547447892374133
tf=1|ema=21|vwap=roll50|trend=0|sides=long|stop_atr=4.0|target_atr=0.0|exit_cross=True|min_bars=0|max_bars=0|confirm=False|entry=cross|exit=close_vwap|regime=|rs=20|dtrend=0,411,36.496350364963504,1.3644256326314719,560.7789350115349,1.785155505369542,2.9898674111906116,150,261,6.7414841849148415,0.892281050130328,2.1229059245698125,355,34.36619718309859,0.9295457643209699,329.98874633394433,1.578970458652978,2.000179601548053,122,233,6.233450704225352,0.7756305849509444,1.8274926667779317
tf=1|ema=13|vwap=roll50|trend=0|sides=long|stop_atr=4.0|target_atr=0.0|exit_cross=True|min_bars=0|max_bars=0|confirm=False|entry=cross|exit=close_vwap|regime=|rs=20|dtrend=50,353,35.69405099150141,1.3167907264388843,464.8271264329261,1.8334703483994432,2.642833477940238,126,227,6.048512747875354,1.0052015613577385,2.121455619147535,318,33.0188679245283,0.3183943179155866,101.24939309715653,1.1889207915105795,0.8665450363163356,105,213,5.897012578616352,0.3271626698643872,0.9217634024387266
tf=1|ema=13|vwap=roll50|trend=0|sides=long|stop_atr=4.0|target_atr=0.0|exit_cross=True|min_bars=7|max_bars=0|confirm=False|entry=cross_or_pb|exit=close_vwap|regime=|rs=20|dtrend=50,500,37.6,1.112051820046318,556.025910023159,1.7311958037416848,2.9035611952106746,188,312,6.016083333333334,0.7666659970384684,2.1211489902310086,415,34.21686746987952,0.2312755425808991,95.97935017107314,1.1325349760224963,0.7271766851457162,142,273,5.66144578313253,0.19778730264798333,0.6479975292003768
tf=1|ema=21|vwap=roll35|trend=0|sides=long|stop_atr=4.0|target_atr=0.0|exit_cross=True|min_bars=7|max_bars=0|confirm=False|entry=cross_or_pb|exit=cross|regime=|rs=20|dtrend=50,615,40.32520325203252,0.9739215913094883,598.9617786553354,1.5433596861902383,2.94978501441524,248,367,6.4079945799458,0.6517977874755037,2.120731209337611,502,39.04382470119522,0.4475555346675518,224.67287840311104,1.233198608178305,1.427012733769771,196,306,6.0522078353253645,0.2576887053841403,0.8632314912378161
tf=1|ema=21|vwap=roll50|trend=0|sides=long|stop_atr=0|target_atr=0.0|exit_cross=True|min_bars=7|max_bars=0|confirm=False|entry=cross|exit=close_vwap|regime=spyvw|rs=0|dtrend=50,332,37.65060240963855,1.1822008854656587,392.4906939745987,1.761506896311184,2.3993738819409605,125,207,7.20519578313253,0.9936186538700323,2.117246247420768,290,33.793103448275865,0.4595655597222917,133.2740123194646,1.2739320569429768,0.8777743919546203,98,192,6.461925287356322,0.37378806189686004,0.7709860240455845
tf=1|ema=34|vwap=roll35|trend=0|sides=long|stop_atr=0|target_atr=0.0|exit_cross=True|min_bars=0|max_bars=0|confirm=False|entry=cross_or_pb|exit=close_vwap|regime=spyvw|rs=0|dtrend=50,614,37.13355048859935,0.7455626929823451,457.7754934911599,1.6518172424445694,2.756107343566009,228,386,4.371335504885994,0.5418061464663935,2.116595253475009,508,32.67716535433071,0.28709818966194356,145.84588034826734,1.2460397843397084,1.2986825564959663,166,342,3.690534776902887,0.13846493581983696,0.6803907152150679
tf=1|ema=34|vwap=roll50|trend=0|sides=long|stop_atr=4.0|target_atr=0.0|exit_cross=True|min_bars=7|max_bars=0|confirm=False|entry=cross_or_pb|exit=cross|regime=spy50|rs=0|dtrend=50,565,43.716814159292035,1.0329012322839293,583.58919624042,1.5787390424239895,3.0702060234377826,247,318,8.057890855457229,0.6720220999592907,2.1161597097256655,465,35.69892473118279,0.31597981910605905,146.93061588431746,1.1511900332572973,0.8668633673582576,166,299,7.6534050179211475,0.20058308315794826,0.5781404150731834
tf=1|ema=13|vwap=week|trend=0|sides=long|stop_atr=0|target_atr=0.0|exit_cross=True|min_bars=0|max_bars=0|confirm=False|entry=cross_or_pb|exit=cross|regime=spyvw|rs=20|dtrend=50,697,51.36298421807747,0.7535730887215875,525.2404428389465,1.556619228111815,3.6635038587726645,358,339,3.8362027737924436,0.4052441288179771,2.1161391000559333,551,47.005444646098006,0.21994607391443796,121.19028672685532,1.1500411008593776,1.121773500369787,259,292,3.461736237144586,0.15716323226071402,0.8528454999206377
tf=1|ema=21|vwap=week|trend=0|sides=long|stop_atr=4.0|target_atr=0.0|exit_cross=True|min_bars=0|max_bars=0|confirm=False|entry=cross|exit=cross|regime=|rs=20|dtrend=50,870,53.2183908045977,0.524359649128069,456.19289474142005,1.4214638120492782,3.3198673472872993,463,407,3.3363505747126436,0.30694730256993286,2.11569064584791,676,50.44378698224852,0.3243540768791738,219.26335597032147,1.224326741981803,1.795685559689631,341,335,3.2362549309664694,0.22651208958417599,1.3275143221211125
tf=1|ema=13|vwap=roll35|trend=0|sides=long|stop_atr=0|target_atr=0.0|exit_cross=True|min_bars=7|max_bars=0|confirm=False|entry=cross_or_pb|exit=cross|regime=spy50|rs=20|dtrend=0,578,39.792387543252595,0.9285569066846494,536.7058920637274,1.5184691959562733,2.592079647510045,230,348,6.479455017301038,0.7154685108795802,2.1150050968060747,483,38.302277432712216,0.5486604102491076,265.002978150319,1.3042059597464366,1.6684027138725246,185,298,6.340062111801243,0.3840235915880943,1.2364697368804798
tf=1|ema=13|vwap=week|trend=0|sides=long|stop_atr=0|target_atr=0.0|exit_cross=True|min_bars=7|max_bars=0|confirm=False|entry=cross_or_pb|exit=cross|regime=|rs=0|dtrend=50,1305,48.42911877394636,0.5387228201309895,703.0332802709413,1.3893226352805133,3.518579414950826,632,673,3.919284802043422,0.3005861508607881,2.114849176570686,1053,45.963912630579294,0.21323610188044728,224.53761528011097,1.1363174429640068,1.3998743209319202,484,569,3.7487337765115543,0.1464733347613415,1.024646144445628
tf=1|ema=13|vwap=roll35|trend=0|sides=long|stop_atr=0|target_atr=0.0|exit_cross=True|min_bars=0|max_bars=0|confirm=False|entry=cross|exit=cross|regime=spyvw|rs=20|dtrend=50,348,38.2183908045977,1.2184334965153403,424.01485678733843,1.6788086987557407,2.3630236452143927,133,215,6.537116858237548,1.0430536888168638,2.1142212779496967,277,37.545126353790614,0.30384851786370365,84.16603944824591,1.1650563196990331,0.7660510298750303,104,173,6.467809867629362,0.0975610807813591,0.26210423886619266
tf=1|ema=13|vwap=roll50|trend=0|sides=long|stop_atr=4.0|target_atr=0.0|exit_cross=True|min_bars=7|max_bars=0|confirm=False|entry=cross_or_pb|exit=close_vwap|regime=spy50|rs=20|dtrend=0,496,36.29032258064516,1.0080174559039745,499.97665812837135,1.6591573765256231,2.6209596096285237,180,316,5.67741935483871,0.7731706168860738,2.112628960468556,421,34.441805225653205,0.3729133938036516,156.99653879133734,1.225266975113976,1.1615870043046614,145,276,5.470704671417261,0.3301608097140574,1.0654667782106513
tf=1|ema=13|vwap=roll35|trend=0|sides=long|stop_atr=4.0|target_atr=0.0|exit_cross=True|min_bars=7|max_bars=0|confirm=False|entry=cross|exit=close_vwap|regime=spyvw|rs=20|dtrend=0,397,37.531486146095716,1.0946972281202105,434.59479956372354,1.6847099876829272,2.4867960417467665,149,248,5.167086481947943,0.8734085309948841,2.1116530005007337,313,40.2555910543131,0.9955331184457384,311.60186607351613,1.6855214585882996,2.5116712512728747,126,187,5.611954206602769,0.6513101778738264,1.8404162591707975
tf=1|ema=34|vwap=roll50|trend=0|sides=long|stop_atr=0|target_atr=0.0|exit_cross=True|min_bars=7|max_bars=0|confirm=False|entry=cross|exit=cross|regime=spyvw|rs=20|dtrend=50,247,46.15384615384615,1.674398184490192,413.5763515690774,1.8896638379371802,2.7400101835828585,114,133,9.163292847503373,1.2454839281106405,2.1107197249544285,221,38.914027149321264,0.6455489894906677,142.66632667743758,1.2743345034149653,0.9396987212223917,86,135,8.48340874811463,0.5383048045101043,0.8462877562715259
tf=1|ema=21|vwap=roll35|trend=0|sides=long|stop_atr=4.0|target_atr=0.0|exit_cross=True|min_bars=0|max_bars=0|confirm=False|entry=cross|exit=close_vwap|regime=spyvw|rs=20|dtrend=50,359,37.60445682451253,1.0942561012294145,392.8379403413598,1.7700656238807009,2.504994249810653,135,224,4.890436397400186,0.8693388984818796,2.1089627950755414,284,35.91549295774648,0.6220495296024823,176.662066407105,1.43394550113405,1.681816712867929,102,182,4.911678403755869,0.49986943242564125,1.4461330927277232
tf=1|ema=13|vwap=roll50|trend=0|sides=long|stop_atr=0|target_atr=0.0|exit_cross=True|min_bars=7|max_bars=0|confirm=False|entry=cross|exit=cross|regime=|rs=0|dtrend=50,528,39.39393939393939,1.1672758655437159,616.321657007082,1.5875429649959643,2.923813178264889,208,320,9.53637941919192,0.7899057955414155,2.1082712325319024,452,36.06194690265487,-0.0675747820348374,-30.543801479746502,0.9691497598404119,-0.21096058527433909,163,289,8.118455014749262,-0.16351375082886466,-0.5345734898544326
tf=1|ema=13|vwap=roll50|trend=0|sides=long|stop_atr=0|target_atr=0.0|exit_cross=True|min_bars=0|max_bars=0|confirm=False|entry=cross|exit=cross|regime=spy50|rs=20|dtrend=0,351,37.60683760683761,1.339157350642555,470.0442300755368,1.6404028120496361,2.5166528787757105,132,219,8.64494301994302,1.0607352671020316,2.107716947975904,314,36.30573248407644,0.4238545895161958,133.09034110808548,1.1953750484565815,0.9863634468751206,114,200,8.193869426751592,0.30639222060885785,0.7414721248707199
tf=1|ema=13|vwap=week|trend=0|sides=long|stop_atr=4.0|target_atr=0.0|exit_cross=True|min_bars=0|max_bars=0|confirm=False|entry=cross|exit=cross|regime=|rs=20|dtrend=0,1236,47.006472491909385,0.5646258117912275,697.8775033739572,1.409120763999745,3.868548920723596,581,655,3.44751213592233,0.2768518022038153,2.1072471348150934,936,43.8034188034188,0.1871375190849136,175.16071786347914,1.1238516702452916,1.2148740488252536,410,526,3.0850694444444446,0.09704180227005009,0.6787679421841508
tf=1|ema=13|vwap=roll50|trend=0|sides=long|stop_atr=0|target_atr=0.0|exit_cross=True|min_bars=0|max_bars=0|confirm=False|entry=cross_or_pb|exit=close_vwap|regime=spy50|rs=0|dtrend=0,887,30.439684329199547,0.641166213025659,568.7144309537595,1.4753151039257166,2.59064931238382,270,617,4.992577978203683,0.4968824137402814,2.1051627030931406,824,28.640776699029125,0.05407028537174086,44.55391514631447,1.0362193070936787,0.28104890526118625,236,588,4.962985436893204,0.0016336205837716301,0.008948397436947584
tf=1|ema=13|vwap=roll50|trend=0|sides=long|stop_atr=4.0|target_atr=0.0|exit_cross=True|min_bars=0|max_bars=0|confirm=False|entry=cross_or_pb|exit=close_vwap|regime=spyvw|rs=0|dtrend=50,579,30.7426597582038,0.7847128370892646,454.3487326746842,1.6494154270038954,2.524113225048642,178,401,4.875215889464594,0.6223595486782476,2.1049542404435893,461,27.54880694143167,-0.25449639244990085,-117.32283691940428,0.8170270726135216,-1.3035328643682331,127,334,4.50677874186551,-0.25356044116902965,-1.3731042779122844
tf=1|ema=34|vwap=roll50|trend=0|sides=long|stop_atr=0|target_atr=0.0|exit_cross=True|min_bars=7|max_bars=0|confirm=False|entry=cross_or_pb|exit=cross|regime=spy50|rs=20|dtrend=0,442,45.248868778280546,1.209152030678041,534.4451975596942,1.6251575903407298,2.864860619517104,200,242,8.319004524886877,0.8391287525691911,2.1033899342515103,380,38.1578947368421,0.36027440336847105,136.904273280019,1.1650225366758997,0.8929462571517244,145,235,7.623245614035087,0.291726729953451,0.7577645212465445
tf=1|ema=34|vwap=roll35|trend=0|sides=long|stop_atr=0|target_atr=0.0|exit_cross=True|min_bars=7|max_bars=0|confirm=False|entry=cross_or_pb|exit=close_vwap|regime=spyvw|rs=0|dtrend=50,576,40.27777777777778,0.8247730587279168,475.06928182728007,1.6236338112629862,2.7766946591344563,232,344,5.237702546296297,0.5882193850190687,2.1031470786047075,469,37.73987206823028,0.32392393946161274,151.92032760749638,1.2368068104211594,1.3084851541880678,177,292,4.6440120824449185,0.13681882349295454,0.5996941166177243
tf=1|ema=13|vwap=week|trend=0|sides=long|stop_atr=4.0|target_atr=0.0|exit_cross=True|min_bars=0|max_bars=0|confirm=False|entry=cross|exit=cross|regime=spyvw|rs=20|dtrend=50,612,50.490196078431374,0.7540759131666402,461.4944588579839,1.5345687076457422,3.404085141634268,309,303,3.6451525054466227,0.43481671861294147,2.102904857751974,474,46.20253164556962,0.1324908040663133,62.80064112743251,1.0870379435852784,0.6235533075697858,219,255,3.3060829817158934,0.0639441326908792,0.320508153555753
tf=1|ema=13|vwap=week|trend=0|sides=long|stop_atr=4.0|target_atr=0.0|exit_cross=True|min_bars=7|max_bars=0|confirm=False|entry=cross|exit=cross|regime=spy50|rs=20|dtrend=50,814,47.54299754299754,0.5853845208342612,476.5029999590886,1.3885475157747822,2.9171968266878987,387,427,3.8349713349713346,0.39519229254060095,2.1023651769697884,687,44.97816593886463,0.24470163606610837,168.11002397741643,1.1499693979479821,1.2565035633174912,309,378,3.565684133915575,0.17539955948993993,0.9573229599972919
tf=1|ema=34|vwap=week|trend=0|sides=long|stop_atr=4.0|target_atr=0.0|exit_cross=True|min_bars=0|max_bars=0|confirm=False|entry=cross_or_pb|exit=close_vwap|regime=spy50|rs=20|dtrend=50,571,41.85639229422067,0.3719899893688248,212.406283929599,1.596341484996707,2.7171217547989883,239,332,1.866316403969644,0.26465424616626415,2.10120532294796,458,36.24454148471616,0.12639493493047607,57.88888019815804,1.1857016766221633,0.8981395676555924,166,292,1.7273471615720524,0.06516866408429921,0.4992063137284167
tf=1|ema=13|vwap=roll50|trend=0|sides=long|stop_atr=0|target_atr=0.0|exit_cross=True|min_bars=0|max_bars=0|confirm=False|entry=cross|exit=close_vwap|regime=|rs=20|dtrend=50,353,35.69405099150141,1.2900610257270713,455.3915420816562,1.8029664644859458,2.58523514389574,126,227,6.051463644948065,0.9964071653209425,2.101079054380456,318,33.0188679245283,0.33009771216779255,104.97107246935802,1.1972347065325109,0.8992522642468954,105,213,5.899764150943396,0.3497692615499296,0.9890863286397331
tf=1|ema=13|vwap=week|trend=0|sides=long|stop_atr=0|target_atr=0.0|exit_cross=True|min_bars=0|max_bars=0|confirm=False|entry=cross_or_pb|exit=cross|regime=spyvw|rs=0|dtrend=50,945,49.31216931216931,0.6689691254101587,632.1758235126,1.5370266921926228,3.8612668311929403,466,479,3.7207671957671957,0.3402128052385186,2.0981050410669844,771,45.26588845654994,0.11037147480576497,85.0964070752448,1.079791138671052,0.705568592634426,349,422,3.5022157371379157,0.06816799238230001,0.4653791896883938
tf=1|ema=21|vwap=week|trend=0|sides=long|stop_atr=4.0|target_atr=0.0|exit_cross=True|min_bars=0|max_bars=0|confirm=False|entry=cross|exit=close_vwap|regime=spy50|rs=20|dtrend=50,706,40.50991501416431,0.4176975444907165,294.89446641044583,1.464269379163328,2.673671049003993,286,420,2.456975920679887,0.3116013323084089,2.096303821574936,600,42.0,0.3849325823936977,230.95954943621862,1.4099270003881765,2.4500852951592216,252,348,2.413263888888889,0.3016542450647639,2.0593356160200336
tf=1|ema=13|vwap=week|trend=0|sides=long|stop_atr=0|target_atr=0.0|exit_cross=True|min_bars=7|max_bars=0|confirm=False|entry=cross|exit=close_vwap|regime=spyvw|rs=20|dtrend=0,693,45.743145743145746,0.7901208530984296,547.5537511972117,1.603632971487082,3.1801403915933077,317,376,3.2395382395382395,0.472097639475319,2.09625587438151,496,43.75,0.13997045476150644,69.42534556170719,1.1002277852709073,0.7423008777546165,217,279,3.074680779569892,0.0036524196160323116,0.021167862101802028
tf=1|ema=13|vwap=roll35|trend=0|sides=long|stop_atr=4.0|target_atr=0.0|exit_cross=True|min_bars=0|max_bars=0|confirm=False|entry=cross_or_pb|exit=cross|regime=spy50|rs=20|dtrend=0,598,38.2943143812709,0.905063934489905,541.2282328249631,1.5388115261477442,2.672240840975395,229,369,6.092948717948717,0.6711262424518497,2.096253124512108,496,36.693548387096776,0.521222828967575,258.5265231679172,1.2963313714247857,1.6337346564342983,182,314,6.02570564516129,0.3481470491223762,1.1527847272989353
tf=1|ema=13|vwap=week|trend=0|sides=long|stop_atr=4.0|target_atr=0.0|exit_cross=True|min_bars=7|max_bars=0|confirm=False|entry=cross|exit=close_vwap|regime=spyvw|rs=20|dtrend=0,694,45.67723342939481,0.8027369370229891,557.0994342939545,1.620440614316035,3.26530687506202,317,377,3.203650336215178,0.46770352883034483,2.0962328435805504,496,43.54838709677419,0.11559884676352539,57.33702799470859,1.0823172395052385,0.6159599243436743,216,280,3.0530073924731185,-0.03219782761666042,-0.18661610875706308
tf=1|ema=13|vwap=week|trend=0|sides=long|stop_atr=4.0|target_atr=0.0|exit_cross=True|min_bars=7|max_bars=0|confirm=False|entry=cross_or_pb|exit=cross|regime=spyvw|rs=0|dtrend=50,913,49.72617743702081,0.7176704700208117,655.2331391290011,1.5369827196598562,3.8811645738352176,454,459,3.8316903979554584,0.3610106578018705,2.095154522258027,743,44.279946164199195,0.07286993672147979,54.14236298405949,1.0487082082595407,0.44362085485172,329,414,3.56393001345895,0.03311471259437039,0.21504298631577612
tf=1|ema=13|vwap=roll50|trend=0|sides=long|stop_atr=0|target_atr=0.0|exit_cross=True|min_bars=0|max_bars=0|confirm=False|entry=cross_or_pb|exit=close_vwap|regime=spyvw|rs=0|dtrend=50,579,30.7426597582038,0.768588541887274,445.01276575273164,1.6276951354757527,2.4670778475874027,178,401,4.8772308578008055,0.6199373570356029,2.0949932800761055,461,27.54880694143167,-0.2445122788643184,-112.72016055645078,0.8229342478682198,-1.2490116468565888,127,334,4.509490238611714,-0.2381085339213862,-1.2879240823914457
tf=1|ema=34|vwap=roll50|trend=0|sides=long|stop_atr=0|target_atr=0.0|exit_cross=True|min_bars=7|max_bars=0|confirm=False|entry=cross|exit=cross|regime=spy50|rs=0|dtrend=50,480,45.625,1.1314255952083248,543.0842856999959,1.5610968331500816,2.8203743603626465,219,261,9.565104166666666,0.7858694097063363,2.0944462727634003,412,36.407766990291265,0.15806541551420344,65.12295119185183,1.0697239253092694,0.41148418381001345,150,262,8.591727346278319,0.09083315884996614,0.24775357985619867
tf=1|ema=34|vwap=week|trend=0|sides=long|stop_atr=0|target_atr=0.0|exit_cross=True|min_bars=7|max_bars=0|confirm=False|entry=cross_or_pb|exit=close_vwap|regime=|rs=0|dtrend=0,1617,45.94928880643166,0.5397302117945514,872.7437524717895,1.4716635510922969,4.001808421042581,743,874,2.7692486085343226,0.24655758021889856,2.0932992640551125,1264,40.98101265822785,0.26162756414352517,330.6972410774158,1.2347709317324107,2.134915745383325,518,746,2.503461234177215,0.13399094295314568,1.2154511169731805
tf=1|ema=13|vwap=week|trend=0|sides=long|stop_atr=4.0|target_atr=0.0|exit_cross=True|min_bars=7|max_bars=0|confirm=False|entry=cross_or_pb|exit=close_vwap|regime=spyvw|rs=0|dtrend=50,923,45.7204767063922,0.6669679842520876,615.6114494646769,1.5952145983490298,3.3501634883838727,422,501,3.1656283856988083,0.3878166074974042,2.0925682870741267,753,39.309428950863214,0.03606573809310374,27.157500784107114,1.028419699071296,0.2389401173049517,296,457,2.978585657370518,-0.018869906942700024,-0.13569991273888132
tf=1|ema=13|vwap=roll35|trend=0|sides=long|stop_atr=4.0|target_atr=0.0|exit_cross=True|min_bars=7|max_bars=0|confirm=False|entry=cross|exit=cross|regime=spyvw|rs=20|dtrend=50,337,39.76261127596439,1.2580387398589101,423.95905533245275,1.6816137614723512,2.364668451716366,134,203,6.733061325420377,1.0649696549093883,2.0923674832793164,271,38.745387453874535,0.25195106854051075,68.27873957447841,1.1306260416458587,0.6186537787829324,105,166,6.584409594095941,0.012617031051817499,0.03290186465450763
tf=1|ema=13|vwap=roll50|trend=0|sides=long|stop_atr=0|target_atr=0.0|exit_cross=True|min_bars=0|max_bars=0|confirm=False|entry=cross|exit=cross|regime=|rs=0|dtrend=50,548,38.32116788321168,1.107537214130769,606.9303933436615,1.5767789338338816,2.9076274404569777,210,338,9.103102189781023,0.7479346951121452,2.091975917033822,457,35.22975929978118,-0.02113988553768298,-9.660927690721122,0.9899894601126985,-0.06736238807247162,161,296,7.984409190371991,-0.11337930102347023,-0.3773455833926773
tf=1|ema=13|vwap=roll50|trend=0|sides=long|stop_atr=0|target_atr=0.0|exit_cross=True|min_bars=7|max_bars=0|confirm=False|entry=cross_or_pb|exit=close_vwap|regime=spy50|rs=0|dtrend=50,643,34.3701399688958,0.8195894097713969,526.9959904830082,1.5697654423995258,2.6468401598458557,221,422,5.99488076723691,0.6124291925272045,2.090692867322941,523,32.69598470363289,0.09417369262850538,49.252841244708314,1.0582044516381652,0.3652284551869741,171,352,5.594247928616953,0.06756226885246051,0.2751837944209332
tf=1|ema=21|vwap=roll35|trend=0|sides=long|stop_atr=0|target_atr=0.0|exit_cross=True|min_bars=7|max_bars=0|confirm=False|entry=cross|exit=close_vwap|regime=spyvw|rs=0|dtrend=50,523,36.90248565965583,0.8024009387629414,419.6556909730183,1.5659517189003906,2.4737819297946304,193,330,5.249521988527724,0.6341493137781745,2.08976202989443,399,37.59398496240601,0.3106583383672494,123.9526770085325,1.2047591714684394,1.0762469892310413,150,249,5.232247284878865,0.19634681049051028,0.7320410992869534
tf=1|ema=21|vwap=roll50|trend=0|sides=long|stop_atr=0|target_atr=0.0|exit_cross=True|min_bars=7|max_bars=0|confirm=False|entry=cross|exit=close_vwap|regime=spyvw|rs=20|dtrend=50,209,41.6267942583732,1.7189641824814714,359.26351413862756,2.0428756239199655,2.327618586440094,87,122,7.13237639553429,1.485391983637156,2.0883853626511772,196,34.183673469387756,0.7219056092094573,141.49349940505363,1.3996793302265966,0.9722233169197421,67,129,6.619897959183674,0.6726902950314436,0.979276253770106
tf=1|ema=21|vwap=week|trend=0|sides=long|stop_atr=4.0|target_atr=0.0|exit_cross=True|min_bars=0|max_bars=0|confirm=False|entry=cross|exit=cross|regime=spy50|rs=0|dtrend=50,1070,51.6822429906542,0.4107184083103032,439.46869689202447,1.3610208172276306,3.112815410763768,553,517,3.2476635514018692,0.2537746831195069,2.086093869952282,891,47.586980920314254,0.11825899636178268,105.36876575834837,1.0849979349599934,0.8072003484672527,424,467,3.2610830527497194,0.06459248242378127,0.46845071591593884
tf=1|ema=21|vwap=roll50|trend=0|sides=long|stop_atr=0|target_atr=0.0|exit_cross=True|min_bars=7|max_bars=0|confirm=False|entry=cross_or_pb|exit=cross|regime=spy50|rs=20|dtrend=50,386,39.119170984455955,1.399426005210842,540.1784380113851,1.6746408782266018,2.7418970815143138,151,235,9.41029792746114,0.9964060897260929,2.08411684333432,328,38.109756097560975,0.47537441733196495,155.9228088848845,1.2342516479252723,1.1514228339718704,125,203,8.300940040650406,0.4227956115215378,1.0742667576502472
tf=1|ema=34|vwap=roll50|trend=0|sides=long|stop_atr=4.0|target_atr=0.0|exit_cross=True|min_bars=0|max_bars=0|confirm=False|entry=cross_or_pb|exit=cross|regime=spyvw|rs=20|dtrend=0,447,41.834451901566,1.1619107852877726,519.3741210236343,1.6940961485165227,3.0428454390332926,187,260,6.990958240119315,0.75332266786933,2.0836952115292076,341,38.12316715542522,0.31507010415139836,107.43890551562683,1.1502269258958167,0.7123304029015484,130,211,6.749266862170088,0.08879411324596449,0.2245715597387571
tf=1|ema=13|vwap=roll50|trend=0|sides=long|stop_atr=0|target_atr=0.0|exit_cross=True|min_bars=7|max_bars=0|confirm=False|entry=cross_or_pb|exit=close_vwap|regime=|rs=20|dtrend=50,500,37.6,1.0690374908428166,534.5187454214083,1.6835795246525873,2.7765474932594723,188,312,6.03975,0.7546160215617117,2.081513460169239,414,34.54106280193237,0.24734732679708582,102.40179329399352,1.1423890575029803,0.7755914598292014,143,271,5.689814814814814,0.22961809695271565,0.752186949351639
tf=1|ema=34|vwap=roll50|trend=0|sides=long|stop_atr=4.0|target_atr=0.0|exit_cross=True|min_bars=7|max_bars=0|confirm=False|entry=cross|exit=cross|regime=spy50|rs=0|dtrend=0,658,41.48936170212766,1.0069807547172942,662.5933366039797,1.507597199447277,3.045705553616466,273,385,8.384625126646403,0.652815946204393,2.080021640060013,645,34.883720930232556,-0.09598917754991507,-61.91301951969521,0.9558445001753684,-0.3591940440151165,225,420,7.741343669250645,-0.21961557492709838,-0.8588049563402353
tf=1|ema=21|vwap=roll35|trend=0|sides=long|stop_atr=0|target_atr=0.0|exit_cross=True|min_bars=0|max_bars=0|confirm=False|entry=cross|exit=close_vwap|regime=spyvw|rs=0|dtrend=50,529,35.916824196597354,0.7774529343204505,411.2726022555183,1.599723072136762,2.504141100677274,190,339,4.691241335853813,0.605786111987398,2.0799559824649885,407,34.643734643734646,0.3362176463383294,136.84058205970007,1.2432514503752883,1.2183687746837106,141,266,4.7208230958230954,0.23073041776221934,0.9005981957190623
tf=1|ema=21|vwap=roll50|trend=0|sides=long|stop_atr=4.0|target_atr=0.0|exit_cross=True|min_bars=0|max_bars=0|confirm=False|entry=cross|exit=close_vwap|regime=spyvw|rs=20|dtrend=50,215,38.604651162790695,1.646454418286697,353.9876999316398,2.0305162437900504,2.293220847442245,83,132,6.48953488372093,1.4383018450022977,2.0792219025417693,203,33.004926108374384,0.41718797500454724,84.6891589259231,1.2520129498325827,0.6772674702462617,67,136,5.947865353037766,0.3651944076396212,0.6530241684525341
tf=1|ema=13|vwap=roll50|trend=0|sides=long|stop_atr=4.0|target_atr=0.0|exit_cross=True|min_bars=0|max_bars=0|confirm=False|entry=cross_or_pb|exit=close_vwap|regime=spy50|rs=20|dtrend=50,508,31.88976377952756,0.8874289536409667,450.8139084496111,1.6635323822891264,2.488586852642815,162,346,4.803313648293963,0.704725950056397,2.0777472053467774,398,32.41206030150754,0.300393500480191,119.55661319111601,1.1993563900931141,0.9634058554786967,129,269,4.943467336683416,0.28850873294067475,0.9662311682368946
tf=1|ema=21|vwap=roll35|trend=0|sides=long|stop_atr=0|target_atr=0.0|exit_cross=True|min_bars=7|max_bars=0|confirm=False|entry=cross_or_pb|exit=cross|regime=spyvw|rs=20|dtrend=50,489,39.67280163599182,0.9673748155559002,473.0462848068353,1.5546428944603645,2.535881681935201,194,295,6.155589638718474,0.7513245939139165,2.07758791329748,368,38.04347826086956,0.09708009979215639,35.72547672351355,1.0523088697418659,0.30667826599840275,140,228,6.014492753623188,-0.04115639180169817,-0.13876645903304125
tf=1|ema=13|vwap=roll35|trend=0|sides=long|stop_atr=4.0|target_atr=0.0|exit_cross=True|min_bars=7|max_bars=0|confirm=False|entry=cross|exit=cross|regime=spyvw|rs=20|dtrend=0,404,39.35643564356435,1.1343957022331592,458.29586370219636,1.5876192877199595,2.3985957003133223,159,245,6.820544554455446,0.9253279657724989,2.0758805764178416,314,38.853503184713375,0.6769833341505166,212.5727669232622,1.353566246828687,1.565482056808112,122,192,6.820992569002122,0.3025141670572216,0.7786532695936197
tf=1|ema=34|vwap=roll50|trend=0|sides=long|stop_atr=0|target_atr=0.0|exit_cross=True|min_bars=7|max_bars=0|confirm=False|entry=cross|exit=close_vwap|regime=spyvw|rs=20|dtrend=0,289,39.792387543252595,1.4035886849437562,405.63712994874555,1.8331254746248677,2.6306168029384995,115,174,7.101787773933102,1.045989603713647,2.073316215163108,238,37.81512605042017,1.0447166071164282,248.64255249370993,1.588318687479708,1.6123124312698858,90,148,6.838060224089635,0.7943575324719623,1.3457870777906256
tf=1|ema=34|vwap=roll35|trend=0|sides=long|stop_atr=4.0|target_atr=0.0|exit_cross=True|min_bars=0|max_bars=0|confirm=False|entry=cross|exit=cross|regime=spy50|rs=20|dtrend=50,780,45.76923076923077,0.43698726119678716,340.850063733494,1.3715948308602766,2.5239777699808252,357,423,2.99775641025641,0.33198707948342826,2.0730579282372337,584,44.34931506849315,0.446711836901692,260.87971275058817,1.3263153592256096,2.237734830555818,259,325,3.321989155251141,0.276815723571777,1.47204762690982
tf=1|ema=13|vwap=roll35|trend=0|sides=long|stop_atr=4.0|target_atr=0.0|exit_cross=True|min_bars=7|max_bars=0|confirm=False|entry=cross_or_pb|exit=cross|regime=spy50|rs=20|dtrend=0,581,39.586919104991395,0.9282644489931487,539.3216448650194,1.5223158938196588,2.6280288757222108,230,351,6.375430292598967,0.6916876438046381,2.072648588363346,486,37.86008230452675,0.5193776599299595,252.41754272596037,1.2868854660219713,1.5931007980702312,184,302,6.227537722908092,0.3327184097180032,1.0776337856073952
tf=1|ema=21|vwap=roll50|trend=0|sides=long|stop_atr=0|target_atr=0.0|exit_cross=True|min_bars=0|max_bars=0|confirm=False|entry=cross_or_pb|exit=cross|regime=spy50|rs=20|dtrend=0,424,38.20754716981132,1.289367987000449,546.6920264881904,1.6213278958706527,2.7127444026629464,162,262,8.944575471698114,0.9221973174369328,2.0724788798150993,386,35.49222797927461,0.3409166527789161,131.59382797266161,1.171194003309503,0.9305034238942962,137,249,7.583765112262522,0.2803286113826029,0.7999165298551567
tf=1|ema=13|vwap=week|trend=0|sides=long|stop_atr=0|target_atr=0.0|exit_cross=True|min_bars=7|max_bars=0|confirm=False|entry=cross_or_pb|exit=close_vwap|regime=spyvw|rs=20|dtrend=50,670,47.014925373134325,0.730255410828525,489.2711252551117,1.5853570189661752,3.184069861695466,315,355,3.2869402985074627,0.4351753781290711,2.070661027989605,529,40.831758034026464,0.15835171405846313,83.768056736927,1.113301628373607,0.7988911990427935,216,313,3.055923125393825,0.0819145906905509,0.4476356941530957
tf=1|ema=34|vwap=roll50|trend=0|sides=long|stop_atr=4.0|target_atr=0.0|exit_cross=True|min_bars=0|max_bars=0|confirm=False|entry=cross_or_pb|exit=cross|regime=spy50|rs=0|dtrend=50,594,43.0976430976431,0.9533066950776709,566.2641768761365,1.5574553446045367,3.00714444437186,256,338,7.561377665544334,0.6190355575781905,2.0695278579326812,490,35.10204081632653,0.24469705846275575,119.90155864675032,1.1210393005601198,0.7315216970267442,172,318,7.14498299319728,0.14135444968362004,0.44512254398983414
tf=1|ema=34|vwap=roll35|trend=0|sides=long|stop_atr=0|target_atr=0.0|exit_cross=True|min_bars=0|max_bars=0|confirm=False|entry=cross|exit=cross|regime=spy50|rs=20|dtrend=50,780,46.15384615384615,0.4482859119764072,349.66301134159767,1.3765805307299865,2.512241938304517,360,420,3.188247863247863,0.34216001532261264,2.068285408478287,584,45.71917808219178,0.5050134861073653,294.9278758867013,1.3739111693941863,2.483192789383778,267,317,3.579623287671233,0.321675385414621,1.6794187962972371
tf=1|ema=21|vwap=week|trend=0|sides=long|stop_atr=4.0|target_atr=0.0|exit_cross=True|min_bars=0|max_bars=0|confirm=False|entry=cross_or_pb|exit=close_vwap|regime=spy50|rs=20|dtrend=50,814,39.31203931203931,0.3754271676621939,305.5977144770258,1.429333120091294,2.7038211980791504,320,494,2.3593366093366095,0.2711465905316654,2.0670200960506047,703,38.69132290184922,0.3104699268452801,218.2603585722319,1.3266848536384768,2.0577958715952898,272,431,2.2821242294926507,0.2437454146738094,1.73476910963404
tf=1|ema=34|vwap=roll50|trend=0|sides=long|stop_atr=4.0|target_atr=0.0|exit_cross=True|min_bars=7|max_bars=0|confirm=False|entry=cross_or_pb|exit=close_vwap|regime=spyvw|rs=20|dtrend=0,437,39.130434782608695,1.1182657587518334,488.68213657455124,1.744521324325613,2.8803450830469415,171,266,6.044717772692601,0.7544903817082564,2.066929452069096,346,36.127167630057805,0.6933530055789204,239.90013993030647,1.4256489186503651,1.482402821193888,125,221,5.759152215799614,0.49561992948823247,1.157787983335632
tf=1|ema=21|vwap=week|trend=0|sides=long|stop_atr=4.0|target_atr=0.0|exit_cross=True|min_bars=0|max_bars=0|confirm=False|entry=cross|exit=cross|regime=spy50|rs=0|dtrend=0,1444,50.62326869806094,0.36783160537622606,531.1488381632704,1.294243769253292,3.054610818556392,731,713,3.262147968605724,0.23000512064472678,2.065907173642897,1418,47.249647390691116,0.10244186763585063,145.2625683076362,1.0694409428914218,0.8497512488414265,670,748,3.2242889045604133,0.04291296825157242,0.3769595293949498
tf=1|ema=34|vwap=roll50|trend=0|sides=long|stop_atr=4.0|target_atr=0.0|exit_cross=True|min_bars=7|max_bars=0|confirm=False|entry=cross_or_pb|exit=cross|regime=spyvw|rs=20|dtrend=0,427,43.32552693208431,1.2234372893236087,522.407722541181,1.689154606618095,3.0368520098882903,185,242,7.4609679937548785,0.7856960090570169,2.063121713512187,333,38.73873873873874,0.5492959205671493,182.9155415488607,1.2635618197734777,1.1227417613353046,129,204,7.142017017017018,0.31416066808049947,0.706263855994757
tf=1|ema=13|vwap=roll35|trend=0|sides=long|stop_atr=0|target_atr=0.0|exit_cross=True|min_bars=0|max_bars=0|confirm=False|entry=cross_or_pb|exit=cross|regime=spy50|rs=20|dtrend=0,594,38.552188552188554,0.8957222290445574,532.0590040524672,1.5248918768416035,2.599829522245504,229,365,6.194514590347924,0.6716030726739691,2.0624325126415237,493,37.11967545638945,0.5494590083621403,270.88329112253524,1.3135485364742172,1.7089001263764738,183,310,6.127450980392156,0.3905930893312712,1.285459253144034
tf=1|ema=34|vwap=roll35|trend=0|sides=long|stop_atr=0|target_atr=0.0|exit_cross=True|min_bars=7|max_bars=0|confirm=False|entry=cross_or_pb|exit=close_vwap|regime=spy50|rs=0|dtrend=0,1063,36.876763875823144,0.5653871298370857,601.006519016822,1.4041433654785749,2.649387650591183,392,671,4.473032298526183,0.41448500523057086,2.0619461487530284,1085,37.88018433179724,0.23974875874899199,260.12740324265627,1.1711429001633014,1.3896113539803217,411,674,4.092434715821812,0.11204627397055386,0.6946612810796411
tf=1|ema=21|vwap=roll50|trend=0|sides=long|stop_atr=0|target_atr=0.0|exit_cross=True|min_bars=7|max_bars=0|confirm=False|entry=cross|exit=cross|regime=spyvw|rs=20|dtrend=50,214,38.78504672897196,1.8624957810688463,398.5740971487331,1.865789027257146,2.385701116043913,83,131,10.226246105919005,1.5364837956453956,2.0616730895811144,201,35.32338308457712,0.34561275178302236,69.46816310838749,1.1552861219711346,0.5142668322036175,71,130,9.067578772802651,0.2661567334709241,0.4387031051661335
tf=1|ema=34|vwap=roll50|trend=0|sides=long|stop_atr=0|target_atr=0.0|exit_cross=True|min_bars=0|max_bars=0|confirm=False|entry=cross_or_pb|exit=cross|regime=spy50|rs=20|dtrend=0,465,44.516129032258064,1.1245787234990008,522.9291064270354,1.6115309406641574,2.8465979091908014,207,258,7.814157706093189,0.770372470188697,2.060402994928366,396,37.62626262626262,0.30052847050133913,119.0092743185303,1.1410996098745565,0.8030537058725451,149,247,7.198127104377104,0.2280814474495593,0.6399636173661237
tf=1|ema=21|vwap=roll35|trend=0|sides=long|stop_atr=4.0|target_atr=0.0|exit_cross=True|min_bars=7|max_bars=0|confirm=False|entry=cross|exit=close_vwap|regime=spyvw|rs=0|dtrend=50,523,37.09369024856596,0.8112975661755855,424.30862710983115,1.5743760841256491,2.505984266363061,194,329,5.212316762268962,0.6247377664976713,2.0598957996150675,399,37.59398496240601,0.29538851058958315,117.86001572524367,1.1927546293892672,1.020776024147271,150,249,5.192460317460317,0.1576591447250028,0.5840758596247781
tf=1|ema=34|vwap=roll35|trend=0|sides=long|stop_atr=0|target_atr=0.0|exit_cross=True|min_bars=0|max_bars=0|confirm=False|entry=cross_or_pb|exit=cross|regime=spyvw|rs=0|dtrend=50,744,49.193548387096776,0.4495623030193864,334.4743534464235,1.3736528055940176,2.41578835815299,366,378,3.5217853942652324,0.3564376591653168,2.0583762286368272,598,45.1505016722408,0.2550687898964681,152.5311363580879,1.2099521409048621,1.534843682571585,270,328,3.590510033444816,0.05316737874409736,0.3383631816770455
tf=1|ema=13|vwap=roll50|trend=0|sides=long|stop_atr=4.0|target_atr=0.0|exit_cross=True|min_bars=7|max_bars=0|confirm=False|entry=cross|exit=cross|regime=|rs=0|dtrend=50,528,38.82575757575758,1.1732242824950085,619.4624211573645,1.6002205148841258,2.967495043338833,205,323,9.301530934343436,0.7649001726767083,2.0567374206358946,452,35.39823008849557,-0.08375732786413832,-37.858312194590525,0.9617480294301367,-0.26276024999041975,160,292,7.930678466076696,-0.21447548857840149,-0.7020806386818105
tf=1|ema=34|vwap=week|trend=0|sides=long|stop_atr=0|target_atr=0.0|exit_cross=True|min_bars=0|max_bars=0|confirm=False|entry=cross_or_pb|exit=close_vwap|regime=spyvw|rs=20|dtrend=50,385,46.493506493506494,0.5445428928507328,209.6490137475321,1.8124116266118924,2.6763872698870865,179,206,2.058008658008658,0.3886681001248866,2.056638061969427,283,39.92932862190813,0.2841325442569729,80.40951002472332,1.4482523349252674,1.4547904829689657,113,170,1.7024440518256772,0.17479595293574854,0.9694634177428628
tf=1|ema=13|vwap=week|trend=0|sides=long|stop_atr=0|target_atr=0.0|exit_cross=True|min_bars=7|max_bars=0|confirm=False|entry=cross_or_pb|exit=close_vwap|regime=spyvw|rs=0|dtrend=50,920,45.76086956521739,0.6532737488230881,601.0118489172411,1.5732738612643626,3.2378504315844627,421,499,3.1923913043478263,0.3853794026665199,2.053026179904076,751,39.41411451398136,0.00734323129892647,5.514766705493779,1.0056789777497757,0.048202460931455963,296,455,3.0033843763870394,-0.030517319249082554,-0.21788750902644258
tf=1|ema=13|vwap=week|trend=0|sides=long|stop_atr=4.0|target_atr=0.0|exit_cross=True|min_bars=7|max_bars=0|confirm=False|entry=cross|exit=close_vwap|regime=spyvw|rs=20|dtrend=50,551,46.64246823956443,0.7677631804352711,423.03751241983434,1.5968902894078465,2.999860963386345,257,294,3.2813823351482156,0.48064567458357305,2.050788154536486,431,42.22737819025522,0.061652837970626886,26.572373165340192,1.0426094884121329,0.29969865510665167,182,249,3.093484145398299,-0.02342671330654862,-0.12217899692165539
tf=1|ema=13|vwap=week|trend=0|sides=long|stop_atr=0|target_atr=0.0|exit_cross=True|min_bars=0|max_bars=0|confirm=False|entry=cross_or_pb|exit=cross|regime=spy50|rs=0|dtrend=50,1249,46.51721377101681,0.4397855910154129,549.2922031782507,1.3427332039144664,3.0309605276229767,581,668,3.532826261008807,0.27811764681056794,2.0504027895753967,1071,43.69747899159664,0.16210644595329726,173.61600361598138,1.1153765299140224,1.1454314405782278,468,603,3.33535636476813,0.12052578185040111,0.9048839207314969
tf=1|ema=13|vwap=roll35|trend=0|sides=long|stop_atr=0|target_atr=0.0|exit_cross=True|min_bars=7|max_bars=0|confirm=False|entry=cross|exit=cross|regime=spyvw|rs=20|dtrend=0,404,39.35643564356435,1.1026248015622342,445.4604198311426,1.561914253586573,2.318936006459707,159,245,6.924401815181517,0.9178162046904236,2.0501710270190374,314,39.49044585987261,0.7677883493178235,241.08554168579656,1.4171685194566004,1.7833432769686703,124,190,6.961385350318471,0.3913503852645067,1.013518352640489
tf=1|ema=34|vwap=roll35|trend=0|sides=long|stop_atr=0|target_atr=0.0|exit_cross=True|min_bars=0|max_bars=0|confirm=False|entry=cross|exit=cross|regime=|rs=20|dtrend=50,856,46.728971962616825,0.4262664099362681,364.8840469054454,1.3452907027005057,2.4734304370648164,400,456,3.3386876947040496,0.3251269129021896,2.047794790389829,638,44.98432601880878,0.3805890473499866,242.81581220929147,1.2722831674324528,1.9873905112145336,287,351,3.5511363636363638,0.20676553001825407,1.1414409137753616
tf=1|ema=21|vwap=roll50|trend=0|sides=long|stop_atr=0|target_atr=0.0|exit_cross=True|min_bars=7|max_bars=0|confirm=False|entry=cross_or_pb|exit=cross|regime=|rs=20|dtrend=50,417,40.28776978417266,1.4447150409516851,602.4461720768527,1.6819778695092218,2.9466878643797942,168,249,9.604116706634693,0.9371561354959255,2.047702775233763,358,37.150837988826815,0.5469096316836594,195.79364814275002,1.2528221099915702,1.1472357183184274,133,225,8.488826815642458,0.40084886808112086,0.9090556069409689
tf=1|ema=21|vwap=roll50|trend=0|sides=long|stop_atr=4.0|target_atr=0.0|exit_cross=True|min_bars=7|max_bars=0|confirm=False|entry=cross|exit=close_vwap|regime=spyvw|rs=0|dtrend=50,332,37.65060240963855,1.1586672355882923,384.67752221531305,1.735202877433503,2.349128045691244,125,207,7.160140562248997,0.9624461051101681,2.0477026600343224,290,33.793103448275865,0.4481672445584799,129.96850092195916,1.2653351619604392,0.8571375705679983,98,192,6.407614942528735,0.3523118906895567,0.7266866783656807
tf=1|ema=13|vwap=week|trend=0|sides=long|stop_atr=4.0|target_atr=0.0|exit_cross=True|min_bars=7|max_bars=0|confirm=False|entry=cross_or_pb|exit=cross|regime=spy50|rs=0|dtrend=0,1593,45.5743879472693,0.44024411770084554,701.308879497447,1.2992967367876895,3.130176738018564,726,867,3.6184348189997904,0.2692527334881558,2.0458240988352516,1550,43.54838709677419,0.15774398696464936,244.5031797952065,1.1025061571683221,1.301168445514532,675,875,3.4350806451612903,0.08545505024564502,0.7495848349023163
tf=1|ema=13|vwap=roll35|trend=0|sides=long|stop_atr=0|target_atr=0.0|exit_cross=True|min_bars=7|max_bars=0|confirm=False|entry=cross|exit=cross|regime=spyvw|rs=20|dtrend=50,337,39.76261127596439,1.213542167551573,408.96371046488014,1.6420268921054595,2.2678643967921555,134,203,6.848417408506429,1.045957184211386,2.045484740250249,271,39.11439114391144,0.32071456617703425,86.91364743397627,1.1711135075712822,0.7898764048693184,106,165,6.656672816728167,0.1083536358880635,0.2844539108095831
tf=1|ema=13|vwap=roll50|trend=0|sides=long|stop_atr=4.0|target_atr=0.0|exit_cross=True|min_bars=0|max_bars=0|confirm=False|entry=cross_or_pb|exit=close_vwap|regime=spy50|rs=20|dtrend=0,542,31.180811808118083,0.8123658664920128,440.3022996386709,1.5932287708196196,2.382313077297057,169,373,4.699876998769987,0.6624480735578145,2.043693724555777,441,31.292517006802722,0.3340218358576246,147.30362961321245,1.2252132872199804,1.122174646672983,138,303,4.775793650793651,0.3096046942232055,1.079593309014906
tf=1|ema=34|vwap=roll50|trend=0|sides=long|stop_atr=0|target_atr=0.0|exit_cross=True|min_bars=7|max_bars=0|confirm=False|entry=cross|exit=cross|regime=spy50|rs=20|dtrend=50,339,46.607669616519175,1.3981708654230018,473.9799233783976,1.6657167093654968,2.681944236923861,158,181,9.185594886922322,1.0026767003580248,2.0373658128217054,289,38.4083044982699,0.4948647715594343,143.0159189806765,1.2103357044709677,0.991615124227546,111,178,8.732410611303346,0.4061423341964441,0.852333123310176
tf=1|ema=34|vwap=week|trend=0|sides=long|stop_atr=0|target_atr=0.0|exit_cross=True|min_bars=7|max_bars=0|confirm=False|entry=cross|exit=close_vwap|regime=spyvw|rs=0|dtrend=50,424,47.64150943396226,0.7763858575848054,329.1876036159575,1.8226748764559775,2.826944436109474,202,222,3.0714426100628933,0.5071232317417301,2.0364968633678653,315,41.904761904761905,0.08552854391562098,26.941491333420608,1.0848156059478045,0.44737764213286746,132,183,2.5801587301587303,-0.021529044381506678,-0.1280129234756999
tf=1|ema=13|vwap=roll50|trend=0|sides=long|stop_atr=4.0|target_atr=0.0|exit_cross=True|min_bars=7|max_bars=0|confirm=False|entry=cross|exit=close_vwap|regime=|rs=20|dtrend=50,341,37.82991202346041,1.393288809651369,475.1114840911168,1.8242236420818185,2.6749087629720307,129,212,6.788489736070381,1.0091366477646182,2.036183463980945,315,35.23809523809524,0.3744803356016085,117.96130571450666,1.2077856849937243,0.9759979157268234,111,204,6.421164021164021,0.33945907228285016,0.9152771433138975
tf=1|ema=34|vwap=week|trend=0|sides=long|stop_atr=4.0|target_atr=0.0|exit_cross=True|min_bars=0|max_bars=0|confirm=False|entry=cross_or_pb|exit=cross|regime=spy50|rs=0|dtrend=50,792,54.41919191919192,0.4700685763396694,372.2943124610182,1.4239733508223642,3.1787800721095922,431,361,3.3050294612794615,0.27350127927192724,2.036022042668333,635,51.653543307086615,0.22412225155164092,142.31762973529197,1.1618511564980767,1.2365439000793124,328,307,3.307414698162729,0.14476746213349095,0.8549994211218296
tf=1|ema=34|vwap=roll35|trend=0|sides=long|stop_atr=4.0|target_atr=0.0|exit_cross=True|min_bars=0|max_bars=0|confirm=False|entry=cross|exit=cross|regime=|rs=20|dtrend=50,856,46.14485981308411,0.4208770850761631,360.27078482519556,1.3516278970054654,2.578590711287579,395,461,3.1034852024922115,0.30563800406840463,2.0359154581451877,638,43.73040752351097,0.333100479073809,212.51810564909016,1.2364641345224268,1.7755382261817279,279,359,3.2904911180773246,0.18291506678906705,1.036170235862034
tf=1|ema=34|vwap=roll50|trend=0|sides=long|stop_atr=0|target_atr=0.0|exit_cross=True|min_bars=7|max_bars=0|confirm=False|entry=cross|exit=cross|regime=|rs=20|dtrend=50,377,47.214854111405835,1.477701094324801,557.09331256045,1.7213017774427273,3.072975604857307,178,199,9.381410256410255,0.9221051127559632,2.0355575926590728,325,38.46153846153846,0.6065396393711222,197.1253827956147,1.2564473408526895,1.1531180604648843,125,200,8.659615384615385,0.41791416494798317,0.8502924898255807
tf=1|ema=13|vwap=roll50|trend=0|sides=long|stop_atr=4.0|target_atr=0.0|exit_cross=True|min_bars=7|max_bars=0|confirm=False|entry=cross_or_pb|exit=close_vwap|regime=spy50|rs=0|dtrend=50,643,34.3701399688958,0.8287649369265966,532.8958544438017,1.5798427532184596,2.6813420767288023,221,422,5.968701399688958,0.5964877376252522,2.0354622518641934,524,32.44274809160305,0.07860879072426438,41.19100633951454,1.0482977424772357,0.30552936568565237,170,354,5.569656488549619,0.03954551249992372,0.1610258729150771
tf=1|ema=34|vwap=roll50|trend=0|sides=long|stop_atr=0|target_atr=0.0|exit_cross=True|min_bars=7|max_bars=0|confirm=False|entry=cross|exit=cross|regime=spyvw|rs=20|dtrend=0,303,45.54455445544554,1.5380490341321156,466.02885734203096,1.7762532883135984,2.862111972369514,138,165,9.108085808580858,1.0408372703183648,2.034725095476793,245,38.775510204081634,0.6735665024748311,165.02379310633359,1.2839032375358905,1.0538287550696315,95,150,8.793877551020408,0.4311686509976872,0.737575009515077
tf=1|ema=21|vwap=roll35|trend=0|sides=long|stop_atr=4.0|target_atr=0.0|exit_cross=True|min_bars=0|max_bars=0|confirm=False|entry=cross_or_pb|exit=cross|regime=|rs=20|dtrend=50,630,39.84126984126984,0.9410703590977539,592.874326231585,1.5457252594249635,2.9466683940296563,251,379,6.161111111111111,0.6046199599433401,2.034638322695933,526,37.832699619771866,0.4205064341770171,221.186384377111,1.230284576440593,1.4739542953768583,199,327,5.718393536121673,0.2538062685325126,0.9386601686626811
tf=1|ema=13|vwap=roll35|trend=0|sides=long|stop_atr=0|target_atr=0.0|exit_cross=True|min_bars=7|max_bars=0|confirm=False|entry=cross|exit=cross|regime=spy50|rs=20|dtrend=0,485,40.618556701030926,1.0083877466972566,489.06805714816943,1.534786718516306,2.4505242836473653,197,288,6.95627147766323,0.7908804500183523,2.0335106404219485,414,38.405797101449274,0.6874466911964047,284.6029301553115,1.3626393097298457,1.8196721051988882,159,255,6.736916264090176,0.5403465362517391,1.5135529012526487
tf=1|ema=21|vwap=roll50|trend=0|sides=long|stop_atr=4.0|target_atr=0.0|exit_cross=True|min_bars=7|max_bars=0|confirm=False|entry=cross_or_pb|exit=cross|regime=spyvw|rs=20|dtrend=50,326,37.11656441717791,1.5091021855328164,491.9673124836981,1.7724254561766566,2.6818105554559195,121,205,8.723159509202453,1.080876451909606,2.030647821162767,282,33.687943262411345,-0.01514157549528145,-4.269924289669369,0.9926920939844994,-0.030743511854518995,95,187,7.159426713947991,-0.07844453881199574,-0.17623678792202033
tf=1|ema=34|vwap=roll50|trend=0|sides=long|stop_atr=4.0|target_atr=0.0|exit_cross=True|min_bars=0|max_bars=0|confirm=False|entry=cross_or_pb|exit=cross|regime=spyvw|rs=0|dtrend=50,501,42.51497005988024,1.016548662257006,509.29087979076,1.6501634784302504,2.974259154460322,213,288,7.4329673985362605,0.6609123032039644,2.0294390386890404,419,35.79952267303103,0.11120239713351555,46.593804398943014,1.0561356190020306,0.2877926864402456,150,269,6.737370723945903,0.008431738853944845,0.023720761964594286
tf=1|ema=34|vwap=roll50|trend=0|sides=long|stop_atr=0|target_atr=0.0|exit_cross=True|min_bars=0|max_bars=0|confirm=False|entry=cross_or_pb|exit=cross|regime=|rs=20|dtrend=50,469,46.05543710021322,1.2711960406530352,596.1909430662735,1.6809631065092154,3.1538890710666756,216,253,8.263681592039802,0.7717819151829518,2.029354682161813,388,37.88659793814433,0.4014145160690553,155.74883223479347,1.1831672923638792,0.9279266665459676,147,241,7.545747422680412,0.22987803880479968,0.5705828825049121
tf=1|ema=34|vwap=roll50|trend=0|sides=long|stop_atr=0|target_atr=0.0|exit_cross=True|min_bars=0|max_bars=0|confirm=False|entry=cross|exit=cross|regime=spyvw|rs=20|dtrend=50,265,45.283018867924525,1.5134760512460983,401.07115358021605,1.8382957702562668,2.668844785909364,120,145,8.421383647798741,1.1107276106898236,2.028354756000858,228,39.03508771929825,0.38125832271287485,86.92689757853546,1.166251660657836,0.6308841508991728,89,139,8.008406432748538,0.2669373113041179,0.4835483449671635
tf=1|ema=13|vwap=week|trend=0|sides=long|stop_atr=0|target_atr=0.0|exit_cross=True|min_bars=0|max_bars=0|confirm=False|entry=cross|exit=cross|regime=|rs=20|dtrend=50,1001,48.55144855144855,0.5421798275343236,542.722007361858,1.3965943867252808,3.2985392341563404,486,515,3.6463536463536466,0.3096361805892965,2.027826021465753,806,44.78908188585608,0.23687424502201745,190.92064148774605,1.1573329553496667,1.3837683361527329,361,445,3.338916459884202,0.18905868726034403,1.173649987275114
tf=1|ema=13|vwap=roll50|trend=0|sides=long|stop_atr=4.0|target_atr=0.0|exit_cross=True|min_bars=0|max_bars=0|confirm=False|entry=cross|exit=cross|regime=|rs=0|dtrend=50,548,37.77372262773723,1.1049722337947632,605.5247841195302,1.582292142702685,2.9271838582699847,207,341,8.891575425790755,0.7191991543311089,2.0261744016033245,457,34.57330415754923,-0.04914417758073207,-22.458889154394555,0.9768513017241556,-0.1571643989438573,158,299,7.803428154631655,-0.17140208833076642,-0.5707221324171775
tf=1|ema=34|vwap=week|trend=0|sides=long|stop_atr=4.0|target_atr=0.0|exit_cross=True|min_bars=7|max_bars=0|confirm=False|entry=cross|exit=cross|regime=|rs=0|dtrend=50,796,55.15075376884422,0.5523412477783962,439.6636332316034,1.4315295864654514,3.359243799260685,439,357,3.7724036850921268,0.3019899729396144,2.025877468471712,607,52.059308072487646,0.1828164828577257,110.96960509463949,1.1188493354342863,0.9465256193197915,316,291,3.631315211422295,0.0710577452122542,0.39423925413184124
tf=1|ema=34|vwap=roll50|trend=0|sides=long|stop_atr=4.0|target_atr=0.0|exit_cross=True|min_bars=7|max_bars=0|confirm=False|entry=cross|exit=cross|regime=spyvw|rs=0|dtrend=50,362,43.92265193370166,1.263848150402366,457.51303044565645,1.6876831232672889,2.7616225938193013,159,203,9.027163904235728,0.8839628475949817,2.0257624748882983,322,35.714285714285715,0.3344081120520542,107.67941208076144,1.1554040040475002,0.6689958009173684,115,207,7.803442028985506,0.21706006937870648,0.4676121546350073
tf=1|ema=34|vwap=roll50|trend=0|sides=long|stop_atr=4.0|target_atr=0.0|exit_cross=True|min_bars=7|max_bars=0|confirm=False|entry=cross_or_pb|exit=cross|regime=|rs=20|dtrend=50,452,44.24778761061947,1.285931766725911,581.2411585601118,1.6860466572037507,3.219367297848564,200,252,8.153945427728614,0.7637744760669432,2.025146625221155,375,37.06666666666667,0.43394848311527773,162.73068116822913,1.193408645337605,0.9484966569312789,139,236,7.568222222222222,0.23290792732383508,0.5441039013025782
tf=1|ema=13|vwap=roll50|trend=0|sides=long|stop_atr=4.0|target_atr=0.0|exit_cross=True|min_bars=0|max_bars=0|confirm=False|entry=cross|exit=cross|regime=spy50|rs=20|dtrend=0,351,37.32193732193732,1.331230150193991,467.26178271809084,1.6400248553828205,2.5161077181512326,131,220,8.515075973409306,1.0156192197970098,2.0246107588862663,314,35.6687898089172,0.37791912362520036,118.6666048183129,1.1718742062318719,0.8776068811328427,112,202,7.979299363057325,0.225292146023398,0.5428370543216859
tf=1|ema=21|vwap=roll35|trend=0|sides=long|stop_atr=4.0|target_atr=0.0|exit_cross=True|min_bars=7|max_bars=0|confirm=False|entry=cross|exit=cross|regime=spyvw|rs=20|dtrend=0,447,38.702460850111855,1.0442971256350913,466.8008151588858,1.5355750735490068,2.4664028986635445,173,274,6.708612975391499,0.7937621370183443,2.023890580180838,321,38.940809968847354,0.5526904165903475,177.4136237255015,1.275373330368921,1.319119408908438,125,196,6.706386292834891,0.25916897338776224,0.6855176110954299
tf=1|ema=21|vwap=roll50|trend=0|sides=long|stop_atr=4.0|target_atr=0.0|exit_cross=True|min_bars=7|max_bars=0|confirm=False|entry=cross|exit=close_vwap|regime=spyvw|rs=20|dtrend=50,209,41.6267942583732,1.6997236037353272,355.24223318068334,2.019304213400836,2.298778257381465,87,122,7.0791467304625195,1.4427351614196586,2.0234112992263262,196,34.183673469387756,0.6985274153183568,136.91137340239794,1.3817944647675042,0.9412438173781683,67,129,6.5688775510204085,0.6423309835413071,0.934348097779384
tf=1|ema=13|vwap=roll50|trend=0|sides=long|stop_atr=0|target_atr=0.0|exit_cross=True|min_bars=7|max_bars=0|confirm=False|entry=cross|exit=close_vwap|regime=|rs=20|dtrend=50,341,37.82991202346041,1.3482899902562797,459.76688667739137,1.7769222986401763,2.5802468272577825,129,212,6.810728250244378,1.0023697561379739,2.020800476154202,315,35.23809523809524,0.38680724005274275,121.84428061661396,1.2161035369865159,1.0100122389162305,111,204,6.4337301587301585,0.3673584958892424,0.9952743132492067
tf=1|ema=21|vwap=week|trend=0|sides=long|stop_atr=4.0|target_atr=0.0|exit_cross=True|min_bars=0|max_bars=0|confirm=False|entry=cross_or_pb|exit=cross|regime=|rs=0|dtrend=50,1243,52.53419147224457,0.45369018664106386,563.9369019948424,1.3847454095270568,3.591297837243777,653,590,3.3828104049342986,0.23385379190595776,2.0205324497740906,979,48.4167517875383,0.21514721241175497,210.62912095110812,1.1557825827944785,1.5111247525373341,474,505,3.238678924072183,0.13943463421333938,1.0419833701588008
tf=1|ema=13|vwap=week|trend=0|sides=long|stop_atr=4.0|target_atr=0.0|exit_cross=True|min_bars=0|max_bars=0|confirm=False|entry=cross|exit=cross|regime=spyvw|rs=0|dtrend=50,846,48.58156028368794,0.6535233576330408,552.8807605575525,1.506896338471366,3.528820312904524,411,435,3.5162529550827424,0.3509564363158384,2.020215783602315,681,43.75917767988253,0.01656858220677025,11.283204482810538,1.0116841314740246,0.10143600369418758,298,383,3.305555555555556,-0.02750129499636429,-0.1796181898836175
tf=1|ema=34|vwap=roll35|trend=0|sides=long|stop_atr=0|target_atr=0.0|exit_cross=True|min_bars=0|max_bars=0|confirm=False|entry=cross|exit=close_vwap|regime=|rs=0|dtrend=50,838,36.39618138424821,0.586248741811711,491.27644563821383,1.5072175823614027,2.658848691779017,305,533,4.092581543357199,0.4156236971563618,2.0181904174088268,638,35.10971786833856,0.46173363166773834,294.58605700401705,1.374028615554845,1.9356236657335184,224,414,3.9728970741901777,0.32064794244888234,1.438860494879878
tf=1|ema=13|vwap=roll35|trend=0|sides=long|stop_atr=4.0|target_atr=0.0|exit_cross=True|min_bars=7|max_bars=0|confirm=False|entry=cross|exit=close_vwap|regime=spy50|rs=20|dtrend=0,477,38.36477987421384,0.9842357322980111,469.4804443061513,1.617543842322503,2.5469666665869255,183,294,5.137141858839973,0.7369718962325198,2.018151675185258,409,39.119804400978,1.0188666708018048,416.71646835793814,1.6630326304574317,2.7138222100033538,160,249,5.286369193154035,0.8451475456540144,2.4035262697365973
tf=1|ema=21|vwap=week|trend=0|sides=long|stop_atr=0|target_atr=0.0|exit_cross=True|min_bars=7|max_bars=0|confirm=False|entry=cross_or_pb|exit=cross|regime=|rs=0|dtrend=50,1115,53.63228699551569,0.5434421246992983,605.9379690397177,1.426818299845759,3.7671214095194587,598,517,4.206988041853513,0.2684535214035927,2.016674716764735,899,51.0567296996663,0.2812071293671478,252.8052093010659,1.1761514508251218,1.6020847419096171,459,440,4.0323044123099745,0.20055418957600635,1.2086117341096867
tf=1|ema=21|vwap=week|trend=0|sides=long|stop_atr=0|target_atr=0.0|exit_cross=True|min_bars=0|max_bars=0|confirm=False|entry=cross|exit=close_vwap|regime=spy50|rs=20|dtrend=0,752,40.558510638297875,0.4018861627659335,302.21839439998195,1.4452613050760137,2.6534777697052734,305,447,2.427083333333333,0.29071362278495655,2.0155311498094517,652,42.94478527607362,0.40788538508300776,265.94127107412106,1.44933928710482,2.7488640463324736,280,372,2.3471370143149284,0.32626264649044595,2.3659831591891347
tf=1|ema=34|vwap=week|trend=0|sides=long|stop_atr=4.0|target_atr=0.0|exit_cross=True|min_bars=0|max_bars=0|confirm=False|entry=cross_or_pb|exit=close_vwap|regime=spyvw|rs=20|dtrend=50,386,46.63212435233161,0.5355314175847382,206.71512718770896,1.7804535804747887,2.6251987094244087,180,206,2.041666666666667,0.38100484725787115,2.015437733517096,283,39.92932862190813,0.2789577259531248,78.94503644473431,1.436524717531887,1.4256614413893447,113,170,1.7017078916372201,0.16816086021991225,0.9307781107827481
tf=1|ema=21|vwap=roll50|trend=0|sides=long|stop_atr=0|target_atr=0.0|exit_cross=True|min_bars=0|max_bars=0|confirm=False|entry=cross_or_pb|exit=close_vwap|regime=spyvw|rs=0|dtrend=50,556,30.215827338129497,0.7359055626742597,409.1634928468884,1.5923815467076894,2.3350828440518065,168,388,5.000149880095923,0.6030743711525072,2.015233729073904,458,26.85589519650655,-0.08080457119528565,-37.008493607440826,0.9414153971033826,-0.2736706803792715,123,335,4.481259097525473,-0.10039504425463971,-0.3734276923581143
tf=1|ema=13|vwap=roll50|trend=0|sides=long|stop_atr=0|target_atr=0.0|exit_cross=True|min_bars=0|max_bars=0|confirm=False|entry=cross_or_pb|exit=close_vwap|regime=spy50|rs=20|dtrend=50,508,31.88976377952756,0.8496102975204863,431.60203114040706,1.6177861087360765,2.3741084878735164,162,346,4.805528215223097,0.6845243175698296,2.0133551213282055,398,32.41206030150754,0.30457497345959317,121.22083943691808,1.2026939113179542,0.9756177875503688,129,269,4.9459798994974875,0.29961709890393506,1.0042607452184455
tf=1|ema=34|vwap=roll50|trend=0|sides=long|stop_atr=0|target_atr=0.0|exit_cross=True|min_bars=0|max_bars=0|confirm=False|entry=cross|exit=cross|regime=spy50|rs=20|dtrend=50,360,46.388888888888886,1.3113489147283168,472.0856093021941,1.6584462224411691,2.6856404277357053,167,193,8.577199074074072,0.9290352417149415,2.013200789200861,305,38.032786885245905,0.4152683845023124,126.65685727320528,1.182711703631495,0.9157781255000681,116,189,8.17158469945355,0.3256730630357403,0.7541912433658869
tf=1|ema=21|vwap=roll50|trend=0|sides=long|stop_atr=0|target_atr=0.0|exit_cross=True|min_bars=7|max_bars=0|confirm=False|entry=cross|exit=close_vwap|regime=|rs=20|dtrend=0,403,38.21339950372209,1.3514184148789834,544.6216211962303,1.7384622752121313,2.889592757235823,154,249,7.286186931348221,0.8669955278962898,2.012883221040629,342,35.67251461988304,0.9383193889576811,320.90523102352694,1.5300568645689379,1.8811049186676987,122,220,6.878533138401561,0.7839748699304636,1.7154334965644518
tf=1|ema=34|vwap=roll50|trend=0|sides=long|stop_atr=4.0|target_atr=0.0|exit_cross=True|min_bars=7|max_bars=0|confirm=False|entry=cross_or_pb|exit=cross|regime=spyvw|rs=0|dtrend=50,479,43.0062630480167,1.055433549404792,505.5526701648953,1.6407614742342747,2.922197488577634,206,273,7.8883959638135,0.6924961904292345,2.01269769412609,405,36.54320987654321,0.30136230251001617,122.05173251655654,1.1506654943205246,0.7011755853399536,148,257,7.157407407407407,0.18418902458537995,0.4614738734884825
tf=1|ema=21|vwap=roll35|trend=0|sides=long|stop_atr=0|target_atr=0.0|exit_cross=True|min_bars=0|max_bars=0|confirm=False|entry=cross_or_pb|exit=cross|regime=spyvw|rs=20|dtrend=50,496,39.314516129032256,0.9313420337291007,461.94564872963394,1.5547737335971303,2.5048477360042565,195,301,5.952788978494623,0.7077613263301338,2.01035050046304,385,36.883116883116884,0.0634124737441817,24.413802391509954,1.0357163780764433,0.2133652374761372,142,243,5.643506493506494,-0.06311987467519034,-0.22739842342257582
tf=1|ema=21|vwap=roll35|trend=0|sides=long|stop_atr=4.0|target_atr=0.0|exit_cross=True|min_bars=7|max_bars=0|confirm=False|entry=cross|exit=close_vwap|regime=spyvw|rs=20|dtrend=50,357,38.37535014005602,1.0738874479033873,383.37781890150933,1.7040578509233708,2.4232311151288535,137,220,5.340919701213818,0.8385052341168991,2.007715595623818,278,39.20863309352518,0.6019942683077395,167.35440658955156,1.3762991588648392,1.5500044400013553,109,169,5.432553956834532,0.4698701285846679,1.2938106515394667
tf=1|ema=21|vwap=roll35|trend=0|sides=long|stop_atr=4.0|target_atr=0.0|exit_cross=True|min_bars=0|max_bars=0|confirm=False|entry=cross|exit=close_vwap|regime=spyvw|rs=0|dtrend=50,529,35.916824196597354,0.7677524269968709,406.1410338813447,1.5878413822191852,2.4701750634970945,190,339,4.665327662255828,0.5857233028733358,2.0074697202138925,407,34.643734643734646,0.32797235686368825,133.48474924352112,1.2358789166864954,1.1864597844640148,141,266,4.70526208026208,0.20325542831605864,0.7889353210567108
tf=1|ema=13|vwap=week|trend=0|sides=long|stop_atr=4.0|target_atr=0.0|exit_cross=True|min_bars=7|max_bars=0|confirm=False|entry=cross|exit=cross|regime=|rs=20|dtrend=50,936,48.504273504273506,0.5894634369744579,551.7377770080926,1.3970149804268044,3.2353134132270975,454,482,3.8200676638176634,0.3389757830065822,2.0071742818748293,742,45.55256064690027,0.2345721488974259,174.05253448189,1.1411204019380694,1.2536791210153904,338,404,3.5597484276729556,0.15558709382307412,0.8907139827173512
tf=1|ema=34|vwap=roll50|trend=0|sides=long|stop_atr=4.0|target_atr=0.0|exit_cross=True|min_bars=7|max_bars=0|confirm=False|entry=cross|exit=close_vwap|regime=spyvw|rs=20|dtrend=0,289,39.792387543252595,1.389101634926725,401.4503724938235,1.8174967279104375,2.599516364798485,115,174,7.0524798154555945,1.0149658363297989,2.0069756743224425,238,37.81512605042017,1.0588445545210168,252.00500397600197,1.6010566484250095,1.6398068908749721,90,148,6.811799719887956,0.7813946703154889,1.3251361724705752
tf=1|ema=34|vwap=roll35|trend=0|sides=long|stop_atr=0|target_atr=0.0|exit_cross=True|min_bars=7|max_bars=0|confirm=False|entry=cross|exit=close_vwap|regime=spy50|rs=0|dtrend=0,981,36.08562691131498,0.5597207367440926,549.0860427459548,1.3919748397097484,2.4746812378995595,354,627,4.507178049609242,0.42772272212201784,2.0057545278998554,959,38.79040667361835,0.351532653507705,337.1198147138891,1.2495663910849097,1.830609613274445,372,587,4.255517900590893,0.20615383480078872,1.149456653968851
tf=1|ema=21|vwap=roll50|trend=0|sides=long|stop_atr=0|target_atr=0.0|exit_cross=True|min_bars=7|max_bars=0|confirm=False|entry=cross|exit=close_vwap|regime=spy50|rs=0|dtrend=0,590,34.57627118644068,0.8815606047363354,520.1207567944377,1.4992339614724142,2.4254215645178796,204,386,6.566596045197739,0.7004731815529186,2.0057039303296706,591,33.67174280879865,0.07566834185684868,44.71999003739757,1.0422056071695425,0.2952791958150122,199,392,6.393824027072758,-0.01653375013108376,-0.06777003516310921
tf=1|ema=34|vwap=roll35|trend=0|sides=long|stop_atr=0|target_atr=0.0|exit_cross=True|min_bars=0|max_bars=0|confirm=False|entry=cross|exit=close_vwap|regime=spy50|rs=0|dtrend=50,764,34.68586387434555,0.5522694995540087,421.9338976592627,1.466569173550712,2.321003829533298,265,499,4.056609947643979,0.44784689035086084,2.005094365822271,590,35.59322033898305,0.5136787892788065,303.07048567449584,1.4139570017380747,2.019356729150345,210,380,4.072104519774011,0.3515367237185808,1.4814720859070183
tf=1|ema=34|vwap=roll35|trend=0|sides=long|stop_atr=0|target_atr=0.0|exit_cross=True|min_bars=0|max_bars=0|confirm=False|entry=cross_or_pb|exit=close_vwap|regime=|rs=20|dtrend=50,647,36.16692426584235,0.7088865977710733,458.64962875788444,1.585663946206851,2.6010801255454665,234,413,4.272733127253992,0.5121093912160664,2.004556747737456,527,33.776091081593925,0.5975362789488775,314.90161900605847,1.4677530347852992,2.1610892951585225,178,349,4.0366065781151175,0.4718304706419736,1.8182626750242796
tf=1|ema=21|vwap=roll50|trend=0|sides=long|stop_atr=4.0|target_atr=0.0|exit_cross=True|min_bars=0|max_bars=0|confirm=False|entry=cross_or_pb|exit=cross|regime=spyvw|rs=20|dtrend=50,333,36.93693693693694,1.4440091442453997,480.8550450337181,1.7555304981089812,2.649259552592191,123,210,8.436686686686688,1.0306583499241708,2.0017428479906294,294,31.972789115646258,-0.04981955556607493,-14.64694933642603,0.9754291187983386,-0.10531124917289797,94,200,6.819160997732426,-0.10860421522934041,-0.2544127285655025
tf=1|ema=21|vwap=roll35|trend=0|sides=long|stop_atr=4.0|target_atr=0.0|exit_cross=True|min_bars=0|max_bars=0|confirm=False|entry=cross|exit=cross|regime=spyvw|rs=20|dtrend=0,456,39.473684210526315,1.02378836882114,466.8474961824398,1.5390894889622941,2.479755659770955,180,276,6.488852339181287,0.7648987509533473,2.0016902314518195,336,37.79761904761905,0.5003098110473554,168.10409651191142,1.26277181461142,1.2693601257909015,127,209,6.330357142857143,0.2262123088955268,0.6391269021123759
tf=1|ema=21|vwap=roll35|trend=0|sides=long|stop_atr=0|target_atr=0.0|exit_cross=True|min_bars=7|max_bars=0|confirm=False|entry=cross_or_pb|exit=cross|regime=spy50|rs=20|dtrend=50,555,40.9009009009009,0.9045752985670965,502.03929070473856,1.5091862072939584,2.561150272857166,227,328,6.478153153153153,0.6665632161536089,1.9999936828335558,450,40.44444444444444,0.6402178788400368,288.09804547801656,1.3561585162887118,1.896557562356974,182,268,6.20824074074074,0.48768365707548217,1.5260778789633511
tf=1|ema=34|vwap=roll35|trend=0|sides=long|stop_atr=4.0|target_atr=0.0|exit_cross=True|min_bars=7|max_bars=0|confirm=False|entry=cross_or_pb|exit=close_vwap|regime=spy50|rs=0|dtrend=0,1067,36.92596063730085,0.5616510407570584,599.2816604877813,1.402158620484345,2.6564695810310783,394,673,4.436699468915965,0.3982582133421081,1.9993133776781291,1091,37.58020164986251,0.25261917216856455,275.60751683590394,1.1838724003528978,1.489636747946242,410,681,4.049877787962114,0.11022933608545321,0.6934203171921425
tf=1|ema=34|vwap=roll35|trend=0|sides=long|stop_atr=0|target_atr=0.0|exit_cross=True|min_bars=0|max_bars=0|confirm=False|entry=cross_or_pb|exit=cross|regime=|rs=20|dtrend=50,874,46.796338672768876,0.4113790190382786,359.5452626394555,1.336094927928932,2.4342104254933976,409,465,3.319031273836766,0.3113789022564645,1.9990153216354825,668,44.31137724550898,0.3594426365095075,240.107681188351,1.259820235541453,1.9464133735697124,296,372,3.479728043912176,0.1893372147608271,1.0840604648517305
tf=1|ema=13|vwap=week|trend=0|sides=long|stop_atr=4.0|target_atr=0.0|exit_cross=True|min_bars=0|max_bars=0|confirm=False|entry=cross_or_pb|exit=cross|regime=spyvw|rs=20|dtrend=50,707,50.495049504950494,0.7062997307408448,499.3539096337773,1.515493418752266,3.570824119107041,357,350,3.636138613861386,0.36630956181802354,1.9989651842588982,558,45.340501792114694,0.15294351893853683,85.34248356770355,1.1028755410084228,0.7936528953370707,253,305,3.278748506571087,0.09643681312558547,0.5340157164896658
tf=1|ema=13|vwap=week|trend=0|sides=long|stop_atr=0|target_atr=0.0|exit_cross=True|min_bars=0|max_bars=0|confirm=False|entry=cross_or_pb|exit=cross|regime=spy50|rs=20|dtrend=50,913,47.754654983570646,0.4877159065038829,445.2846226380451,1.3530870121140308,2.809002361324422,436,477,3.63837166849215,0.32474335969635765,1.9982870250036717,778,44.73007712082262,0.3043908827936831,236.81610681348548,1.2066705661738735,1.7192667545780438,348,430,3.3396529562982007,0.2566479917408263,1.5381204630555219
tf=1|ema=13|vwap=roll35|trend=0|sides=long|stop_atr=4.0|target_atr=0.0|exit_cross=True|min_bars=7|max_bars=0|confirm=False|entry=cross|exit=cross|regime=spy50|rs=20|dtrend=0,485,40.618556701030926,1.0107920621010422,490.23415011900545,1.5367462247388284,2.47522872770669,197,288,6.86073883161512,0.7711048236543109,1.9971890287791545,414,38.16425120772947,0.6703420133665597,277.5215935337557,1.3521711526175642,1.7783922243673969,158,256,6.631239935587761,0.49443050474556316,1.3840528974103956
tf=1|ema=13|vwap=roll50|trend=0|sides=long|stop_atr=4.0|target_atr=0.0|exit_cross=True|min_bars=0|max_bars=0|confirm=False|entry=cross|exit=close_vwap|regime=spy50|rs=20|dtrend=50,323,34.05572755417957,1.253938798113355,405.02223179061366,1.7689540438595732,2.338142558929296,110,213,5.823658410732714,1.0248209826213965,1.9971182396778726,284,34.15492957746479,0.4716270940355495,133.94209470609604,1.2787556221939569,1.159579994925434,97,187,6.041226525821597,0.4671168791744476,1.1911417478303035
tf=1|ema=13|vwap=roll35|trend=0|sides=long|stop_atr=4.0|target_atr=0.0|exit_cross=True|min_bars=7|max_bars=0|confirm=False|entry=cross|exit=cross|regime=|rs=0|dtrend=50,754,38.59416445623342,0.7785693987204849,587.0413266352456,1.454028536795989,2.7139573203357554,291,463,6.835433244916003,0.5350652694322927,1.9959855572567657,586,36.51877133105802,0.12225319363247797,71.6403714686321,1.0641209549534676,0.44371948215622947,214,372,6.416382252559727,-0.0442705089708443,-0.16998422864899262
tf=1|ema=34|vwap=roll50|trend=0|sides=long|stop_atr=4.0|target_atr=0.0|exit_cross=True|min_bars=0|max_bars=0|confirm=False|entry=cross|exit=cross|regime=spyvw|rs=0|dtrend=50,384,43.489583333333336,1.1769090700856397,451.93308291288565,1.6726168509203498,2.753903269067912,167,217,8.436848958333334,0.812710177965618,1.9953520959533653,335,35.82089552238806,0.15517600295234515,51.98396098903563,1.0745015832218359,0.3528536865284206,120,215,7.3211442786069645,0.04520243424293439,0.11181727422939462
tf=1|ema=34|vwap=week|trend=0|sides=long|stop_atr=0|target_atr=0.0|exit_cross=True|min_bars=7|max_bars=0|confirm=False|entry=cross_or_pb|exit=close_vwap|regime=spyvw|rs=20|dtrend=50,354,48.58757062146893,0.8266337127777277,292.62833432331564,1.789391504965877,2.7157769201788695,172,182,3.133003766478343,0.5491402533594831,1.9937939939247735,255,46.27450980392157,0.602203379201611,153.56186169641083,1.622234680336805,2.146317349880403,118,137,2.7916666666666665,0.4125150576286881,1.6361831437774572
tf=1|ema=21|vwap=roll50|trend=0|sides=long|stop_atr=4.0|target_atr=0.0|exit_cross=True|min_bars=7|max_bars=0|confirm=False|entry=cross_or_pb|exit=cross|regime=spy50|rs=20|dtrend=0,420,37.61904761904762,1.3090330603277671,549.7938853376622,1.6250420637487855,2.748115369787677,158,262,8.86875,0.8919314578045919,1.9935425869838703,373,35.656836461126005,0.31037828545993656,115.77110047655634,1.1490626295677162,0.8202699793803588,133,240,7.629356568364611,0.23171350721627298,0.6412601448807422
tf=1|ema=21|vwap=roll35|trend=0|sides=long|stop_atr=0|target_atr=0.0|exit_cross=True|min_bars=7|max_bars=0|confirm=False|entry=cross|exit=close_vwap|regime=spyvw|rs=20|dtrend=50,357,38.37535014005602,1.0511374741884092,375.25607828526205,1.679014926904205,2.3641169422789274,137,220,5.392623716153128,0.8333610418563024,1.991701422852529,278,39.20863309352518,0.6438760132430429,178.9975316815659,1.413298986976699,1.6711034488174885,109,169,5.45173860911271,0.5328825208029155,1.4851520760364199
tf=1|ema=34|vwap=roll35|trend=0|sides=long|stop_atr=0|target_atr=0.0|exit_cross=True|min_bars=7|max_bars=0|confirm=False|entry=cross|exit=close_vwap|regime=spy50|rs=0|dtrend=50,735,36.326530612244895,0.6238847057307444,458.5552587120971,1.446283530834066,2.3958309011150187,267,468,4.838151927437642,0.4837178591424379,1.9914935935883307,567,37.38977072310406,0.48571423555206605,275.39997155802143,1.3217307406396333,1.7423223265070467,212,355,4.915417401528512,0.2806529094211344,1.0789670080986293
tf=1|ema=21|vwap=roll50|trend=0|sides=long|stop_atr=0|target_atr=0.0|exit_cross=True|min_bars=0|max_bars=0|confirm=False|entry=cross_or_pb|exit=close_vwap|regime=spyvw|rs=20|dtrend=50,391,31.202046035805626,0.9436167352028313,368.95414346430704,1.7142509740261882,2.2054806228144836,122,269,4.67188832054561,0.8155973672217223,1.9913574794238484,330,29.09090909090909,-0.00017792704613392524,-0.05871592522419533,0.9998774450254526,-0.00045690424549772024,96,234,4.476893939393939,0.004290743589700188,0.012121788923844076
tf=1|ema=13|vwap=roll35|trend=0|sides=long|stop_atr=0|target_atr=0.0|exit_cross=True|min_bars=0|max_bars=0|confirm=False|entry=cross|exit=cross|regime=|rs=0|dtrend=50,776,37.628865979381445,0.7361973406333407,571.2891363314724,1.432877080480165,2.624582919709414,292,484,6.612757731958763,0.5215815562366708,1.9910631780739083,603,35.32338308457712,0.0980118587753889,59.101150841559516,1.0519568162497923,0.3625203608940232,213,390,6.237354892205638,-0.025631740398079993,-0.10054172496554767
tf=1|ema=34|vwap=roll35|trend=0|sides=long|stop_atr=0|target_atr=0.0|exit_cross=True|min_bars=0|max_bars=0|confirm=False|entry=cross_or_pb|exit=close_vwap|regime=|rs=0|dtrend=50,917,35.55070883315158,0.5465579035075455,501.19359751641923,1.4886597354485975,2.6844811660589847,326,591,3.9705107233733186,0.3778799500682476,1.9907672102280074,737,32.15739484396201,0.3155790190646955,232.58173705068054,1.261674574787951,1.5143665161279367,237,500,3.6599389416553594,0.20662030455697622,1.061576607425303
tf=1|ema=21|vwap=roll50|trend=0|sides=long|stop_atr=4.0|target_atr=0.0|exit_cross=True|min_bars=7|max_bars=0|confirm=False|entry=cross_or_pb|exit=close_vwap|regime=spy50|rs=0|dtrend=0,794,35.51637279596977,0.7569159398757865,600.9912562613746,1.4884775656848177,2.6963018924431723,282,512,5.9008711167086485,0.5334781689365302,1.990630373403598,741,32.388663967611336,0.0814402390223324,60.34721711554831,1.048984425546306,0.3679507497035573,240,501,5.73363697705803,-0.019221827660161443,-0.09156064736133662
tf=1|ema=13|vwap=roll50|trend=0|sides=long|stop_atr=0|target_atr=0.0|exit_cross=True|min_bars=0|max_bars=0|confirm=False|entry=cross_or_pb|exit=close_vwap|regime=spy50|rs=20|dtrend=0,542,31.180811808118083,0.780808149457513,423.198017005972,1.557339921607695,2.282663977929321,169,373,4.702029520295203,0.6466237332265731,1.9905496680146686,440,31.136363636363637,0.3498151263921603,153.91865561255054,1.2385337984376485,1.174324506168577,137,303,4.7891098484848476,0.33218306811534787,1.1597435988631
tf=1|ema=13|vwap=week|trend=0|sides=long|stop_atr=4.0|target_atr=0.0|exit_cross=True|min_bars=7|max_bars=0|confirm=False|entry=cross|exit=cross|regime=spy50|rs=20|dtrend=0,858,46.73659673659674,0.5396788849204525,463.0444832617482,1.3500784500668122,2.7428933786638376,401,457,3.7841880341880336,0.3659592795039241,1.9896434664920555,743,45.49125168236878,0.2392014509210767,177.72667803435996,1.1457106832665578,1.277860074492105,338,405,3.553218932256618,0.16728411445739944,0.9477428476634052
tf=1|ema=34|vwap=roll50|trend=0|sides=long|stop_atr=4.0|target_atr=0.0|exit_cross=True|min_bars=7|max_bars=0|confirm=False|entry=cross_or_pb|exit=cross|regime=spy50|rs=20|dtrend=50,418,43.54066985645933,1.1660254077844958,487.3986204539192,1.6291879248301187,2.824185515509961,182,236,7.873803827751196,0.7772047540652587,1.9875696495251967,344,38.08139534883721,0.4427430969572884,152.3036253533072,1.2072038041883493,1.0401044287290202,131,213,7.441375968992248,0.32461316379495353,0.796745317568487
tf=1|ema=21|vwap=roll35|trend=0|sides=long|stop_atr=0|target_atr=0.0|exit_cross=True|min_bars=7|max_bars=0|confirm=False|entry=cross_or_pb|exit=cross|regime=spy50|rs=0|dtrend=0,1000,38.1,0.6270924494991549,627.0924494991548,1.3518317898215364,2.506824967807621,381,619,6.212541666666666,0.46912998108340476,1.9869051330555005,890,40.78651685393258,0.23890434637419142,212.6248682730304,1.1277059981619684,1.078297275059648,363,527,6.351966292134832,0.07563857948304259,0.36229264167212494
tf=1|ema=13|vwap=week|trend=0|sides=long|stop_atr=4.0|target_atr=0.0|exit_cross=True|min_bars=0|max_bars=0|confirm=False|entry=cross_or_pb|exit=cross|regime=spy50|rs=0|dtrend=0,1699,44.496762801648025,0.3870034241854294,657.5188176910445,1.286120166542362,3.0768274753453078,756,943,3.2592456346870713,0.23347635079537676,1.9833040076414485,1662,41.997593261131165,0.12999166348640998,216.0461447144134,1.0931501762365723,1.1840936552426142,698,964,3.075361010830325,0.07426910349391164,0.718447699344867
tf=1|ema=34|vwap=roll50|trend=0|sides=long|stop_atr=4.0|target_atr=0.0|exit_cross=True|min_bars=0|max_bars=0|confirm=False|entry=cross|exit=close_vwap|regime=spyvw|rs=20|dtrend=50,239,38.07531380753138,1.4695766121345395,351.2288103001549,1.9407808748795983,2.438196770918029,91,148,6.792538354253835,1.1511380178141661,1.981447640420164,216,37.5,0.7994763355231311,172.68688847299632,1.5102210974365349,1.3278979953380723,81,135,6.200617283950618,0.6616092346403366,1.2188760824128726
tf=1|ema=21|vwap=roll50|trend=0|sides=long|stop_atr=4.0|target_atr=0.0|exit_cross=True|min_bars=7|max_bars=0|confirm=False|entry=cross_or_pb|exit=cross|regime=spy50|rs=0|dtrend=50,534,37.827715355805246,1.1028110487010867,588.9011000063804,1.5615417165178398,2.807819955465257,202,332,9.085205992509364,0.7302054668629715,1.9805955223198162,450,35.333333333333336,0.32872511464102233,147.92630158846003,1.1636787566028115,0.932272877366141,159,291,7.857962962962962,0.24224407509385107,0.7213672670453523
tf=1|ema=34|vwap=week|trend=0|sides=long|stop_atr=4.0|target_atr=0.0|exit_cross=True|min_bars=7|max_bars=0|confirm=False|entry=cross_or_pb|exit=close_vwap|regime=spyvw|rs=20|dtrend=50,356,48.59550561797753,0.8146115052135949,290.00169585603976,1.7688240509957542,2.6871113651977336,173,183,3.079705056179775,0.5413855381430096,1.9803274236741828,256,46.09375,0.5720699404322231,146.44990475064913,1.5767950071420507,2.037351252104589,118,138,2.773274739583333,0.37997080875269085,1.5032624951032525
tf=1|ema=34|vwap=roll50|trend=0|sides=long|stop_atr=0|target_atr=0.0|exit_cross=True|min_bars=0|max_bars=0|confirm=False|entry=cross|exit=cross|regime=spyvw|rs=20|dtrend=0,322,44.409937888198755,1.3938235939395371,448.811197248531,1.7370234997322762,2.7718721104651816,143,179,8.44824016563147,0.9481086014122009,1.9793636588536554,252,39.285714285714285,0.4365045548781142,109.99914782928477,1.1882444038951605,0.7687912714914767,99,153,8.314980158730158,0.18469506006758857,0.36151270366431776
tf=1|ema=34|vwap=roll50|trend=0|sides=long|stop_atr=0|target_atr=0.0|exit_cross=True|min_bars=0|max_bars=0|confirm=False|entry=cross|exit=cross|regime=spy50|rs=0|dtrend=50,509,44.79371316306483,1.0309663599316645,524.7618772052173,1.5354384058493744,2.7483161575221677,228,281,8.95374918140144,0.6942460117097259,1.9790422917750121,437,36.15560640732266,0.11783522712540051,51.493994253800025,1.0547527113482398,0.33906889577491006,158,279,7.995232646834478,0.05078661485658586,0.15333135377537918
tf=1|ema=21|vwap=week|trend=0|sides=long|stop_atr=0|target_atr=0.0|exit_cross=True|min_bars=0|max_bars=0|confirm=False|entry=cross_or_pb|exit=close_vwap|regime=|rs=20|dtrend=50,922,40.99783080260303,0.3985845515006976,367.49495648364325,1.4632481626896774,2.9679299689871153,378,544,2.333333333333333,0.24977090142259606,1.9768223301137853,754,38.9920424403183,0.3258723964212914,245.7077869016537,1.3425135858623738,2.2543614953396203,294,460,2.2650862068965516,0.259135475704642,1.934549388262626
tf=1|ema=34|vwap=roll50|trend=0|sides=long|stop_atr=0|target_atr=0.0|exit_cross=True|min_bars=0|max_bars=0|confirm=False|entry=cross_or_pb|exit=close_vwap|regime=spyvw|rs=20|dtrend=50,371,32.61455525606469,0.9894891298611619,367.1004671784911,1.7333002899081973,2.3477704155350434,121,250,5.221698113207547,0.7972061377361492,1.9760068444461554,321,32.398753894081,0.2626769239470925,84.3192925870167,1.18044104196502,0.6338093203819621,104,217,4.944444444444444,0.20977409260830696,0.5586319770615028
tf=1|ema=34|vwap=roll50|trend=0|sides=long|stop_atr=4.0|target_atr=0.0|exit_cross=True|min_bars=0|max_bars=0|confirm=False|entry=cross_or_pb|exit=close_vwap|regime=spyvw|rs=20|dtrend=50,372,32.526881720430104,1.0027105843392328,373.0083373741946,1.7539996715512638,2.390591282096204,121,251,5.186939964157705,0.7944817750524675,1.9753901903175455,321,32.398753894081,0.25120729450976653,80.63754153763506,1.1712132294841073,0.6064033557405879,104,217,4.9417185877466245,0.1926309160912198,0.5128270626237642
tf=1|ema=13|vwap=week|trend=0|sides=long|stop_atr=4.0|target_atr=0.0|exit_cross=True|min_bars=7|max_bars=0|confirm=False|entry=cross|exit=cross|regime=spy50|rs=0|dtrend=50,1127,46.76131322094055,0.48823962894483525,550.2460618208293,1.3471112637231766,2.9578690765698923,527,600,3.7239352262644188,0.30551010431661,1.975097869309722,972,43.51851851851852,0.08256773204254125,80.2558355453501,1.0532103716206545,0.5446978986772046,423,549,3.513503086419753,0.0255686358709531,0.17946870842447332
tf=1|ema=13|vwap=roll50|trend=0|sides=long|stop_atr=0|target_atr=0.0|exit_cross=True|min_bars=0|max_bars=0|confirm=False|entry=cross|exit=close_vwap|regime=spy50|rs=20|dtrend=50,323,34.05572755417957,1.220998140911446,394.3823995143971,1.7339282942926468,2.272699577990277,110,213,5.826496388028896,1.0141304617122016,1.9748380632888496,284,34.15492957746479,0.48434320627172556,137.55347058117007,1.2884393645538674,1.1919874497280334,97,187,6.044160798122066,0.4900420724438993,1.2539226334133902
tf=1|ema=13|vwap=week|trend=0|sides=long|stop_atr=0|target_atr=0.0|exit_cross=True|min_bars=7|max_bars=0|confirm=False|entry=cross|exit=close_vwap|regime=spyvw|rs=20|dtrend=50,550,46.72727272727273,0.7441193819389469,409.2656600664208,1.5667323923616174,2.8562077952298868,257,293,3.318030303030303,0.4703613707999781,1.9732374019218095,431,42.45939675174014,0.08464394318246588,36.481539511642794,1.0586573476507313,0.4087425031084438,183,248,3.1172660479505025,0.010435338861165787,0.054291406582367516
tf=1|ema=34|vwap=roll35|trend=0|sides=long|stop_atr=0|target_atr=0.0|exit_cross=True|min_bars=7|max_bars=0|confirm=False|entry=cross_or_pb|exit=cross|regime=spyvw|rs=20|dtrend=50,502,49.20318725099602,0.5672888669945079,284.7790112312429,1.4039955709633851,2.1792277976256687,247,255,3.9079515272244354,0.4838089182251247,1.9715501177244823,393,48.091603053435115,0.43820115555639166,172.21305413366193,1.3061748704341933,1.856029459710441,189,204,4.035411365564037,0.15805747780713963,0.7092941178163591
tf=1|ema=21|vwap=roll35|trend=0|sides=long|stop_atr=0|target_atr=0.0|exit_cross=True|min_bars=7|max_bars=0|confirm=False|entry=cross|exit=cross|regime=spy50|rs=0|dtrend=0,930,37.74193548387097,0.641794050972128,596.8684674040791,1.348305394035291,2.407502783070547,351,579,6.39758064516129,0.4965794430864924,1.970633063110727,858,40.442890442890445,0.19800454155590902,169.88789665496995,1.1037393574172274,0.8741033758534914,347,511,6.423465423465423,0.04549531157224995,0.2125825906803584
tf=1|ema=21|vwap=roll50|trend=0|sides=long|stop_atr=0|target_atr=0.0|exit_cross=True|min_bars=0|max_bars=0|confirm=False|entry=cross_or_pb|exit=cross|regime=spy50|rs=20|dtrend=50,395,38.734177215189874,1.3044562211370367,515.2602073491296,1.634684143444828,2.6354682986725155,153,242,9.094831223628692,0.9126021213421676,1.9704967497216832,348,36.206896551724135,0.4107206263426724,142.93077796725,1.210629480239093,1.0597678106000805,126,222,7.7419779693486594,0.3496611076808799,0.944977153950059
tf=1|ema=13|vwap=roll50|trend=0|sides=long|stop_atr=0|target_atr=0.0|exit_cross=True|min_bars=7|max_bars=0|confirm=False|entry=cross_or_pb|exit=close_vwap|regime=spy50|rs=20|dtrend=50,466,36.26609442060086,0.9786826786089661,456.06612823177824,1.6404421245329326,2.4875399864045082,169,297,5.805615164520745,0.7355349597969828,1.9702704593477387,379,35.62005277044855,0.3442387886602762,130.46650090224466,1.2043416548526402,1.017218996858935,135,244,5.6486367634124885,0.3296808299562681,1.0171355895629814
tf=1|ema=34|vwap=roll50|trend=0|sides=long|stop_atr=0|target_atr=0.0|exit_cross=True|min_bars=0|max_bars=0|confirm=False|entry=cross|exit=close_vwap|regime=spyvw|rs=20|dtrend=50,239,38.07531380753138,1.4417326951887823,344.574114150119,1.9067925297298884,2.3853026675954103,91,148,6.828277545327754,1.1447694523830279,1.9688768052218057,216,37.5,0.7977220857090909,172.30797051316364,1.508532217298413,1.3238189158544829,81,135,6.203317901234567,0.66628698874671,1.2272752559278355
tf=1|ema=21|vwap=roll50|trend=0|sides=long|stop_atr=4.0|target_atr=0.0|exit_cross=True|min_bars=7|max_bars=0|confirm=False|entry=cross|exit=close_vwap|regime=|rs=20|dtrend=0,403,37.96526054590571,1.3487222781487331,543.5350780939394,1.739175376851756,2.888549908723788,153,250,7.220740281224153,0.8465057296301237,1.9676629664300496,342,35.67251461988304,0.9186227195085682,314.16897007193035,1.5132197920518775,1.8424137355487693,122,220,6.8373538011695905,0.7537385551205755,1.6471249314243237
tf=1|ema=21|vwap=roll35|trend=0|sides=long|stop_atr=4.0|target_atr=0.0|exit_cross=True|min_bars=7|max_bars=0|confirm=False|entry=cross_or_pb|exit=cross|regime=spyvw|rs=20|dtrend=0,595,38.319327731092436,0.8441693981984817,502.2807919280966,1.4642844868443268,2.4963637449418625,228,367,5.969887955182072,0.6184978493586327,1.9668179895891522,423,38.297872340425535,0.33429826420102815,141.4081657570349,1.177784763792966,1.0106885821915585,162,261,5.982072498029946,0.05549062212345358,0.1876580991596152
tf=1|ema=13|vwap=roll50|trend=0|sides=long|stop_atr=4.0|target_atr=0.0|exit_cross=True|min_bars=7|max_bars=0|confirm=False|entry=cross_or_pb|exit=close_vwap|regime=spy50|rs=20|dtrend=50,466,36.26609442060086,1.0037549228122677,467.7497940305168,1.6678059438440287,2.5584357958919535,169,297,5.780847639484978,0.7326955881543701,1.9638591239404046,380,35.26315789473684,0.33021660146969967,125.48230855848588,1.1954411741770166,0.9792029619144598,134,246,5.618201754385966,0.29897254351348135,0.9231318497277511
tf=1|ema=21|vwap=roll50|trend=0|sides=long|stop_atr=0|target_atr=0.0|exit_cross=True|min_bars=0|max_bars=0|confirm=False|entry=cross|exit=cross|regime=spyvw|rs=20|dtrend=50,221,38.009049773755656,1.6926186978456357,374.0687322238855,1.7898132446311457,2.260876909006475,84,137,9.792609351432882,1.3999964482921012,1.9628162134975478,212,33.490566037735846,0.293347181845271,62.189602551197446,1.137399499387646,0.4606465334155302,71,141,8.536360062893081,0.2196117700569542,0.38230537304190937
tf=1|ema=21|vwap=week|trend=0|sides=long|stop_atr=0|target_atr=0.0|exit_cross=True|min_bars=0|max_bars=0|confirm=False|entry=cross_or_pb|exit=close_vwap|regime=spy50|rs=0|dtrend=0,1622,36.49815043156597,0.21497669923424204,348.69220615794063,1.2805996986026507,2.5242293367828235,592,1030,1.9146886559802712,0.1574746679432843,1.962789422817031,1616,35.58168316831683,0.18872203460124384,304.97480791561003,1.2358531013203882,2.1766779472215814,575,1041,1.7951216996699668,0.1311843318742672,1.6423342200851196
tf=1|ema=21|vwap=roll50|trend=0|sides=long|stop_atr=4.0|target_atr=0.0|exit_cross=True|min_bars=0|max_bars=0|confirm=False|entry=cross_or_pb|exit=close_vwap|regime=spyvw|rs=0|dtrend=50,558,30.107526881720432,0.7329962076860025,409.0118838887894,1.5920320996989958,2.334101542557675,168,390,4.968862007168458,0.5859926814449887,1.9622053320021828,459,26.797385620915033,-0.09189079783773867,-42.17787620752205,0.933774178584451,-0.3119585162909573,123,336,4.454066811909949,-0.11344460804058377,-0.4228525106812468
tf=1|ema=34|vwap=roll35|trend=0|sides=long|stop_atr=0|target_atr=0.0|exit_cross=True|min_bars=0|max_bars=0|confirm=False|entry=cross|exit=close_vwap|regime=spy50|rs=20|dtrend=50,551,34.84573502722323,0.7020960606164341,386.85492939965525,1.5402898998473116,2.2314282214169747,192,359,4.3486085904416205,0.5819591365017008,1.9616563669107514,421,37.29216152019002,0.8241634352488,346.9728062397448,1.627837816615853,2.442915493207302,157,264,4.455067300079176,0.6476629397780602,2.0488141285243
tf=1|ema=21|vwap=roll50|trend=0|sides=long|stop_atr=4.0|target_atr=0.0|exit_cross=True|min_bars=0|max_bars=0|confirm=False|entry=cross_or_pb|exit=close_vwap|regime=spyvw|rs=20|dtrend=50,391,31.202046035805626,0.9480065414631091,370.67055771207566,1.719966029227336,2.215629758774391,122,269,4.654411764705882,0.804063578373229,1.9607149781804196,330,29.09090909090909,-0.014238408157981844,-4.698674692134008,0.9902867490431297,-0.03655758315322238,96,234,4.453914141414141,-0.011814999740365225,-0.033353949465610204
tf=1|ema=34|vwap=roll35|trend=0|sides=long|stop_atr=0|target_atr=0.0|exit_cross=True|min_bars=0|max_bars=0|confirm=False|entry=cross|exit=close_vwap|regime=|rs=20|dtrend=50,607,36.40856672158155,0.7192310752870644,436.57326269924806,1.5699821987378921,2.485673441681253,221,386,4.3800796265788025,0.5324867203217835,1.9605586453325674,462,36.7965367965368,0.7436299486515008,343.5570362769934,1.5697836441873942,2.381359401718647,170,292,4.340638528138528,0.5914061843833519,2.018291056208149
tf=1|ema=21|vwap=week|trend=0|sides=long|stop_atr=4.0|target_atr=0.0|exit_cross=True|min_bars=0|max_bars=0|confirm=False|entry=cross|exit=close_vwap|regime=spy50|rs=20|dtrend=0,752,40.42553191489362,0.39173234744305535,294.58272527717764,1.429488599652124,2.5884300806446405,304,448,2.409131205673759,0.2815073999172632,1.9546793257600363,652,42.94478527607362,0.4135829425785499,269.6560785612145,1.45849367931425,2.7963268190413944,280,372,2.3453476482617583,0.32257296705971006,2.3397722384085893
tf=1|ema=13|vwap=week|trend=0|sides=long|stop_atr=4.0|target_atr=0.0|exit_cross=True|min_bars=7|max_bars=0|confirm=False|entry=cross_or_pb|exit=cross|regime=spy50|rs=20|dtrend=50,864,47.68518518518518,0.5332531092579007,460.73068639882615,1.35719173505986,2.795184097236396,412,452,3.8008777006172836,0.3483944096622912,1.9531109036518974,727,45.2544704264099,0.3295733313921601,239.59981192210043,1.206050681375165,1.7315306907664485,329,398,3.575194864740945,0.25133551841915763,1.4045624651931576
tf=1|ema=34|vwap=roll50|trend=0|sides=long|stop_atr=4.0|target_atr=0.0|exit_cross=True|min_bars=0|max_bars=0|confirm=False|entry=cross_or_pb|exit=cross|regime=spy50|rs=20|dtrend=50,442,43.21266968325792,1.0807574536228541,477.69479450130154,1.6087681512605625,2.7823662074958575,191,251,7.337763951734541,0.719204524650964,1.9529646000520289,360,37.22222222222222,0.34702523514537076,124.92908465233347,1.1646304714691942,0.8859965029438415,134,226,6.991435185185185,0.23431099585525736,0.6274739061862386
tf=1|ema=34|vwap=roll35|trend=0|sides=long|stop_atr=0|target_atr=0.0|exit_cross=True|min_bars=0|max_bars=0|confirm=False|entry=cross_or_pb|exit=close_vwap|regime=spy50|rs=0|dtrend=0,1183,32.290786136939985,0.4144451330207583,490.2885923635571,1.3881648367234884,2.3660334604859568,382,801,3.2986404621020005,0.323493445553064,1.9524210309641417,1210,33.14049586776859,0.17651318869369176,213.58095831936703,1.1711456319090168,1.2557059479152957,401,809,2.791322314049587,0.09495611827540806,0.7207181829928626
tf=1|ema=34|vwap=roll35|trend=0|sides=long|stop_atr=0|target_atr=0.0|exit_cross=True|min_bars=0|max_bars=0|confirm=False|entry=cross|exit=cross|regime=spyvw|rs=20|dtrend=50,520,48.26923076923077,0.507535628367043,263.9185267508624,1.410693386876873,2.1450308458535767,251,269,3.2770833333333336,0.43780975539728106,1.9517158629600193,393,48.091603053435115,0.44376983079421634,174.40154350212703,1.3530749012726901,2.0732298161911267,189,204,3.4975614927905,0.20334971919880487,0.9960324362622065
tf=1|ema=21|vwap=roll50|trend=0|sides=long|stop_atr=0|target_atr=0.0|exit_cross=True|min_bars=0|max_bars=0|confirm=False|entry=cross_or_pb|exit=cross|regime=|rs=20|dtrend=50,427,39.81264637002342,1.3526576808931865,577.5848297413905,1.645742336913731,2.8460002785484977,170,257,9.269028103044496,0.8653276205761088,1.9513784278271566,381,35.43307086614173,0.48273871474943836,183.92345031953602,1.2340396270840273,1.0810880597755954,135,246,7.900481189851269,0.342111551492531,0.8278675125115372
tf=1|ema=21|vwap=roll35|trend=0|sides=long|stop_atr=0|target_atr=0.0|exit_cross=True|min_bars=0|max_bars=0|confirm=False|entry=cross_or_pb|exit=cross|regime=spy50|rs=20|dtrend=50,569,40.421792618629176,0.8755696073382601,498.19910657547,1.5140916430828844,2.565735781560987,230,339,6.212434094903339,0.6283396599382796,1.95118303798745,473,39.112050739957716,0.5787015964391446,273.72585511571543,1.3342764814015404,1.8908200566165436,185,288,5.833949964763917,0.44955159528317834,1.5591528744032124
tf=1|ema=34|vwap=roll50|trend=0|sides=long|stop_atr=0|target_atr=0.0|exit_cross=True|min_bars=7|max_bars=0|confirm=False|entry=cross|exit=close_vwap|regime=spyvw|rs=0|dtrend=50,345,39.710144927536234,1.1145985961787732,384.53651568167675,1.719301095369434,2.513241567560083,137,208,7.508454106280193,0.8217252335641314,1.9484721117910588,316,35.75949367088607,0.5972940277416489,188.74491276636104,1.3692087055045108,1.2145232681556364,113,203,6.500527426160337,0.4590441819039673,1.0133578017837235
tf=1|ema=13|vwap=roll35|trend=0|sides=long|stop_atr=0|target_atr=0.0|exit_cross=True|min_bars=7|max_bars=0|confirm=False|entry=cross|exit=cross|regime=|rs=0|dtrend=50,754,38.726790450928384,0.7392087859134852,557.3634245787678,1.4187332088813418,2.5495368500663598,292,462,6.907161803713528,0.5267851717107813,1.948044779038552,586,36.689419795221845,0.10379837151736773,60.82584570917749,1.053735709641622,0.37307341714743864,215,371,6.487130261660978,-0.0322437622600255,-0.12299662731030842
tf=1|ema=21|vwap=roll35|trend=0|sides=long|stop_atr=0|target_atr=0.0|exit_cross=True|min_bars=0|max_bars=0|confirm=False|entry=cross_or_pb|exit=cross|regime=spy50|rs=0|dtrend=0,1032,37.3062015503876,0.5931710021548204,612.1524742237748,1.346340064044172,2.5439501606914194,385,647,5.898821059431525,0.4276927032683596,1.947068015069151,933,39.12111468381565,0.19059448361306172,177.82465321098658,1.105650253598115,0.9378979647794364,365,568,5.975303679885673,0.04992938796040308,0.26153260344187046
tf=1|ema=34|vwap=roll50|trend=0|sides=long|stop_atr=4.0|target_atr=0.0|exit_cross=True|min_bars=0|max_bars=0|confirm=False|entry=cross_or_pb|exit=cross|regime=spyvw|rs=20|dtrend=50,369,42.00542005420054,1.14699927923936,423.24273403932386,1.6930489018347885,2.6716819727222285,155,214,6.784327009936765,0.8049939816118857,1.946107180918457,302,37.41721854304636,0.10448702515680683,31.55508159735566,1.0494501943334893,0.2251609943597908,113,189,6.498206401766005,0.006798441884354995,0.0160220416930988
tf=1|ema=34|vwap=roll50|trend=0|sides=long|stop_atr=0|target_atr=0.0|exit_cross=True|min_bars=0|max_bars=0|confirm=False|entry=cross|exit=cross|regime=|rs=20|dtrend=50,401,46.38403990024938,1.346899364237074,540.1066450590666,1.6891790799847572,2.99515060553532,186,215,8.759039900249377,0.8244027202223089,1.945463152446997,345,38.55072463768116,0.5364256894994296,185.0668628773032,1.2367514969633808,1.114815092655793,133,212,8.092632850241547,0.35443893664672077,0.7911461841359015
tf=1|ema=21|vwap=roll35|trend=0|sides=long|stop_atr=0|target_atr=0.0|exit_cross=True|min_bars=7|max_bars=0|confirm=False|entry=cross_or_pb|exit=cross|regime=spyvw|rs=0|dtrend=50,670,39.701492537313435,0.723611439024786,484.81966414660656,1.4422158026000025,2.4870463618057155,266,404,6.248694029850746,0.5320539352111656,1.9431607024711672,496,38.104838709677416,-0.16066691898954283,-79.69079181881324,0.9145511325469733,-0.6193934537374686,189,307,6.065020161290323,-0.30222251492331625,-1.2455463110160452
tf=1|ema=21|vwap=roll50|trend=0|sides=long|stop_atr=4.0|target_atr=0.0|exit_cross=True|min_bars=0|max_bars=0|confirm=False|entry=cross_or_pb|exit=cross|regime=spy50|rs=0|dtrend=50,548,37.77372262773723,1.0497732840552156,575.2757596622581,1.5489278075618644,2.7659889194705967,207,341,8.764142335766424,0.691801802228084,1.9429665624155632,469,34.54157782515991,0.29331192976147696,137.5632950581327,1.1504825266912433,0.8697476012790232,162,307,7.486496090973702,0.21215333876968967,0.6597018105658045
tf=1|ema=21|vwap=roll35|trend=0|sides=long|stop_atr=0|target_atr=0.0|exit_cross=True|min_bars=7|max_bars=0|confirm=False|entry=cross_or_pb|exit=cross|regime=spy50|rs=20|dtrend=0,589,39.72835314091681,0.8337681194113477,491.0894223332837,1.4697302692455734,2.4778734571754124,234,355,6.372382569326542,0.6163742645064008,1.9403493424351526,494,40.688259109311744,0.5920990652643693,292.4969382405984,1.3350119234023023,1.8835133142951643,201,293,6.1368083670715246,0.41749247512142973,1.406908733805406
tf=1|ema=34|vwap=roll35|trend=0|sides=long|stop_atr=0|target_atr=0.0|exit_cross=True|min_bars=0|max_bars=0|confirm=False|entry=cross|exit=close_vwap|regime=|rs=20|dtrend=0,740,35.0,0.6364303121603747,470.9584309986773,1.4990278856585808,2.507051251620989,259,481,4.207488738738738,0.45575098966060484,1.9401794654626447,554,36.82310469314079,0.7989858569501058,442.6381647503586,1.6310378393239404,2.7418861700240558,204,350,4.117554151624549,0.5720905883589144,2.1621944199457412
tf=1|ema=21|vwap=roll35|trend=0|sides=long|stop_atr=0|target_atr=0.0|exit_cross=True|min_bars=0|max_bars=0|confirm=False|entry=cross|exit=cross|regime=spyvw|rs=20|dtrend=50,372,40.32258064516129,1.0579692102270406,393.56454620445913,1.5892282620929459,2.2855032286451915,150,222,6.663978494623656,0.8519337704562499,1.9395218675707573,296,38.513513513513516,0.2299159268978695,68.05511436176937,1.121628096328838,0.6189947173384165,114,182,6.272522522522522,0.10283471977620244,0.2946740153701668
tf=1|ema=34|vwap=roll35|trend=0|sides=long|stop_atr=0|target_atr=0.0|exit_cross=True|min_bars=0|max_bars=0|confirm=False|entry=cross_or_pb|exit=cross|regime=spy50|rs=20|dtrend=50,798,45.73934837092732,0.4098717817233116,327.07768181520265,1.3418897668384635,2.338885060742234,365,433,3.1655701754385963,0.31472574404802617,1.938357876844065,607,45.30477759472817,0.483288798674429,293.3563007953784,1.3607189341047785,2.4501744838316095,275,332,3.514071938495332,0.306180724700172,1.647949077571424
tf=1|ema=21|vwap=roll35|trend=0|sides=long|stop_atr=0|target_atr=0.0|exit_cross=True|min_bars=0|max_bars=0|confirm=False|entry=cross|exit=cross|regime=spy50|rs=0|dtrend=0,959,37.122002085505734,0.6108488663071184,585.8040627885265,1.3467810863949485,2.460267434564457,356,603,6.087460896767466,0.4541123947089859,1.938198269995521,900,38.666666666666664,0.151758733883959,136.5828604955631,1.0824141107895333,0.7315776873163717,348,552,6.042453703703704,0.019412620832168177,0.09935218037200233
tf=1|ema=21|vwap=week|trend=0|sides=long|stop_atr=4.0|target_atr=0.0|exit_cross=True|min_bars=0|max_bars=0|confirm=False|entry=cross_or_pb|exit=close_vwap|regime=|rs=20|dtrend=50,927,40.99244875943905,0.3937844194116148,365.03815679456693,1.454875072423564,2.94915746412578,380,547,2.31737684286228,0.2434559515471588,1.9376140504707413,755,38.94039735099338,0.32471433974476505,245.15932650729758,1.341261811122591,2.2527323268660155,294,461,2.2601545253863136,0.2509046628730738,1.8728821805371525
tf=1|ema=34|vwap=roll35|trend=0|sides=long|stop_atr=0|target_atr=0.0|exit_cross=True|min_bars=7|max_bars=0|confirm=False|entry=cross|exit=close_vwap|regime=|rs=0|dtrend=50,804,37.56218905472637,0.6416579928587838,515.8930262584621,1.4625928663638448,2.629901372267116,302,502,4.927808872305141,0.4383201355235787,1.9366830204582592,611,37.315875613747956,0.44674405586795857,272.9606181353227,1.296502244460279,1.700739666373949,228,383,4.859247135842881,0.253436453348941,1.0325230945313397
tf=1|ema=34|vwap=roll50|trend=0|sides=long|stop_atr=4.0|target_atr=0.0|exit_cross=True|min_bars=0|max_bars=0|confirm=False|entry=cross_or_pb|exit=cross|regime=|rs=20|dtrend=50,479,43.63256784968685,1.1693651359794655,560.125900134164,1.6486452476263738,3.1172794175517247,209,270,7.60133959638135,0.6855430190288876,1.9347732352193017,395,36.962025316455694,0.3578064352269076,141.33354191462848,1.1637283795285052,0.8466154253516719,146,249,7.104008438818566,0.16500287313461182,0.4191463470745498
tf=1|ema=21|vwap=roll35|trend=0|sides=long|stop_atr=0|target_atr=0.0|exit_cross=True|min_bars=0|max_bars=0|confirm=False|entry=cross|exit=cross|regime=spy50|rs=20|dtrend=50,497,41.04627766599597,0.950373842305608,472.3357996258871,1.536972578698863,2.5013176252329243,204,293,6.587860496311201,0.6938912116832414,1.9345076904181666,413,40.19370460048426,0.7349238714122388,303.52355889325463,1.4145345945929244,2.138479178417004,166,247,6.169895076674738,0.6173761932607077,1.904787091872015
tf=1|ema=13|vwap=week|trend=0|sides=long|stop_atr=4.0|target_atr=0.0|exit_cross=True|min_bars=7|max_bars=0|confirm=False|entry=cross_or_pb|exit=cross|regime=spy50|rs=0|dtrend=50,1181,46.994072819644366,0.4743684565945878,560.2291472382083,1.340060285886821,2.989142772584468,555,626,3.726644086931979,0.28726035905778796,1.932610538965132,1006,44.135188866799204,0.17501716840306014,176.06727141347852,1.1147739560563141,1.1606853316489993,444,562,3.5364065606361827,0.1048508365358872,0.7410851296753967
tf=1|ema=34|vwap=roll35|trend=0|sides=long|stop_atr=0|target_atr=0.0|exit_cross=True|min_bars=0|max_bars=0|confirm=False|entry=cross_or_pb|exit=close_vwap|regime=spy50|rs=0|dtrend=50,837,34.05017921146953,0.5043768187390661,422.1633972845984,1.4404003156243683,2.302356054251698,285,552,3.9229390681003586,0.3969783368289551,1.9322241127042603,678,32.743362831858406,0.3709111119714865,251.4777339166679,1.3084553147732885,1.6644122379432784,222,456,3.7468043264503446,0.23958260753295604,1.1524138499972636
tf=1|ema=21|vwap=roll50|trend=0|sides=long|stop_atr=4.0|target_atr=0.0|exit_cross=True|min_bars=7|max_bars=0|confirm=False|entry=cross|exit=cross|regime=spyvw|rs=20|dtrend=50,214,38.3177570093458,1.8124948037885207,387.8738880107434,1.8281173544680194,2.323254598454752,82,132,9.941199376947042,1.438988096705927,1.9312424067213,201,34.32835820895522,0.24068046577999974,48.37677362177995,1.1046689179437543,0.3584536982587304,69,132,8.5787728026534,0.13349717672509923,0.2199442976910577
tf=1|ema=34|vwap=roll35|trend=0|sides=long|stop_atr=4.0|target_atr=0.0|exit_cross=True|min_bars=7|max_bars=0|confirm=False|entry=cross|exit=close_vwap|regime=spy50|rs=0|dtrend=0,984,36.077235772357724,0.5539520683649476,545.0888352711085,1.3878221608329766,2.468218895273109,355,629,4.46803014905149,0.40858137792869326,1.930950922715159,962,38.565488565488565,0.35431862641593587,340.8545186121303,1.2540786982495409,1.868276228616134,371,591,4.213270963270964,0.19285990515260829,1.086021788337744
tf=1|ema=34|vwap=roll50|trend=0|sides=long|stop_atr=4.0|target_atr=0.0|exit_cross=True|min_bars=7|max_bars=0|confirm=False|entry=cross_or_pb|exit=cross|regime=spy50|rs=20|dtrend=0,450,42.888888888888886,1.0878105650919383,489.51475429137224,1.5771622548416961,2.755906914454629,193,257,7.662222222222222,0.7223054876352165,1.9307920321553926,386,37.30569948186528,0.3614971140410213,139.53788601983425,1.1690403178422908,0.9209517789122313,144,242,7.18674438687392,0.2512002699216346,0.6685329000002777
tf=1|ema=34|vwap=roll50|trend=0|sides=long|stop_atr=0|target_atr=0.0|exit_cross=True|min_bars=7|max_bars=0|confirm=False|entry=cross|exit=cross|regime=|rs=0|dtrend=50,535,45.981308411214954,1.1675935427283781,624.6625453596823,1.5660804343316261,3.045809291203866,246,289,9.644470404984425,0.6922489771937824,1.9305037963917069,456,36.40350877192982,0.2826872185445206,128.90537165630138,1.1226559074959015,0.6927812940251019,166,290,8.475511695906434,0.1459690870810416,0.38007784731486216
tf=1|ema=21|vwap=roll50|trend=0|sides=long|stop_atr=4.0|target_atr=0.0|exit_cross=True|min_bars=0|max_bars=0|confirm=False|entry=cross_or_pb|exit=cross|regime=spy50|rs=20|dtrend=0,430,37.2093023255814,1.2378231708980545,532.2639634861634,1.6016102524995266,2.6825891462320874,160,270,8.580813953488372,0.835476887147027,1.9294332358540462,392,34.43877551020408,0.2694285701247478,105.61599948890112,1.1339621945799834,0.748109257363352,135,257,7.207164115646258,0.1935600690887727,0.5622998248065405
tf=1|ema=21|vwap=roll35|trend=0|sides=long|stop_atr=0|target_atr=0.0|exit_cross=True|min_bars=7|max_bars=0|confirm=False|entry=cross|exit=cross|regime=spy50|rs=20|dtrend=50,485,41.03092783505155,0.9648293655125438,467.9422422735838,1.5221473395224483,2.456457266691192,199,286,6.862027491408935,0.7153849039245518,1.9294316962097295,391,41.43222506393862,0.8140370663819159,318.2884929553291,1.442071380251131,2.1350905628179735,162,229,6.579816709292413,0.6778515720488727,1.8760596049754095
tf=1|ema=34|vwap=roll35|trend=0|sides=long|stop_atr=4.0|target_atr=0.0|exit_cross=True|min_bars=0|max_bars=0|confirm=False|entry=cross_or_pb|exit=cross|regime=|rs=20|dtrend=50,878,46.12756264236902,0.39635498742830794,347.9996789620544,1.3319978103842753,2.483216487100048,405,473,3.079062262718299,0.28315981742280355,1.928338607112458,675,42.96296296296296,0.29969684813783576,202.29537249303914,1.2145580736008879,1.669510292614268,290,385,3.1934567901234563,0.15633618378646016,0.9258105220568561
tf=1|ema=13|vwap=week|trend=0|sides=long|stop_atr=4.0|target_atr=0.0|exit_cross=True|min_bars=0|max_bars=0|confirm=False|entry=cross_or_pb|exit=cross|regime=spyvw|rs=0|dtrend=50,959,48.59228362877998,0.6204039041753506,594.9673441041612,1.4889802354137667,3.700026504886497,466,493,3.537278415015641,0.30128110145755205,1.9276775128563164,779,43.51732991014121,0.06945097755689233,54.102311516819135,1.0502061047693414,0.4570924364082268,339,440,3.29204107830552,0.033055879178970154,0.23266616956532313
tf=1|ema=34|vwap=roll35|trend=0|sides=long|stop_atr=0|target_atr=0.0|exit_cross=True|min_bars=0|max_bars=0|confirm=False|entry=cross_or_pb|exit=close_vwap|regime=|rs=20|dtrend=0,803,34.62017434620174,0.6023339293641035,483.67414527937507,1.4934893872691846,2.565867737849133,278,525,4.047011207970112,0.41819071351095044,1.9271595963283221,640,33.59375,0.6164916822879615,394.55467666429536,1.4970282132320785,2.4205208768395496,215,425,3.78125,0.43338886971441015,1.8740646552895417
tf=1|ema=34|vwap=roll50|trend=0|sides=long|stop_atr=0|target_atr=0.0|exit_cross=True|min_bars=7|max_bars=0|confirm=False|entry=cross|exit=close_vwap|regime=spyvw|rs=20|dtrend=50,235,40.0,1.4325488916613447,336.64898954041604,1.8576736855005247,2.319884092123331,94,141,7.210106382978723,1.1429960869739408,1.92671553993811,215,38.13953488372093,0.9801135933242682,210.72442256471766,1.5520472732578674,1.4051240445298603,82,133,6.767248062015504,0.8376214658566062,1.3052838133877478
tf=1|ema=21|vwap=roll35|trend=0|sides=long|stop_atr=0|target_atr=0.0|exit_cross=True|min_bars=0|max_bars=0|confirm=False|entry=cross|exit=cross|regime=spy50|rs=20|dtrend=0,524,40.458015267175576,0.9102484125044262,476.9701681523194,1.5114439147409475,2.4895627745369078,212,312,6.509621501272265,0.6653049707564046,1.9259815584701316,449,39.86636971046771,0.6829172407453967,306.6298410946831,1.3869024652230706,2.1073470628165554,179,270,6.120824053452115,0.5366695139230284,1.7615798379225411
tf=1|ema=34|vwap=roll50|trend=0|sides=long|stop_atr=4.0|target_atr=0.0|exit_cross=True|min_bars=7|max_bars=0|confirm=False|entry=cross|exit=cross|regime=spy50|rs=20|dtrend=50,339,44.24778761061947,1.2875359741531542,436.47469523791926,1.6398904010511295,2.6262889258245985,150,189,8.502089478859391,0.8928024708403693,1.9233728930605163,289,38.062283737024224,0.5640099441662229,162.9988738640384,1.2475480883833543,1.1445043548545615,110,179,8.283881199538639,0.40976450417487054,0.8671986471438342
tf=1|ema=34|vwap=roll50|trend=0|sides=long|stop_atr=4.0|target_atr=0.0|exit_cross=True|min_bars=0|max_bars=0|confirm=False|entry=cross|exit=cross|regime=spy50|rs=20|dtrend=50,360,44.166666666666664,1.2079777111274188,434.87197600587075,1.631965478993831,2.631560614342241,159,201,7.8694444444444445,0.8366865996189025,1.9230771405034477,305,37.704918032786885,0.44994401836579667,137.23292560156798,1.2014797753936135,1.0030986426167035,115,190,7.749726775956285,0.31071341445528244,0.725198332717829
tf=1|ema=34|vwap=roll35|trend=0|sides=long|stop_atr=4.0|target_atr=0.0|exit_cross=True|min_bars=0|max_bars=0|confirm=False|entry=cross_or_pb|exit=cross|regime=spy50|rs=20|dtrend=50,801,45.3183520599251,0.39572657726123,316.97698838624524,1.3344822948098345,2.338111331279681,363,438,2.9791406575114445,0.30100149269869514,1.9226804930590877,614,43.811074918566774,0.41008719140741773,251.79353552415452,1.3012887565017428,2.136586247347718,269,345,3.224755700325733,0.2506814796370649,1.3867157396686918
tf=1|ema=21|vwap=roll35|trend=0|sides=long|stop_atr=0|target_atr=0.0|exit_cross=True|min_bars=0|max_bars=0|confirm=False|entry=cross_or_pb|exit=cross|regime=spy50|rs=20|dtrend=0,605,39.50413223140496,0.8151891349667848,493.1894266549048,1.4776261720387656,2.5033610883675967,239,366,6.089256198347107,0.5909187703030537,1.9221497033777422,518,39.189189189189186,0.5406899963408919,280.07741810458197,1.318616837602521,1.8900812088884742,203,315,5.779279279279279,0.38841029998047344,1.4451518842252629
tf=1|ema=21|vwap=roll35|trend=0|sides=long|stop_atr=0|target_atr=0.0|exit_cross=True|min_bars=0|max_bars=0|confirm=False|entry=cross_or_pb|exit=cross|regime=spyvw|rs=0|dtrend=50,686,39.21282798833819,0.7053400644315364,483.863284200034,1.4498097431928834,2.506800364787334,269,417,5.9912536443148685,0.5083434926824169,1.9219014468706432,516,36.627906976744185,-0.17531613375249197,-90.46312501628586,0.902999387841519,-0.7165011042007634,189,327,5.726501937984496,-0.3096194984257355,-1.3562717093521228
tf=1|ema=34|vwap=roll35|trend=0|sides=long|stop_atr=0|target_atr=0.0|exit_cross=True|min_bars=7|max_bars=0|confirm=False|entry=cross_or_pb|exit=close_vwap|regime=spy50|rs=0|dtrend=50,777,36.93693693693694,0.6058542484383924,470.74875103663095,1.4373023859200809,2.4105933519270746,287,490,4.8031424281424275,0.4498124901300157,1.920752890151436,623,36.2760834670947,0.3698865923086362,230.43934700828035,1.2488332866294152,1.4488436642030813,226,397,4.693218298555378,0.18231627024215202,0.7664868461820763
tf=1|ema=13|vwap=week|trend=0|sides=long|stop_atr=0|target_atr=0.0|exit_cross=True|min_bars=0|max_bars=0|confirm=False|entry=cross_or_pb|exit=cross|regime=spy50|rs=20|dtrend=0,970,47.01030927835052,0.46078577586557407,446.9622025896069,1.3248282403428961,2.6992593912164073,456,514,3.594802405498282,0.3053504965870174,1.9197103209163497,851,44.770857814336075,0.2576025783552739,219.21979418033808,1.1729421972538163,1.5411304880062588,381,470,3.314238151194673,0.20821557240657662,1.31969471500308
tf=1|ema=34|vwap=roll50|trend=0|sides=long|stop_atr=0|target_atr=0.0|exit_cross=True|min_bars=0|max_bars=0|confirm=False|entry=cross|exit=close_vwap|regime=spyvw|rs=0|dtrend=50,353,37.960339943342774,1.0699550248596394,377.6941237754527,1.744594137716966,2.5019259724974914,134,219,6.8237724268177535,0.7815170973827001,1.9165238620014267,319,34.79623824451411,0.5211738287374839,166.25445136725736,1.3671624389691739,1.223242510560584,111,208,5.911703239289446,0.3858706961140972,1.0007111003408593
tf=1|ema=34|vwap=roll35|trend=0|sides=long|stop_atr=4.0|target_atr=0.0|exit_cross=True|min_bars=0|max_bars=0|confirm=False|entry=cross_or_pb|exit=close_vwap|regime=|rs=20|dtrend=50,650,36.15384615384615,0.6884737515072048,447.50793847968316,1.561488376776037,2.5329403880409127,235,415,4.248397435897435,0.48796950423987356,1.9158030698103212,528,33.71212121212121,0.5852982956280564,309.0375000916137,1.4550785322615318,2.1206148228523682,178,350,4.023121843434343,0.45481141819642507,1.7536276519946716
tf=1|ema=34|vwap=roll35|trend=0|sides=long|stop_atr=0|target_atr=0.0|exit_cross=True|min_bars=0|max_bars=0|confirm=False|entry=cross_or_pb|exit=close_vwap|regime=spy50|rs=20|dtrend=50,588,34.69387755102041,0.6613590240951016,388.87910616791976,1.5255801856526414,2.237340247064688,204,384,4.221726190476191,0.5330243178401165,1.9134710918578886,473,34.6723044397463,0.6966696186961443,329.52472964327626,1.5455292861409542,2.3037934879328525,164,309,4.170102184637067,0.5444827534429496,1.9204806167942063
tf=1|ema=21|vwap=roll50|trend=0|sides=long|stop_atr=4.0|target_atr=0.0|exit_cross=True|min_bars=7|max_bars=0|confirm=False|entry=cross_or_pb|exit=cross|regime=|rs=20|dtrend=50,423,39.00709219858156,1.4024064938247613,593.217946887874,1.671805352029317,2.9500146826348566,165,258,9.239755713159967,0.8509800554378327,1.91317999366852,364,35.989010989010985,0.4635494967377401,168.73201681253738,1.212178722658024,0.9909991519594221,131,233,8.046130952380953,0.29896484935278395,0.6908774003873827
tf=1|ema=21|vwap=roll35|trend=0|sides=long|stop_atr=0|target_atr=0.0|exit_cross=True|min_bars=7|max_bars=0|confirm=False|entry=cross|exit=cross|regime=spy50|rs=20|dtrend=0,510,40.19607843137255,0.9189226594995423,468.6505563447666,1.4971832249654589,2.434336436367018,205,305,6.798774509803922,0.6821101548325804,1.9128344977208624,426,40.84507042253521,0.7516809700283135,320.21609323206155,1.409164322382641,2.0987336274678787,174,252,6.514084507042254,0.5875871807430318,1.7367114467047533
tf=1|ema=13|vwap=roll50|trend=0|sides=long|stop_atr=4.0|target_atr=0.0|exit_cross=True|min_bars=0|max_bars=0|confirm=False|entry=cross_or_pb|exit=close_vwap|regime=|rs=0|dtrend=50,756,31.084656084656086,0.6962965146825283,526.4001650999913,1.5293163023853087,2.638871929841463,235,521,5.13668430335097,0.47452697430862883,1.9107234632592518,597,28.30820770519263,0.030140036214203098,17.99360161987925,1.020178579360132,0.13322776206877854,169,428,4.869625907314349,0.005466089127264629,0.025211393838722073
tf=1|ema=34|vwap=roll35|trend=0|sides=long|stop_atr=0|target_atr=0.0|exit_cross=True|min_bars=0|max_bars=0|confirm=False|entry=cross_or_pb|exit=close_vwap|regime=spyvw|rs=20|dtrend=50,441,37.641723356009074,0.8678262926697106,382.7113950673424,1.701234579803819,2.454960429299141,166,275,4.535336356764928,0.6435880376398895,1.9102299791088908,355,34.647887323943664,0.4800130295798236,170.4046255008374,1.3734317760846426,1.6439504743409308,123,232,4.041784037558686,0.29320316161014226,1.0831860102992092
tf=1|ema=13|vwap=week|trend=0|sides=long|stop_atr=0|target_atr=0.0|exit_cross=True|min_bars=7|max_bars=0|confirm=False|entry=cross_or_pb|exit=close_vwap|regime=spy50|rs=0|dtrend=0,1623,39.49476278496611,0.34258620494833725,556.0174106311514,1.282613122329073,2.4288783121564186,641,982,2.8589032655576094,0.2506827181409108,1.90626922891299,1569,38.68706182281708,0.08718769518910593,136.7974937517072,1.0697900413900643,0.8095366248856145,607,962,2.7597461227958355,0.038224449934230506,0.38140920268891265
tf=1|ema=13|vwap=roll50|trend=0|sides=long|stop_atr=0|target_atr=0.0|exit_cross=True|min_bars=0|max_bars=0|confirm=False|entry=cross_or_pb|exit=close_vwap|regime=|rs=0|dtrend=50,756,31.084656084656086,0.6802484658293309,514.2678401669741,1.5108842171109857,2.573120319577535,235,521,5.139219576719577,0.4736526186909831,1.9054616064925753,597,28.30820770519263,0.03656965049536661,21.83208134573387,1.0245890144262015,0.16154439278472676,169,428,4.872208263539921,0.019605712116037614,0.09052698031298982
tf=1|ema=13|vwap=week|trend=0|sides=long|stop_atr=4.0|target_atr=0.0|exit_cross=True|min_bars=7|max_bars=0|confirm=False|entry=cross|exit=close_vwap|regime=spyvw|rs=0|dtrend=50,763,45.21625163826999,0.6811527064770225,519.7195150419682,1.5725161300565151,2.9679418236155595,345,418,3.171581476627348,0.4070695560010434,1.9050804464550968,623,40.6099518459069,-0.026247574867583483,-16.35223914250451,0.9799960516003786,-0.16512089926243415,253,370,3.0620652755484215,-0.08377422686140987,-0.5684100338035865
tf=1|ema=13|vwap=week|trend=0|sides=long|stop_atr=4.0|target_atr=0.0|exit_cross=True|min_bars=0|max_bars=0|confirm=False|entry=cross|exit=close_vwap|regime=spy50|rs=20|dtrend=50,814,37.34643734643735,0.3984589662201476,324.34559850320016,1.384232464396064,2.4247587308581755,304,510,2.4959049959049957,0.29358581909878284,1.9018065740068193,695,39.280575539568346,0.17880982254674854,124.27282666999022,1.163680788156023,1.2194670337107776,273,422,2.4130695443645083,0.09608344267797111,0.6929433508623178
tf=1|ema=34|vwap=week|trend=0|sides=long|stop_atr=4.0|target_atr=0.0|exit_cross=True|min_bars=7|max_bars=0|confirm=False|entry=cross_or_pb|exit=cross|regime=spyvw|rs=0|dtrend=50,497,55.93561368209256,0.6808368085737745,338.3758938611659,1.5262458075765628,3.1254912574843754,278,219,3.802481556002683,0.370786276067501,1.9016235975178815,364,54.94505494505494,0.42797717562668275,155.78369192811255,1.3015662057606614,1.6746978098005105,200,164,3.734775641025641,0.21176255856449727,0.8894803799194942
tf=1|ema=34|vwap=roll50|trend=0|sides=long|stop_atr=0|target_atr=0.0|exit_cross=True|min_bars=0|max_bars=0|confirm=False|entry=cross_or_pb|exit=close_vwap|regime=spyvw|rs=0|dtrend=50,522,32.758620689655174,0.770077460449378,401.9804343545753,1.6243963833151298,2.4758055463586826,171,351,5.382662835249042,0.5613163007078824,1.8994921195725025,456,29.605263157894736,0.10763648540815852,49.08223734612028,1.0805593178218011,0.3538458094996422,135,321,4.781615497076024,0.03734685798577709,0.13513843594639444
tf=1|ema=21|vwap=week|trend=0|sides=long|stop_atr=0|target_atr=0.0|exit_cross=True|min_bars=0|max_bars=0|confirm=False|entry=cross_or_pb|exit=close_vwap|regime=spy50|rs=20|dtrend=0,870,39.195402298850574,0.34858770284646295,303.27130147642276,1.3927589840433676,2.5897053827228182,341,529,2.3256226053639844,0.24125601352767168,1.8989230879278534,785,39.49044585987261,0.32725217391901695,256.8929565264283,1.3584057947416435,2.3562198517074826,310,475,2.2118895966029726,0.26592928715637953,2.060554937781207
tf=1|ema=13|vwap=week|trend=0|sides=long|stop_atr=4.0|target_atr=0.0|exit_cross=True|min_bars=7|max_bars=0|confirm=False|entry=cross_or_pb|exit=cross|regime=|rs=20|dtrend=50,987,48.73353596757852,0.551553283159815,544.3830904787374,1.373806740478786,3.1596567082117297,481,506,3.781872678149274,0.30660440439311754,1.898822547237456,788,45.558375634517766,0.3155721122890307,248.67082448375618,1.1935199681838797,1.7279386238810872,359,429,3.5653553299492384,0.23916356413537987,1.3991628451121294
tf=1|ema=34|vwap=roll35|trend=0|sides=long|stop_atr=4.0|target_atr=0.0|exit_cross=True|min_bars=0|max_bars=0|confirm=False|entry=cross_or_pb|exit=close_vwap|regime=spyvw|rs=0|dtrend=50,618,37.055016181229774,0.6866275487197117,424.33582510878176,1.5746071636270143,2.5379086666832578,229,389,4.335760517799352,0.485433419798562,1.898154747050964,509,32.61296660117878,0.2994782636827988,152.4344362145446,1.2600449236530376,1.3674961155447871,166,343,3.677308447937131,0.14360355330420083,0.711178436221547
tf=1|ema=34|vwap=roll35|trend=0|sides=long|stop_atr=0|target_atr=0.0|exit_cross=True|min_bars=0|max_bars=0|confirm=False|entry=cross_or_pb|exit=close_vwap|regime=spyvw|rs=20|dtrend=0,552,35.68840579710145,0.7202688764843096,397.58841981933887,1.5809434845042947,2.4264011473875224,197,355,4.288194444444444,0.526028857024831,1.897468649864538,430,35.116279069767444,0.603817165181805,259.6413810281761,1.488899969470638,2.120558521158678,151,279,3.8733527131782948,0.3489631898640164,1.378399006756097
tf=1|ema=34|vwap=roll50|trend=0|sides=long|stop_atr=0|target_atr=0.0|exit_cross=True|min_bars=7|max_bars=0|confirm=False|entry=cross_or_pb|exit=cross|regime=|rs=0|dtrend=50,590,45.932203389830505,1.094158612963391,645.5535816484007,1.550674207780289,3.0788535501594128,271,319,9.073446327683616,0.6320399450183476,1.897344310134439,487,36.139630390143736,0.34913964520780116,170.03100721619916,1.1542375412932768,0.8655299087891976,176,311,8.23913415468857,0.20011795584821312,0.5278783125432356
tf=1|ema=34|vwap=roll50|trend=0|sides=long|stop_atr=4.0|target_atr=0.0|exit_cross=True|min_bars=0|max_bars=0|confirm=False|entry=cross_or_pb|exit=cross|regime=spy50|rs=20|dtrend=0,475,42.31578947368421,1.002131385004513,476.0124078771437,1.5573897960120158,2.7234786058635034,201,274,7.1483333333333325,0.6621068423162578,1.8965000643429282,402,36.81592039800995,0.2788682532159227,112.10503779280091,1.1320683770605569,0.7644024908498591,148,254,6.779125207296849,0.17559849831860064,0.5043331593068449
tf=1|ema=21|vwap=roll35|trend=0|sides=long|stop_atr=4.0|target_atr=0.0|exit_cross=True|min_bars=0|max_bars=0|confirm=False|entry=cross_or_pb|exit=cross|regime=spyvw|rs=20|dtrend=0,607,38.220757825370676,0.8147361932033734,494.5448692744476,1.4620316128097608,2.4744225477005584,232,375,5.742243272926963,0.5795316876380541,1.894406289781709,441,36.507936507936506,0.29059362233344027,128.15178744904716,1.162263383491588,0.929682728993013,161,280,5.6372826908541205,0.028166128905142387,0.10125325010196037
tf=1|ema=34|vwap=roll50|trend=0|sides=long|stop_atr=4.0|target_atr=0.0|exit_cross=True|min_bars=7|max_bars=0|confirm=False|entry=cross_or_pb|exit=cross|regime=spyvw|rs=20|dtrend=50,350,42.57142857142857,1.1814977615678797,413.5242165487579,1.6700936973515694,2.5908668031335917,149,201,7.282619047619047,0.831036861304859,1.893814354429926,294,38.435374149659864,0.3722786223344288,109.44991496632208,1.177592967547895,0.7128930003333689,113,181,6.89484126984127,0.26473525644012236,0.5462682515108347
tf=1|ema=21|vwap=roll35|trend=0|sides=long|stop_atr=0|target_atr=0.0|exit_cross=True|min_bars=7|max_bars=0|confirm=False|entry=cross|exit=cross|regime=spyvw|rs=20|dtrend=50,367,39.509536784741144,1.0549285807818525,387.15878914693985,1.5625160959964262,2.2212051942735607,145,222,6.858878292461399,0.8542174287060871,1.8932438099103852,282,39.361702127659576,0.2618017665569873,73.82809816907042,1.1317393410193026,0.6588557816613566,111,171,6.6638593380614655,0.12553661513277087,0.33521234536447597
tf=1|ema=34|vwap=roll35|trend=0|sides=long|stop_atr=0|target_atr=0.0|exit_cross=True|min_bars=7|max_bars=0|confirm=False|entry=cross_or_pb|exit=cross|regime=spyvw|rs=0|dtrend=50,665,50.07518796992481,0.49134077367461093,326.7416144936162,1.3567842699649844,2.3002155402180424,333,332,4.165225563909774,0.37555694517116667,1.8927830274816653,528,47.15909090909091,0.3430574789388843,181.13434887973088,1.250212857612072,1.7272801780643732,249,279,4.366714015151516,0.06925546445845997,0.3708706258397897
tf=1|ema=34|vwap=roll35|trend=0|sides=long|stop_atr=0|target_atr=0.0|exit_cross=True|min_bars=0|max_bars=0|confirm=False|entry=cross|exit=cross|regime=spyvw|rs=0|dtrend=50,687,48.7627365356623,0.440086802443998,302.33963327902666,1.3602521830811152,2.2475417980340247,335,352,3.531174187287724,0.34626053644866644,1.8915987222367836,525,47.42857142857143,0.3615504208390325,189.81397094049206,1.2943540055490081,1.9651040372325599,249,276,3.7476984126984125,0.1400956903137012,0.8045322361886339
tf=1|ema=34|vwap=roll35|trend=0|sides=long|stop_atr=4.0|target_atr=0.0|exit_cross=True|min_bars=0|max_bars=0|confirm=False|entry=cross|exit=close_vwap|regime=|rs=0|dtrend=50,839,36.35280095351609,0.5641020230720473,473.28159735744765,1.4797261172203962,2.554279991883084,305,534,4.079807310290027,0.390067209513746,1.8912892758001436,639,35.0547730829421,0.4742713440228536,303.05938883060344,1.3889717001041717,2.0011352510926996,224,415,3.960419926969222,0.3261818599869834,1.4721991863164148
tf=1|ema=34|vwap=roll35|trend=0|sides=long|stop_atr=0|target_atr=0.0|exit_cross=True|min_bars=0|max_bars=0|confirm=False|entry=cross|exit=close_vwap|regime=spyvw|rs=0|dtrend=0,943,38.17603393425239,0.5401659294962369,509.37647151495133,1.4922348444630098,2.612868095248797,360,583,3.6676387416048075,0.3656338511026705,1.888013144395234,753,36.254980079681275,0.35478168864314047,267.15061154828476,1.3321421738707353,1.9259795274475284,273,480,3.206617972554227,0.18693566781668364,1.124053073063341
tf=1|ema=34|vwap=roll35|trend=0|sides=long|stop_atr=0|target_atr=0.0|exit_cross=True|min_bars=7|max_bars=0|confirm=False|entry=cross_or_pb|exit=close_vwap|regime=spyvw|rs=20|dtrend=50,423,39.952718676122934,0.9050626012325911,382.84148032138603,1.6344253579266812,2.4045897099023774,169,254,5.276201733648541,0.6735935738713996,1.8875013458399224,333,39.93993993993994,0.5702906164966665,189.90677529338993,1.3962188673340634,1.787129214512742,133,200,4.934934934934935,0.34790215565019017,1.1742098924174118
tf=1|ema=13|vwap=roll50|trend=0|sides=long|stop_atr=4.0|target_atr=0.0|exit_cross=True|min_bars=0|max_bars=0|confirm=False|entry=cross_or_pb|exit=close_vwap|regime=spy50|rs=0|dtrend=50,700,30.0,0.6439411349325884,450.7587944528119,1.5035128664753277,2.3655920490996554,210,490,4.956071428571429,0.48710875983804036,1.8874907082277959,552,28.804347826086957,0.0688378013054001,37.99846632058086,1.0472117249658066,0.29112145002426965,159,393,4.874396135265701,0.043336345415543084,0.19251052205631922
tf=1|ema=21|vwap=roll50|trend=0|sides=long|stop_atr=0|target_atr=0.0|exit_cross=True|min_bars=7|max_bars=0|confirm=False|entry=cross_or_pb|exit=cross|regime=|rs=0|dtrend=50,561,39.928698752228165,1.1273443115105424,632.4401587574142,1.5352499322250468,2.8336984494885806,224,337,9.873217468805704,0.6990691304293662,1.8873013222887274,474,35.86497890295359,0.4451588976877816,211.00531750400847,1.207058252829903,1.0917510128024808,170,304,8.420886075949367,0.31904955903485716,0.8384758888013151
tf=1|ema=13|vwap=week|trend=0|sides=long|stop_atr=0|target_atr=0.0|exit_cross=True|min_bars=0|max_bars=0|confirm=False|entry=cross|exit=close_vwap|regime=spy50|rs=20|dtrend=50,814,37.46928746928747,0.39262383200947204,319.59579925571023,1.3762739563259851,2.378326669513872,305,509,2.5013820638820636,0.2921722737446288,1.8856357247683895,695,39.42446043165467,0.22805899522211798,158.501001679372,1.2132605290324432,1.5401616532153137,274,421,2.4279976019184653,0.15000823634753796,1.0713871419104717
tf=1|ema=13|vwap=week|trend=0|sides=long|stop_atr=0|target_atr=0.0|exit_cross=True|min_bars=0|max_bars=0|confirm=False|entry=cross|exit=cross|regime=|rs=0|dtrend=50,1370,47.518248175182485,0.45960334839336714,629.6565872989129,1.3562052911502789,3.33997707424032,651,719,3.545498783454988,0.2410063579133796,1.885626714650615,1118,43.38103756708408,0.0913473799192244,102.12637074969288,1.0632988734327258,0.6693914963902913,485,633,3.320140131186643,0.049203707632259175,0.3839349942488383
tf=1|ema=21|vwap=week|trend=0|sides=long|stop_atr=4.0|target_atr=0.0|exit_cross=True|min_bars=0|max_bars=0|confirm=False|entry=cross_or_pb|exit=close_vwap|regime=spy50|rs=0|dtrend=0,1631,36.35806253832005,0.20789662025584654,339.0793876372857,1.2698365986474953,2.453876649100025,593,1038,1.9032035561005518,0.15034413355363843,1.8843726437213422,1623,35.428219346888476,0.18304172119281392,297.076713495937,1.228350321699748,2.123222732163568,575,1048,1.7861727254056274,0.12123166313140843,1.5245403449897112
tf=1|ema=13|vwap=week|trend=0|sides=long|stop_atr=0|target_atr=0.0|exit_cross=True|min_bars=7|max_bars=0|confirm=False|entry=cross|exit=close_vwap|regime=spyvw|rs=0|dtrend=50,762,45.275590551181104,0.6729199362303048,512.7649914074923,1.5607800606283861,2.901277090293132,345,417,3.205107174103237,0.40668939307173413,1.8837236487450015,621,40.74074074074074,-0.0631274479074536,-39.202145150528686,0.9530037609787503,-0.3923553683229808,253,368,3.092995169082126,-0.09856591813948898,-0.6630643350992816
tf=1|ema=21|vwap=week|trend=0|sides=long|stop_atr=4.0|target_atr=0.0|exit_cross=True|min_bars=7|max_bars=0|confirm=False|entry=cross|exit=cross|regime=spy50|rs=0|dtrend=50,979,50.66394279877426,0.44048871397973755,431.2384509861631,1.3497599325397538,3.018533117804027,496,483,3.685478379298604,0.253357192621807,1.8835936010926548,845,48.40236686390533,0.25890206122485376,218.77224173500142,1.174571491414643,1.5762880769985634,409,436,3.582297830374754,0.1862460552745862,1.2053046965275043
tf=1|ema=13|vwap=roll50|trend=0|sides=long|stop_atr=0|target_atr=0.0|exit_cross=True|min_bars=7|max_bars=0|confirm=False|entry=cross_or_pb|exit=close_vwap|regime=|rs=0|dtrend=50,691,35.60057887120116,0.7864601473350367,543.4439618085104,1.5180079269063187,2.6695991417794582,246,445,6.187168355041004,0.519264501302297,1.882548025398937,564,32.09219858156028,0.06116080264078522,34.49469268940286,1.0369773011080194,0.2470826156066789,181,383,5.6120715130023635,0.04045862135602516,0.17058941169750852
tf=1|ema=34|vwap=roll50|trend=0|sides=long|stop_atr=0|target_atr=0.0|exit_cross=True|min_bars=0|max_bars=0|confirm=False|entry=cross|exit=cross|regime=spy50|rs=20|dtrend=0,384,45.052083333333336,1.188038235018274,456.2066822470173,1.5845223880884602,2.5597958770281206,173,211,8.381293402777779,0.8267182112903723,1.8824775117978287,330,37.27272727272727,0.277737198383822,91.65327546666126,1.1194561182571097,0.6481046278124968,123,207,8.036363636363637,0.18559209608936897,0.4554395944431284
tf=1|ema=34|vwap=week|trend=0|sides=long|stop_atr=0|target_atr=0.0|exit_cross=True|min_bars=7|max_bars=0|confirm=False|entry=cross|exit=close_vwap|regime=spyvw|rs=20|dtrend=50,314,48.72611464968153,0.7862613386679441,246.88606034173444,1.8082535485928246,2.6118458258343096,153,161,3.0952760084925686,0.5053606922909812,1.8819924470959053,216,44.907407407407405,0.173870004799554,37.555921036703666,1.163199117512327,0.718775669168134,97,119,2.701388888888889,0.011079367633065504,0.05256273916997071
tf=1|ema=34|vwap=week|trend=0|sides=long|stop_atr=4.0|target_atr=0.0|exit_cross=True|min_bars=0|max_bars=0|confirm=False|entry=cross|exit=cross|regime=|rs=0|dtrend=50,855,54.15204678362573,0.4640138332541532,396.731827432301,1.4057259314431954,3.1785254982353943,463,392,3.365545808966862,0.248927804949992,1.8815827432401804,647,51.62287480680062,0.13728433348752528,88.82296376642886,1.0981983416516785,0.7843030275184961,334,313,3.2525115919629055,0.05737142830992226,0.3511974487675742
tf=1|ema=34|vwap=roll50|trend=0|sides=long|stop_atr=4.0|target_atr=0.0|exit_cross=True|min_bars=7|max_bars=0|confirm=False|entry=cross|exit=cross|regime=|rs=20|dtrend=50,377,44.827586206896555,1.3494273086602695,508.7340953649216,1.6820637166130188,2.9772826680767457,169,208,8.746021220159152,0.8041943730921087,1.8813817688252277,325,38.15384615384615,0.666884803959439,216.73756128681768,1.2899263588650318,1.2787497820541787,124,201,8.23474358974359,0.43168956347087023,0.8847427009246056
tf=1|ema=21|vwap=roll35|trend=0|sides=long|stop_atr=4.0|target_atr=0.0|exit_cross=True|min_bars=7|max_bars=0|confirm=False|entry=cross_or_pb|exit=cross|regime=spy50|rs=20|dtrend=50,560,40.0,0.8704594951718093,487.45731729621315,1.495877280090339,2.533427561327389,224,336,6.261830357142857,0.6102349530445302,1.8805094544359027,451,40.133037694013304,0.642579906745388,289.80353794216995,1.3598976708432367,1.922707026526553,181,270,6.094512195121951,0.45623986257695215,1.435443898141583
tf=1|ema=34|vwap=roll50|trend=0|sides=long|stop_atr=4.0|target_atr=0.0|exit_cross=True|min_bars=7|max_bars=0|confirm=False|entry=cross|exit=close_vwap|regime=spyvw|rs=20|dtrend=50,235,40.0,1.4290654456553542,335.83037972900826,1.853807467458936,2.3161148235663642,94,141,7.151241134751773,1.1159893531246028,1.8793713755853432,215,38.13953488372093,0.987249311941039,212.25860206732338,1.5583104049455805,1.417881485582607,82,133,6.760271317829458,0.8216821415977993,1.2802582913166318
tf=1|ema=34|vwap=week|trend=0|sides=long|stop_atr=4.0|target_atr=0.0|exit_cross=True|min_bars=7|max_bars=0|confirm=False|entry=cross|exit=close_vwap|regime=spyvw|rs=0|dtrend=50,425,47.294117647058826,0.7313881717362698,310.8399729879147,1.7578501736637884,2.670258573170339,201,224,3.0076470588235296,0.4654513299530051,1.876662012614619,316,41.77215189873418,0.06701120321475165,21.17554021586152,1.06547507520481,0.35260771696177223,132,184,2.5453586497890295,-0.04087934034647224,-0.24483142016757445
tf=1|ema=34|vwap=roll35|trend=0|sides=long|stop_atr=4.0|target_atr=0.0|exit_cross=True|min_bars=0|max_bars=0|confirm=False|entry=cross_or_pb|exit=close_vwap|regime=|rs=0|dtrend=50,920,35.54347826086956,0.5277100319348452,485.4932293800576,1.464994625339435,2.59521482433085,327,593,3.953759057971014,0.3555769969081493,1.8761722111342667,739,32.070365358592696,0.33123709161997755,244.78421070716342,1.2792370131413071,1.6024221233647453,237,502,3.645072169598557,0.21586083710306392,1.1170232962459303
tf=1|ema=21|vwap=week|trend=0|sides=long|stop_atr=0|target_atr=0.0|exit_cross=True|min_bars=0|max_bars=0|confirm=False|entry=cross|exit=close_vwap|regime=|rs=20|dtrend=50,801,42.57178526841448,0.4020027623315603,322.0042126275798,1.4584799780045006,2.8325829241020863,341,460,2.439034540158136,0.2517650721218546,1.8758919474115585,634,42.11356466876972,0.3895518578398648,246.9758778704743,1.414100377085256,2.5678467344732456,267,367,2.3949132492113563,0.31162515079933595,2.2110379099018735
tf=1|ema=13|vwap=roll50|trend=0|sides=long|stop_atr=4.0|target_atr=0.0|exit_cross=True|min_bars=7|max_bars=0|confirm=False|entry=cross|exit=close_vwap|regime=spy50|rs=20|dtrend=50,311,36.01286173633441,1.2903943293172746,401.3126364176724,1.737366819308447,2.3029777143213668,112,199,6.460342979635585,1.0058942618595825,1.874242917272271,282,35.46099290780142,0.46484555752999335,131.08644722345812,1.2548416304709489,1.1021480268518984,100,182,6.484190307328605,0.438173193894772,1.074926112408978
tf=1|ema=21|vwap=roll35|trend=0|sides=long|stop_atr=4.0|target_atr=0.0|exit_cross=True|min_bars=7|max_bars=0|confirm=False|entry=cross_or_pb|exit=cross|regime=spyvw|rs=20|dtrend=50,494,38.663967611336034,0.8841726034322164,436.7812660955149,1.5012614230025834,2.347773199640032,191,303,5.9074730094466945,0.668151491676291,1.871553405038489,369,37.669376693766935,0.05805067611022671,21.420699484673655,1.0308071131814358,0.18422679329401664,139,230,5.895551038843721,-0.10874888248950057,-0.36610403626674626
tf=1|ema=34|vwap=roll50|trend=0|sides=long|stop_atr=4.0|target_atr=0.0|exit_cross=True|min_bars=0|max_bars=0|confirm=False|entry=cross|exit=close_vwap|regime=spyvw|rs=0|dtrend=50,353,37.960339943342774,1.0712912768596339,378.16582073145076,1.746217969027293,2.507169059089053,134,219,6.797804532577904,0.7638111549260408,1.8711586901867752,319,34.48275862068966,0.5115291612970242,163.17780245375073,1.3589821533611273,1.2015140016174424,110,209,5.848876698014629,0.37588934860557416,0.9751926167177024
tf=1|ema=34|vwap=week|trend=0|sides=long|stop_atr=4.0|target_atr=0.0|exit_cross=True|min_bars=0|max_bars=0|confirm=False|entry=cross_or_pb|exit=close_vwap|regime=|rs=20|dtrend=50,664,43.0722891566265,0.3693529766898392,245.2503765220532,1.582528167258297,2.699628060946679,286,378,1.7847640562248994,0.23663467778525069,1.8707729703554847,504,36.904761904761905,0.12215577309091866,61.566509637822996,1.1742417948195145,0.9147159820206807,186,318,1.7055224867724867,0.06607518072119845,0.5343530375747035
tf=1|ema=21|vwap=roll50|trend=0|sides=long|stop_atr=4.0|target_atr=0.0|exit_cross=True|min_bars=0|max_bars=0|confirm=False|entry=cross|exit=cross|regime=spyvw|rs=20|dtrend=50,221,37.55656108597285,1.6679861482675802,368.62493876713523,1.7738023923754513,2.2323833085194247,83,138,9.532051282051283,1.33158179125006,1.8695127377228626,212,32.54716981132076,0.19809060102757495,41.99520741784589,1.0900113687858575,0.31106799662700046,69,143,8.102790880503145,0.09514085976195294,0.16546465760713167
tf=1|ema=34|vwap=roll35|trend=0|sides=long|stop_atr=0|target_atr=0.0|exit_cross=True|min_bars=7|max_bars=0|confirm=False|entry=cross|exit=close_vwap|regime=spyvw|rs=0|dtrend=50,512,40.4296875,0.8010399487374057,410.1324537535517,1.5969826251677517,2.5209676154303406,207,305,5.338623046875,0.5591848778030087,1.8664662357743669,387,39.01808785529716,0.47688891272387485,184.5560092241396,1.3446711831856395,1.7483120732378614,151,236,4.999246339362618,0.23899785782872832,0.9483819321296827
tf=1|ema=13|vwap=roll50|trend=0|sides=long|stop_atr=0|target_atr=0.0|exit_cross=True|min_bars=0|max_bars=0|confirm=False|entry=cross_or_pb|exit=close_vwap|regime=spy50|rs=0|dtrend=50,700,30.0,0.6214115384100305,434.98807688702135,1.4774848628650898,2.2768787517132885,210,490,4.958511904761904,0.4817833792137632,1.8646586503711566,552,28.804347826086957,0.0755917437487464,41.72664254930801,1.0520851143086583,0.31945317228036185,159,393,4.8771135265700485,0.05740000064935527,0.25521464500615565
tf=1|ema=34|vwap=roll35|trend=0|sides=long|stop_atr=0|target_atr=0.0|exit_cross=True|min_bars=0|max_bars=0|confirm=False|entry=cross|exit=cross|regime=|rs=0|dtrend=50,1138,46.30931458699473,0.34538491312594716,393.0480311373279,1.275889431093893,2.3701727147161487,527,611,3.5573374340949035,0.24659809076294711,1.8629209934100541,849,43.81625441696113,0.21743134631196934,184.59921301886197,1.1586605238526775,1.366200692881771,372,477,3.7480859835100118,0.04569637656139679,0.30289679138438935
tf=1|ema=34|vwap=roll35|trend=0|sides=long|stop_atr=0|target_atr=0.0|exit_cross=True|min_bars=7|max_bars=0|confirm=False|entry=cross_or_pb|exit=close_vwap|regime=|rs=0|dtrend=50,854,37.93911007025761,0.6175408550809822,527.3798902391588,1.4541999393881484,2.646376951466501,324,530,4.8583138173302105,0.40275109055434855,1.8623373051251073,676,35.946745562130175,0.3145821989522177,212.65756649169916,1.2098458216845696,1.3110001840617942,243,433,4.626849112426036,0.15203836894279654,0.6791055093161686
tf=1|ema=21|vwap=roll50|trend=0|sides=long|stop_atr=0|target_atr=0.0|exit_cross=True|min_bars=0|max_bars=0|confirm=False|entry=cross|exit=close_vwap|regime=spy50|rs=0|dtrend=0,606,32.67326732673267,0.7994788796568487,484.4842010720503,1.4831166576106898,2.3045868544613906,198,408,5.96775302530253,0.6215994464724062,1.8621391022104472,607,32.45469522240527,0.1351327172710238,82.02555938351145,1.0844894471408477,0.5827134776346743,197,410,5.860928061504668,0.05167516479300918,0.23313441830553108
tf=1|ema=34|vwap=roll35|trend=0|sides=long|stop_atr=4.0|target_atr=0.0|exit_cross=True|min_bars=7|max_bars=0|confirm=False|entry=cross|exit=close_vwap|regime=|rs=0|dtrend=50,805,37.515527950310556,0.6420725153780774,516.8683748793522,1.4638731393744746,2.6469976198441683,302,503,4.896790890269151,0.41933616506418775,1.8619017016665382,613,37.03099510603589,0.45780481274092166,280.63435021018495,1.3085730668103792,1.7639646487293161,227,386,4.802678085916258,0.2492487191485064,1.0258328219088495
tf=1|ema=13|vwap=roll50|trend=0|sides=long|stop_atr=0|target_atr=0.0|exit_cross=True|min_bars=7|max_bars=0|confirm=False|entry=cross|exit=close_vwap|regime=spy50|rs=20|dtrend=50,311,36.01286173633441,1.243681036260444,386.7848022769981,1.6921965748716015,2.2128445182000447,112,199,6.483520900321543,0.9996387172219118,1.8614695537750614,282,35.46099290780142,0.4735147920085239,133.53117134640377,1.2608340244613416,1.1241398805944982,100,182,6.497635933806147,0.4635233620602577,1.1419485405027892
tf=1|ema=34|vwap=week|trend=0|sides=long|stop_atr=0|target_atr=0.0|exit_cross=True|min_bars=7|max_bars=0|confirm=False|entry=cross_or_pb|exit=close_vwap|regime=spyvw|rs=0|dtrend=50,496,48.38709677419355,0.6931143309731871,343.7847081627008,1.6890442748459522,2.803553366251583,240,256,3.098202284946237,0.4152865900666792,1.8587681890300762,377,42.44031830238727,0.338052118312907,127.44564860396595,1.3537042259529066,1.6245752969486518,160,217,2.6248894783377543,0.20915926329213835,1.1190185325773458
tf=1|ema=34|vwap=roll50|trend=0|sides=long|stop_atr=0|target_atr=0.0|exit_cross=True|min_bars=7|max_bars=0|confirm=False|entry=cross|exit=cross|regime=spy50|rs=20|dtrend=0,362,44.751381215469614,1.25410795350248,453.9870791678977,1.5812716912182814,2.5068289631064458,162,200,8.970994475138122,0.8787584722313911,1.8585536447457278,314,37.261146496815286,0.34884862264423294,109.53846751028915,1.1453258465736502,0.7441024382532803,117,197,8.555069002123144,0.2570159191378773,0.5749509676239724
tf=1|ema=21|vwap=roll50|trend=0|sides=long|stop_atr=0|target_atr=0.0|exit_cross=True|min_bars=7|max_bars=0|confirm=False|entry=cross|exit=cross|regime=spy50|rs=0|dtrend=50,443,39.27765237020316,1.0922894557373346,483.8842288916393,1.5081529368399529,2.394033915834579,174,269,10.260158013544018,0.7924971128930117,1.8569215411598692,384,36.458333333333336,0.21345620822450084,81.96718395820832,1.0988693731257022,0.5697285026337595,140,244,8.908203125,0.16158925440199073,0.44929198067518006
tf=1|ema=21|vwap=week|trend=0|sides=long|stop_atr=4.0|target_atr=0.0|exit_cross=True|min_bars=0|max_bars=0|confirm=False|entry=cross_or_pb|exit=close_vwap|regime=spy50|rs=20|dtrend=0,874,39.130434782608695,0.34146799803337197,298.4430302811671,1.382690190629993,2.551043270974643,342,532,2.3077326468344777,0.23459505166042294,1.8564004570545176,785,39.49044585987261,0.33078793859700467,259.6685317986487,1.3636864810620681,2.387048074270612,310,475,2.2100849256900212,0.26203416258066864,2.030311086178491
tf=1|ema=13|vwap=week|trend=0|sides=long|stop_atr=4.0|target_atr=0.0|exit_cross=True|min_bars=0|max_bars=0|confirm=False|entry=cross_or_pb|exit=cross|regime=|rs=20|dtrend=0,1308,46.71253822629969,0.5073605903595794,663.6276521903299,1.3620722731762982,3.6008216944884186,611,697,3.4296317533129463,0.23386991216314038,1.8535380075985042,1009,43.50842418235877,0.22876995005440762,230.82887960489725,1.1535173503316913,1.5468482885471357,439,570,3.0867608192930294,0.1390145387698568,1.0101684278189675
tf=1|ema=21|vwap=roll50|trend=0|sides=long|stop_atr=4.0|target_atr=0.0|exit_cross=True|min_bars=7|max_bars=0|confirm=False|entry=cross_or_pb|exit=cross|regime=spy50|rs=20|dtrend=50,392,38.01020408163265,1.3070209814942595,512.3522247457497,1.6256255793191627,2.635056607872037,149,243,9.003826530612244,0.8632750795509468,1.8529607461702398,334,36.82634730538922,0.3895133467171894,130.09745780354126,1.1898713068526274,0.9637681802945303,123,211,7.833458083832335,0.30925078763619973,0.8017394846901464
tf=1|ema=34|vwap=week|trend=0|sides=long|stop_atr=0|target_atr=0.0|exit_cross=True|min_bars=0|max_bars=0|confirm=False|entry=cross_or_pb|exit=close_vwap|regime=|rs=20|dtrend=50,662,42.90030211480362,0.3658945254089867,242.2221758207492,1.5773589357787825,2.664475523059764,284,378,1.7907225579053376,0.23522533258264353,1.852536511631481,504,36.904761904761905,0.12743696551112807,64.22823061760855,1.1831545465181246,0.9561413486783437,186,318,1.7068452380952381,0.07245097558610696,0.587317915500751
tf=1|ema=21|vwap=roll50|trend=0|sides=long|stop_atr=0|target_atr=0.0|exit_cross=True|min_bars=0|max_bars=0|confirm=False|entry=cross_or_pb|exit=cross|regime=|rs=0|dtrend=50,577,39.86135181975737,1.0664692302075653,615.3527458297652,1.5189510836693139,2.7800167038667105,230,347,9.495522819179664,0.6610948729582488,1.851358212407111,497,35.010060362173036,0.4036724870668615,200.62522607223013,1.1955506526164519,1.0422106041103982,174,323,7.967303822937626,0.28714044157325225,0.7937166938851254
tf=1|ema=34|vwap=roll50|trend=0|sides=long|stop_atr=4.0|target_atr=0.0|exit_cross=True|min_bars=7|max_bars=0|confirm=False|entry=cross|exit=cross|regime=spy50|rs=0|dtrend=50,481,43.65904365904366,1.036153907048728,498.3900292904382,1.5330902215960591,2.735210139205623,210,271,8.750259875259875,0.6577177894778699,1.8489681893729852,412,35.43689320388349,0.2545635480745556,104.88018180671692,1.1179866194890409,0.6760244088625821,146,266,8.088693365695793,0.14104815030395101,0.39141512222870867
tf=1|ema=21|vwap=roll35|trend=0|sides=long|stop_atr=0|target_atr=0.0|exit_cross=True|min_bars=7|max_bars=0|confirm=False|entry=cross_or_pb|exit=cross|regime=spy50|rs=0|dtrend=50,770,39.74025974025974,0.6517654865528995,501.8594246457326,1.3762755445131452,2.364340974352401,306,464,6.388582251082252,0.477570570348043,1.84891463601456,601,38.935108153078204,0.2649928783055582,159.26071986164047,1.1460130355147948,0.9790204394631498,234,367,6.2360648918469215,0.12331116448813703,0.4818448123580434
tf=1|ema=34|vwap=roll50|trend=0|sides=long|stop_atr=4.0|target_atr=0.0|exit_cross=True|min_bars=0|max_bars=0|confirm=False|entry=cross_or_pb|exit=close_vwap|regime=spyvw|rs=0|dtrend=50,525,32.57142857142857,0.7650224773563892,401.6368006121043,1.6235297975924565,2.4757116872620917,171,354,5.336428571428572,0.5434616013692145,1.8482054942516832,457,29.54048140043764,0.09335674431718333,42.66403215295278,1.0691997970553486,0.30760315835770524,135,322,4.768234865061999,0.01807462129974169,0.06554030833361872
tf=1|ema=34|vwap=roll35|trend=0|sides=long|stop_atr=4.0|target_atr=0.0|exit_cross=True|min_bars=7|max_bars=0|confirm=False|entry=cross_or_pb|exit=close_vwap|regime=spyvw|rs=0|dtrend=50,581,40.27538726333907,0.7662756201040286,445.20613528044066,1.5596306372404898,2.5874527756407724,234,347,5.17979059093517,0.5152647357857423,1.847874417906523,471,37.367303609341825,0.34037694176134237,160.31753956959224,1.2546057906579673,1.3983238718716724,176,295,4.588375796178344,0.14050731913208137,0.6245580327951692
tf=1|ema=34|vwap=roll50|trend=0|sides=long|stop_atr=4.0|target_atr=0.0|exit_cross=True|min_bars=7|max_bars=0|confirm=False|entry=cross|exit=close_vwap|regime=spyvw|rs=0|dtrend=50,345,39.710144927536234,1.0961392855242296,378.1680535058592,1.6990608100027995,2.4696793890411795,137,208,7.463164251207729,0.7806912290286381,1.846533550319229,316,35.44303797468354,0.5933792858122757,187.50785431667913,1.3668546764504212,1.2085773890259706,112,204,6.432753164556962,0.4386993026704862,0.9683108864821176
tf=1|ema=34|vwap=roll35|trend=0|sides=long|stop_atr=4.0|target_atr=0.0|exit_cross=True|min_bars=0|max_bars=0|confirm=False|entry=cross|exit=close_vwap|regime=|rs=20|dtrend=50,608,36.348684210526315,0.6909307673500044,420.0859065488027,1.5368995211420144,2.3838132493575834,221,387,4.362664473684211,0.5011321734379196,1.8424527768829266,463,36.7170626349892,0.7211628737858136,333.89841056283166,1.545034249652672,2.3126279247946235,170,293,4.324244060475162,0.5636902583976187,1.9244381393085104
tf=1|ema=34|vwap=roll35|trend=0|sides=long|stop_atr=0|target_atr=0.0|exit_cross=True|min_bars=0|max_bars=0|confirm=False|entry=cross|exit=close_vwap|regime=spy50|rs=20|dtrend=0,583,33.9622641509434,0.6341141591712743,369.68855479685294,1.4821030102392174,2.0927310274222615,198,385,4.269654088050314,0.5266085627947801,1.8423996719819091,467,37.25910064239829,0.7097713354399884,331.4632136504746,1.5527475534212833,2.3166229497420354,174,293,4.203515346181299,0.5362809352119784,1.8707147863126476
tf=1|ema=21|vwap=roll50|trend=0|sides=long|stop_atr=0|target_atr=0.0|exit_cross=True|min_bars=7|max_bars=0|confirm=False|entry=cross_or_pb|exit=close_vwap|regime=spyvw|rs=20|dtrend=50,362,37.29281767955801,1.0224549048522154,370.12867555650195,1.6728539302632521,2.1921249432053176,135,227,5.746201657458563,0.8202435573663819,1.8411725026142736,305,33.114754098360656,0.2877820451219306,87.77352376218884,1.1728668812939775,0.5842344419678765,101,204,5.4157103825136605,0.27774336572667946,0.609856207973942
tf=1|ema=34|vwap=roll50|trend=0|sides=long|stop_atr=0|target_atr=0.0|exit_cross=True|min_bars=7|max_bars=0|confirm=False|entry=cross_or_pb|exit=close_vwap|regime=spyvw|rs=20|dtrend=50,355,38.028169014084504,1.026629648574003,364.453525243771,1.6822266179092098,2.306428065695546,135,220,6.019953051643192,0.781891065664369,1.8402326062424903,305,35.73770491803279,0.47928290258901185,146.1812852896486,1.285709957257852,0.9534849239832743,109,196,5.704508196721312,0.4222429649065579,0.9095919428422532
tf=1|ema=34|vwap=week|trend=0|sides=long|stop_atr=4.0|target_atr=0.0|exit_cross=True|min_bars=7|max_bars=0|confirm=False|entry=cross|exit=close_vwap|regime=spyvw|rs=20|dtrend=50,315,48.57142857142857,0.7649121597565544,240.94733032331465,1.7737676643432485,2.5461040267816766,153,162,3.0350529100529102,0.49093765326787103,1.839184678469122,217,44.70046082949309,0.1402180814014016,30.427323664104144,1.128249016243803,0.577929049161285,97,120,2.6804915514592937,-0.02540398352683241,-0.11972346194941312
tf=1|ema=34|vwap=week|trend=0|sides=long|stop_atr=0|target_atr=0.0|exit_cross=True|min_bars=0|max_bars=0|confirm=False|entry=cross|exit=close_vwap|regime=spy50|rs=20|dtrend=0,538,41.82156133828996,0.3336911748548656,179.52585207191768,1.5463993304656671,2.3575285147198195,225,313,1.7887236679058238,0.24436210804926212,1.8390346218022127,419,39.37947494033413,0.12696833282957748,53.19973145559297,1.2079304619656863,1.1399368213762824,165,254,1.6664677804295942,0.08067951440265844,0.771379755909383
tf=1|ema=34|vwap=roll35|trend=0|sides=long|stop_atr=4.0|target_atr=0.0|exit_cross=True|min_bars=0|max_bars=0|confirm=False|entry=cross|exit=close_vwap|regime=spy50|rs=0|dtrend=50,766,34.595300261096604,0.5180791748009507,396.84864789752817,1.4269860749237786,2.1769538073626102,265,501,4.0354656222802445,0.4104007484014624,1.8379317729261384,591,35.53299492385787,0.5279073043921589,311.9932168957659,1.4314020035752975,2.089372795331843,210,381,4.058516638465877,0.3587144699260274,1.5213737004781656
tf=1|ema=21|vwap=roll50|trend=0|sides=long|stop_atr=4.0|target_atr=0.0|exit_cross=True|min_bars=0|max_bars=0|confirm=False|entry=cross|exit=close_vwap|regime=spy50|rs=0|dtrend=0,606,32.508250825082506,0.8072328259195839,489.1830925072679,1.4917086050751818,2.3329562566693616,197,409,5.939425192519252,0.6123725810470235,1.8376775067308304,607,32.45469522240527,0.13685303750194663,83.06979376368162,1.0856571812464046,0.59279693378318,197,410,5.834980779791324,0.04388979000901933,0.1985288904252171
tf=1|ema=21|vwap=roll35|trend=0|sides=long|stop_atr=0|target_atr=0.0|exit_cross=True|min_bars=0|max_bars=0|confirm=False|entry=cross|exit=cross|regime=|rs=20|dtrend=50,555,40.9009009009009,0.9099317981637273,505.0121479808686,1.493677089654267,2.555654214217756,227,328,6.663138138138138,0.610968077124542,1.8376563612837125,464,39.224137931034484,0.5186742186210115,240.66483744014934,1.272446101761014,1.616638651864225,182,282,6.127514367816092,0.37965018231412395,1.248343931323336
tf=1|ema=34|vwap=roll35|trend=0|sides=long|stop_atr=0|target_atr=0.0|exit_cross=True|min_bars=7|max_bars=0|confirm=False|entry=cross_or_pb|exit=close_vwap|regime=spyvw|rs=20|dtrend=0,523,39.005736137667306,0.7626048603711173,398.8423419740943,1.5128169725689686,2.339400021382736,204,319,5.1496972594008925,0.5505251887898511,1.8375216595028272,399,38.847117794486216,0.7654233517600995,305.4039173522797,1.5401833877768873,2.3980915148646416,155,244,4.907685881370091,0.4712413718707011,1.6549178116226686
tf=1|ema=34|vwap=week|trend=0|sides=long|stop_atr=4.0|target_atr=0.0|exit_cross=True|min_bars=0|max_bars=0|confirm=False|entry=cross_or_pb|exit=cross|regime=spyvw|rs=0|dtrend=50,523,55.25812619502868,0.6039594522613282,315.87079353267467,1.5198558568837672,3.0645825355727254,289,234,3.4111695347355,0.32222994238264113,1.8365132342171686,383,54.83028720626632,0.3722596880062495,142.57546050639354,1.2824929894608428,1.5652084333602463,210,173,3.3632506527415145,0.2083636760936028,0.9408606037193896
tf=1|ema=34|vwap=week|trend=0|sides=long|stop_atr=0|target_atr=0.0|exit_cross=True|min_bars=7|max_bars=0|confirm=False|entry=cross|exit=close_vwap|regime=spy50|rs=0|dtrend=50,658,45.13677811550152,0.5051523605002661,332.3902532091751,1.5383326250906828,2.6218415458985143,297,361,2.8662613981762917,0.3212259351489414,1.8364250675129834,539,42.11502782931354,0.18762022114126836,101.12729919514365,1.184064573887454,1.1683506015876013,227,312,2.686842918985776,0.13526284598602542,0.9217565545692603
tf=1|ema=34|vwap=roll35|trend=0|sides=long|stop_atr=0|target_atr=0.0|exit_cross=True|min_bars=0|max_bars=0|confirm=False|entry=cross_or_pb|exit=cross|regime=spyvw|rs=20|dtrend=0,694,48.414985590778095,0.3631553575044899,252.02981810811602,1.2810949631252486,1.8608926534708805,336,358,3.337235830931796,0.33088461846466144,1.8339774003404707,520,45.57692307692308,0.4258566558932464,221.44546106448811,1.330916212695482,2.195080641762473,237,283,3.525,0.16084092420246457,0.9040476453923596
tf=1|ema=21|vwap=roll50|trend=0|sides=long|stop_atr=4.0|target_atr=0.0|exit_cross=True|min_bars=0|max_bars=0|confirm=False|entry=cross_or_pb|exit=cross|regime=|rs=20|dtrend=50,433,38.56812933025404,1.3170551323562398,570.2848723102519,1.6392164351635254,2.858289087621049,167,266,8.926385681293302,0.7896732581844371,1.8327299730191404,386,34.4559585492228,0.4095079876727769,158.0700832416919,1.1962484107049094,0.9303771421940418,133,253,7.529037132987909,0.25596228062454224,0.6286893359497147
tf=1|ema=13|vwap=week|trend=0|sides=long|stop_atr=4.0|target_atr=0.0|exit_cross=True|min_bars=0|max_bars=0|confirm=False|entry=cross|exit=close_vwap|regime=spy50|rs=20|dtrend=0,860,36.627906976744185,0.375109072678247,322.5938025032924,1.3575972354899815,2.3460555610956906,315,545,2.452422480620155,0.27582602326830075,1.8321761126795613,750,39.86666666666667,0.17714967201069678,132.86225400802257,1.1649790976776802,1.2725625494789559,299,451,2.3475,0.08842590396695085,0.6726750898062416
tf=1|ema=13|vwap=week|trend=0|sides=long|stop_atr=0|target_atr=0.0|exit_cross=True|min_bars=0|max_bars=0|confirm=False|entry=cross|exit=close_vwap|regime=spy50|rs=20|dtrend=0,860,36.74418604651163,0.3717376836312188,319.6944079228482,1.353060178527562,2.317189245259906,316,544,2.457751937984496,0.2759710113396071,1.8283560961966165,750,40.0,0.22253631468626736,166.90223601470052,1.2114013410503721,1.5835432191877212,300,450,2.3615,0.1390517428280229,1.0484070758327957
tf=1|ema=21|vwap=roll35|trend=0|sides=long|stop_atr=0|target_atr=0.0|exit_cross=True|min_bars=7|max_bars=0|confirm=False|entry=cross|exit=cross|regime=|rs=20|dtrend=50,541,41.03512014787431,0.9131161201947535,493.9958210253617,1.4700159804167459,2.4715531643298627,222,319,6.949784349969194,0.6312106419172163,1.8283217696712246,441,40.136054421768705,0.5623117180686847,247.97946766829,1.2825404501080824,1.5907929775179217,177,264,6.511054421768708,0.4083322324784047,1.2143434856954913
tf=1|ema=13|vwap=roll50|trend=0|sides=long|stop_atr=0|target_atr=0.0|exit_cross=True|min_bars=0|max_bars=0|confirm=False|entry=cross|exit=close_vwap|regime=spy50|rs=0|dtrend=50,486,32.30452674897119,0.8341986345587832,405.42053639556866,1.5524987416526554,2.2168135769315165,157,329,5.901148834019204,0.6541081449272254,1.8275284324988617,408,31.61764705882353,0.2207699098212006,90.07412320704984,1.1379797336639341,0.7375352329467537,129,279,5.855187908496732,0.18817146351285313,0.6573755943968675
tf=1|ema=21|vwap=roll35|trend=0|sides=long|stop_atr=4.0|target_atr=0.0|exit_cross=True|min_bars=7|max_bars=0|confirm=False|entry=cross|exit=cross|regime=|rs=20|dtrend=50,541,40.11090573012939,0.9154475581239293,495.25712894504574,1.4849224285255267,2.5472510987541632,217,324,6.726047443006778,0.6129670536561568,1.8256742712086358,441,39.682539682539684,0.5556001835940638,245.01968096498214,1.2799462213404278,1.583032537256635,175,266,6.383125472411186,0.3708030869542303,1.1074048718123
tf=1|ema=34|vwap=roll35|trend=0|sides=long|stop_atr=4.0|target_atr=0.0|exit_cross=True|min_bars=0|max_bars=0|confirm=False|entry=cross_or_pb|exit=cross|regime=spyvw|rs=20|dtrend=50,569,47.45166959578207,0.43869900925549926,249.6197362663791,1.3588018563280555,2.0553048510459475,270,299,3.009080257762156,0.3670035221976593,1.825457928496829,447,44.29530201342282,0.2784298408459045,124.45813885811931,1.2187329125778203,1.45457407387073,198,249,3.069351230425056,0.08101600351285379,0.44846346832179407
tf=1|ema=21|vwap=roll35|trend=0|sides=long|stop_atr=4.0|target_atr=0.0|exit_cross=True|min_bars=7|max_bars=0|confirm=False|entry=cross|exit=cross|regime=spy50|rs=20|dtrend=50,485,40.20618556701031,0.9352917268381784,453.61648751651654,1.509395638690389,2.425856585102376,195,290,6.6325601374570455,0.6641826491377935,1.8233311743642757,391,40.92071611253197,0.7988254631082146,312.3407560753119,1.4334802747673487,2.1079614191055476,160,231,6.4648337595907925,0.6226536499009682,1.7249574647940082
tf=1|ema=21|vwap=roll35|trend=0|sides=long|stop_atr=4.0|target_atr=0.0|exit_cross=True|min_bars=0|max_bars=0|confirm=False|entry=cross|exit=cross|regime=spy50|rs=20|dtrend=50,497,40.241448692152915,0.9173488529156818,455.92237989909387,1.520443705448764,2.4592081096695364,200,297,6.368041582830315,0.6425309371498729,1.8231785196246415,413,39.70944309927361,0.7290744836988847,301.1077617676394,1.4129176676841617,2.1378029638126277,164,249,6.075161420500404,0.578456330966753,1.7897728460905973
tf=1|ema=21|vwap=roll35|trend=0|sides=long|stop_atr=4.0|target_atr=0.0|exit_cross=True|min_bars=0|max_bars=0|confirm=False|entry=cross_or_pb|exit=cross|regime=spy50|rs=20|dtrend=50,574,39.54703832752613,0.8368265047029363,480.3384136994854,1.4954900405063711,2.5196388249259822,227,347,6.007186411149826,0.5716361563200127,1.8225950800522805,474,38.81856540084388,0.5877583246305785,278.5974458748942,1.3430879356837888,1.9426394442322517,184,290,5.7392756680731365,0.429981694523935,1.5019355219306563
tf=1|ema=13|vwap=roll50|trend=0|sides=long|stop_atr=4.0|target_atr=0.0|exit_cross=True|min_bars=7|max_bars=0|confirm=False|entry=cross_or_pb|exit=close_vwap|regime=|rs=0|dtrend=50,691,35.60057887120116,0.7966066279241343,550.4551798955767,1.528221114523349,2.7085785613003814,246,445,6.162204534491076,0.5024774615720532,1.8205690823046277,565,31.858407079646017,0.04423824248680961,24.99460700504743,1.026563126672616,0.1789998303785973,180,385,5.588938053097345,0.011619559408814371,0.04895541293275722
tf=1|ema=13|vwap=roll50|trend=0|sides=long|stop_atr=4.0|target_atr=0.0|exit_cross=True|min_bars=0|max_bars=0|confirm=False|entry=cross|exit=close_vwap|regime=spy50|rs=20|dtrend=0,345,32.7536231884058,1.0637388847981495,366.9899152553616,1.6274288750850465,2.093610508263787,113,232,5.709178743961353,0.881930264857913,1.8166688113402196,308,33.116883116883116,0.47232507039631144,145.47612168206393,1.2804637667699377,1.219711574710477,102,206,5.916125541125542,0.44211419550958697,1.1813933999529318
tf=1|ema=34|vwap=roll35|trend=0|sides=long|stop_atr=0|target_atr=0.0|exit_cross=True|min_bars=0|max_bars=0|confirm=False|entry=cross_or_pb|exit=cross|regime=|rs=0|dtrend=50,1154,46.447140381282495,0.3349240355224626,386.50233699292187,1.267089699828968,2.3192666805092763,536,618,3.561741767764298,0.23815879098274864,1.816600857406527,873,43.6426116838488,0.2167015895232721,189.18048765381656,1.1592145082550815,1.39025312429452,381,492,3.703990072546773,0.04936715559486237,0.3343163005231994
tf=1|ema=21|vwap=roll35|trend=0|sides=long|stop_atr=0|target_atr=0.0|exit_cross=True|min_bars=0|max_bars=0|confirm=False|entry=cross_or_pb|exit=cross|regime=spy50|rs=0|dtrend=50,793,38.71374527112232,0.6296214903698973,499.28984186332866,1.3775906313695951,2.370378819863808,307,486,6.093421605716689,0.4520690847510577,1.816222548391615,632,37.34177215189873,0.20732689677831415,131.03059876389455,1.1178756507588228,0.8418783035895024,236,396,5.855221518987341,0.08418364337589539,0.36317598899236486
tf=1|ema=34|vwap=roll35|trend=0|sides=long|stop_atr=4.0|target_atr=0.0|exit_cross=True|min_bars=7|max_bars=0|confirm=False|entry=cross_or_pb|exit=close_vwap|regime=|rs=0|dtrend=50,856,37.967289719626166,0.624950360525119,534.9575086095019,1.4626561748307094,2.6987255842608042,325,531,4.829536604361372,0.3900479192074154,1.8160018003924698,680,35.588235294117645,0.33516910666341676,227.9149925311234,1.2291359320289446,1.4214365967101916,242,438,4.569791666666667,0.1611390385673369,0.7310221371061192
tf=1|ema=34|vwap=roll50|trend=0|sides=long|stop_atr=0|target_atr=0.0|exit_cross=True|min_bars=7|max_bars=0|confirm=False|entry=cross_or_pb|exit=close_vwap|regime=spy50|rs=0|dtrend=0,789,37.135614702154626,0.697794121860163,550.5595621476687,1.4395226712405786,2.520387393913744,293,496,5.99376848331221,0.476790888811482,1.8156203724653397,749,33.11081441922563,0.02918168041232641,21.857078628832483,1.0180441408000107,0.13481298029283942,248,501,5.626446372941699,-0.06027972490717588,-0.2934483121720523
tf=1|ema=34|vwap=roll35|trend=0|sides=long|stop_atr=4.0|target_atr=0.0|exit_cross=True|min_bars=7|max_bars=0|confirm=False|entry=cross|exit=close_vwap|regime=spy50|rs=0|dtrend=50,737,36.22795115332429,0.5962449278780915,439.43251184615343,1.4198585584654568,2.294919731920325,267,470,4.796811397557666,0.43999016423752746,1.814748439000783,569,37.08260105448154,0.497074339066469,282.83529892882086,1.3346807804504102,1.8054952023845408,211,358,4.854715875805507,0.2776578694271903,1.0791114913950979
tf=1|ema=21|vwap=roll35|trend=0|sides=long|stop_atr=4.0|target_atr=0.0|exit_cross=True|min_bars=7|max_bars=0|confirm=False|entry=cross|exit=cross|regime=spyvw|rs=20|dtrend=50,367,38.69209809264305,1.005175538671457,368.8994226924247,1.5356174617111753,2.1378533748405903,142,225,6.580381471389646,0.8086991544660564,1.8137589349839087,282,38.652482269503544,0.19095531222893228,53.8493980485589,1.0936527617972163,0.4804925577292288,109,173,6.530289598108746,0.014402891869661302,0.038195976395899424
tf=1|ema=34|vwap=roll35|trend=0|sides=long|stop_atr=4.0|target_atr=0.0|exit_cross=True|min_bars=0|max_bars=0|confirm=False|entry=cross_or_pb|exit=close_vwap|regime=|rs=20|dtrend=0,807,34.572490706319705,0.5805585741296125,468.5107693225973,1.470389724844257,2.4806159726508805,279,528,4.021581990912846,0.39217575720497233,1.812292518347305,641,33.541341653666144,0.6124090006918518,392.554169443477,1.493265068900862,2.4109523611103656,215,426,3.770215808632345,0.4254830296489669,1.8434400210866666
tf=1|ema=34|vwap=roll50|trend=0|sides=long|stop_atr=0|target_atr=0.0|exit_cross=True|min_bars=7|max_bars=0|confirm=False|entry=cross_or_pb|exit=close_vwap|regime=spyvw|rs=0|dtrend=50,492,37.80487804878049,0.849961899820718,418.1812547117933,1.6143636049841497,2.5391869612763593,186,306,6.348831300813008,0.5742717589459617,1.8109946698196904,429,33.333333333333336,0.22310525399342881,95.71215396318095,1.142801637030623,0.6027213095794425,143,286,5.595182595182594,0.14169936621745916,0.4142966878498467
tf=1|ema=34|vwap=roll50|trend=0|sides=long|stop_atr=4.0|target_atr=0.0|exit_cross=True|min_bars=0|max_bars=0|confirm=False|entry=cross|exit=cross|regime=spy50|rs=20|dtrend=0,384,42.96875,1.1006893628637526,422.664715339681,1.5650876887329856,2.520812161650934,165,219,7.701931423611112,0.7500749001291604,1.8107181542899533,330,36.96969696969697,0.32958749859649844,108.76387453684448,1.1452820888050197,0.7792822926204144,122,208,7.609217171717171,0.18785749688775757,0.4656229183582994
tf=1|ema=34|vwap=roll50|trend=0|sides=long|stop_atr=4.0|target_atr=0.0|exit_cross=True|min_bars=0|max_bars=0|confirm=False|entry=cross|exit=cross|regime=|rs=20|dtrend=50,401,44.13965087281795,1.2285794997081478,492.6603793829672,1.6502585636974576,2.900052968418617,177,224,8.104218620116377,0.7234085804363162,1.8101620863635821,345,38.26086956521739,0.5683131827066349,196.06804803378904,1.254903172406987,1.1895970635700979,132,213,7.695169082125604,0.35345408521342053,0.7943529705355468
tf=1|ema=21|vwap=week|trend=0|sides=long|stop_atr=4.0|target_atr=0.0|exit_cross=True|min_bars=7|max_bars=0|confirm=False|entry=cross_or_pb|exit=close_vwap|regime=spy50|rs=20|dtrend=50,743,44.01076716016151,0.46595711139896573,346.2061337694315,1.3940737487627863,2.5325355377189713,327,416,3.125616868550919,0.30764850342293526,1.8098885058089615,646,42.72445820433437,0.3973517792947241,256.68924942439173,1.3130430143402767,2.0700344349345494,276,370,3.063015995872033,0.3263698062400591,1.8303680606170374
tf=1|ema=34|vwap=roll35|trend=0|sides=long|stop_atr=4.0|target_atr=0.0|exit_cross=True|min_bars=0|max_bars=0|confirm=False|entry=cross|exit=close_vwap|regime=spy50|rs=20|dtrend=50,553,34.719710669077756,0.6594365941774293,364.6684365801184,1.4939967199801536,2.096811463589625,192,361,4.318942133815551,0.536213123961238,1.8093225498485996,422,37.203791469194314,0.800387630142812,337.7635799202667,1.601156396982708,2.3760557510802265,157,265,4.436907582938389,0.6188668094373847,1.9593514606332563
tf=1|ema=13|vwap=roll50|trend=0|sides=long|stop_atr=4.0|target_atr=0.0|exit_cross=True|min_bars=0|max_bars=0|confirm=False|entry=cross|exit=close_vwap|regime=spy50|rs=0|dtrend=50,486,32.30452674897119,0.8490107179596125,412.6192089283717,1.5678799614004693,2.2582724275810624,157,329,5.898062414266118,0.647767353543455,1.8090399820212608,408,31.61764705882353,0.20996987204359774,85.66770779378787,1.1303499257083016,0.7008001344312418,129,279,5.852124183006537,0.16971397435853802,0.5911101965996886
tf=1|ema=34|vwap=week|trend=0|sides=long|stop_atr=4.0|target_atr=0.0|exit_cross=True|min_bars=7|max_bars=0|confirm=False|entry=cross|exit=close_vwap|regime=|rs=0|dtrend=0,1308,46.40672782874618,0.565230529161439,739.3215321431622,1.517042593298344,3.7567788525202226,607,701,2.703077217125382,0.2378994851557445,1.8081382208784849,1034,41.77949709864603,0.2157117836225614,223.0459842657285,1.192622333823398,1.62957522071238,432,602,2.4381044487427466,0.09582961917818794,0.8065298673608446
tf=1|ema=21|vwap=roll50|trend=0|sides=long|stop_atr=0|target_atr=0.0|exit_cross=True|min_bars=7|max_bars=0|confirm=False|entry=cross|exit=cross|regime=spy50|rs=20|dtrend=0,321,38.62928348909657,1.3778487369087726,442.289444547716,1.572259169798307,2.281780758624226,124,197,9.94626168224299,1.0267230773592824,1.8073363078411866,291,37.11340206185567,0.4102828808699157,119.39231833314548,1.180421476451467,0.9007726346861515,108,183,9.200171821305842,0.3371238588876982,0.7714366236511373
tf=1|ema=34|vwap=roll50|trend=0|sides=long|stop_atr=0|target_atr=0.0|exit_cross=True|min_bars=0|max_bars=0|confirm=False|entry=cross|exit=cross|regime=|rs=0|dtrend=50,567,44.973544973544975,1.0608948600427062,601.5273856442144,1.5407568283600837,2.9602836488012407,255,312,9.041740152851263,0.6053895023686634,1.8068830919542542,485,36.49484536082474,0.2453000710249768,118.97053444711376,1.112472023507885,0.6583987535692328,177,308,7.888659793814433,0.11464375864859117,0.32762622144525866
tf=1|ema=34|vwap=week|trend=0|sides=long|stop_atr=4.0|target_atr=0.0|exit_cross=True|min_bars=7|max_bars=0|confirm=False|entry=cross_or_pb|exit=close_vwap|regime=|rs=0|dtrend=0,1626,45.694956949569494,0.5128169498836049,833.8403605107417,1.438861407748477,3.793280598589339,743,883,2.733676711767118,0.2134015229308622,1.8066990534944734,1271,40.75531077891424,0.2423535955279128,308.03141991597715,1.215435514261802,1.9922219865455906,518,753,2.4707251507998955,0.11526159920748363,1.0538814971103478
tf=1|ema=13|vwap=week|trend=0|sides=long|stop_atr=4.0|target_atr=0.0|exit_cross=True|min_bars=0|max_bars=0|confirm=False|entry=cross|exit=close_vwap|regime=spyvw|rs=20|dtrend=50,581,44.922547332185886,0.5840210607382851,339.3162362889436,1.5476438509652217,2.870587168171274,261,320,2.722389558232932,0.3409079985112303,1.8037955364402798,444,41.21621621621622,0.2221640000500305,98.64081602221354,1.2035864271616292,1.2593278343404464,183,261,2.5136073573573574,0.11022404935151608,0.6698189838416037
tf=1|ema=13|vwap=week|trend=0|sides=long|stop_atr=4.0|target_atr=0.0|exit_cross=True|min_bars=7|max_bars=0|confirm=False|entry=cross|exit=cross|regime=spy50|rs=0|dtrend=0,1516,45.184696569920845,0.3996337497784517,605.8447646641328,1.2681875590809921,2.787123952604934,685,831,3.598257475813545,0.2417896841694053,1.8031390042299045,1511,43.150231634679024,0.09418504578923874,142.31360418753974,1.0608344214180172,0.7816274457485132,652,859,3.3991561879549965,0.032257325907626665,0.2849030466005523
tf=1|ema=21|vwap=roll50|trend=0|sides=long|stop_atr=0|target_atr=0.0|exit_cross=True|min_bars=7|max_bars=0|confirm=False|entry=cross|exit=cross|regime=spy50|rs=20|dtrend=50,299,39.46488294314381,1.4454224303188978,432.18130666535046,1.6138767117633184,2.298908137093235,118,181,10.10813823857302,1.0658843575342378,1.8024047557967426,268,38.059701492537314,0.5318996370358214,142.54910272560016,1.2403972020773384,1.1069858195945113,102,166,9.352300995024875,0.4686541785603938,1.016382951305946
tf=1|ema=34|vwap=roll35|trend=0|sides=long|stop_atr=4.0|target_atr=0.0|exit_cross=True|min_bars=7|max_bars=0|confirm=False|entry=cross_or_pb|exit=close_vwap|regime=spy50|rs=0|dtrend=50,780,36.92307692307692,0.5917601377704744,461.57290746097004,1.4249079888464136,2.3679514279029235,288,492,4.763461538461539,0.4198972996458824,1.8023823534139483,627,35.88516746411483,0.3854359405543189,241.66833472755798,1.2651674318017483,1.5348452660595915,225,402,4.631446039340776,0.18680812333873079,0.7970311591448085
tf=1|ema=21|vwap=roll35|trend=0|sides=long|stop_atr=4.0|target_atr=0.0|exit_cross=True|min_bars=0|max_bars=0|confirm=False|entry=cross|exit=cross|regime=spy50|rs=0|dtrend=0,959,36.60062565172054,0.5909576862466632,566.72842111055,1.336480418139058,2.411425838855786,351,608,5.908672228015293,0.41719698777490033,1.8015280730900765,900,38.333333333333336,0.17712121449516977,159.40909304565278,1.0985747205834868,0.8766416237071426,345,555,5.884444444444444,0.014039223121629725,0.07348756972303654
tf=1|ema=21|vwap=roll50|trend=0|sides=long|stop_atr=0|target_atr=0.0|exit_cross=True|min_bars=7|max_bars=0|confirm=False|entry=cross_or_pb|exit=close_vwap|regime=spyvw|rs=0|dtrend=50,517,35.009671179883945,0.7722285697626229,399.24217056727605,1.5361551143087466,2.251016792367637,181,336,6.060928433268859,0.584377165364419,1.8000116827580643,424,31.60377358490566,0.10333395757279688,43.81359801086588,1.0652266261508472,0.2797910262062788,134,290,5.4191234276729565,0.07018582851394434,0.2055137955033683
tf=1|ema=34|vwap=roll50|trend=0|sides=long|stop_atr=0|target_atr=0.0|exit_cross=True|min_bars=0|max_bars=0|confirm=False|entry=cross_or_pb|exit=cross|regime=|rs=0|dtrend=50,622,45.17684887459807,1.003023302837345,623.8804943648286,1.5298090058587102,3.0029656533802727,281,341,8.527398177920684,0.5629391931540729,1.7987248044040987,516,36.24031007751938,0.31101047431135265,160.48140474465797,1.1447291536634616,0.8385587883245861,187,329,7.691537467700259,0.16681671677730733,0.47952680216152976
tf=1|ema=34|vwap=roll35|trend=0|sides=long|stop_atr=0|target_atr=0.0|exit_cross=True|min_bars=0|max_bars=0|confirm=False|entry=cross_or_pb|exit=close_vwap|regime=spy50|rs=20|dtrend=0,624,33.97435897435897,0.595341184701988,371.4928992540405,1.4672736560698296,2.097118382853839,212,412,4.132278311965812,0.48087772791402067,1.7967046701624159,528,34.46969696969697,0.5810263752523663,306.78192613324944,1.4658097194772537,2.12870728598907,182,346,3.9105902777777786,0.4369415751169816,1.710212160598811
tf=1|ema=21|vwap=week|trend=0|sides=long|stop_atr=4.0|target_atr=0.0|exit_cross=True|min_bars=7|max_bars=0|confirm=False|entry=cross|exit=cross|regime=spy50|rs=0|dtrend=0,1331,49.88730277986476,0.375872265266292,500.2859850694347,1.2715694033255074,2.842545488972366,664,667,3.694778362133734,0.21932554536477164,1.7966069947708572,1344,47.916666666666664,0.22116543293287513,297.24634186178423,1.1399701465073178,1.648112988459313,644,700,3.546347966269841,0.14791860713032748,1.1665162882295925
tf=1|ema=13|vwap=week|trend=0|sides=long|stop_atr=0|target_atr=0.0|exit_cross=True|min_bars=0|max_bars=0|confirm=False|entry=cross|exit=close_vwap|regime=spyvw|rs=20|dtrend=50,581,45.09466437177281,0.5806131306692428,337.3362289188301,1.5422940417540354,2.8413343359642362,262,319,2.729776247848537,0.34088636631059654,1.7957852062909936,444,41.21621621621622,0.2230692308685579,99.04273850563972,1.2045856725645119,1.263227545000517,183,261,2.5150150150150146,0.11813659999151205,0.7183555701266674
tf=1|ema=34|vwap=roll50|trend=0|sides=long|stop_atr=4.0|target_atr=0.0|exit_cross=True|min_bars=0|max_bars=0|confirm=False|entry=cross|exit=cross|regime=spy50|rs=0|dtrend=50,509,43.02554027504912,0.9552000080761005,486.1968041107351,1.515987108877584,2.6951773138587694,219,290,8.171905697445972,0.5973306980727664,1.7956256521531861,437,35.24027459954233,0.1767459991436913,77.23800162579309,1.0849328707239112,0.5181969439024786,154,283,7.519832189168574,0.07723660919471928,0.23724737655850495
tf=1|ema=21|vwap=roll50|trend=0|sides=long|stop_atr=0|target_atr=0.0|exit_cross=True|min_bars=0|max_bars=0|confirm=False|entry=cross|exit=cross|regime=spy50|rs=0|dtrend=50,458,39.082969432314414,1.0189733925344235,466.6898137807659,1.4839389509800007,2.326176692521543,179,279,9.831877729257641,0.734942549346362,1.7954542417937305,403,35.98014888337469,0.1945727740588102,78.41282794570051,1.0944552356073676,0.5489852899920191,145,258,8.424834574028123,0.1437915032429692,0.42164283515851897
tf=1|ema=34|vwap=week|trend=0|sides=long|stop_atr=0|target_atr=0.0|exit_cross=True|min_bars=0|max_bars=0|confirm=False|entry=cross|exit=close_vwap|regime=|rs=20|dtrend=50,577,43.8474870017331,0.3305826858357028,190.74620972720052,1.5655764072130764,2.5327818561939894,253,324,1.7554159445407278,0.21672051290057473,1.795157845634175,410,39.51219512195122,0.10149787596968453,41.61412914757066,1.1586194138317678,0.9106827069077098,162,248,1.7304878048780488,0.06423383476429262,0.6152752225683105
tf=1|ema=21|vwap=roll50|trend=0|sides=long|stop_atr=0|target_atr=0.0|exit_cross=True|min_bars=7|max_bars=0|confirm=False|entry=cross|exit=cross|regime=|rs=20|dtrend=50,329,40.72948328267477,1.497242230617344,492.5926938731062,1.6510921488397783,2.565131549195692,134,195,10.406661600810537,0.9803908299913208,1.7950518652163028,305,38.68852459016394,0.7142264661298325,217.8390721695989,1.3182296021301352,1.3053493752610725,118,187,9.277868852459017,0.5490556814542308,1.0837032937411126
tf=1|ema=34|vwap=roll35|trend=0|sides=long|stop_atr=4.0|target_atr=0.0|exit_cross=True|min_bars=0|max_bars=0|confirm=False|entry=cross|exit=close_vwap|regime=|rs=20|dtrend=0,742,34.905660377358494,0.6067040991980813,450.1744416049764,1.467697351867918,2.388803144169805,259,483,4.1860399820305485,0.42189038495969333,1.794468056955067,555,36.75675675675676,0.7871047760897717,436.84315072982326,1.6176733652955184,2.707679441474762,204,351,4.103903903903904,0.5559783419816581,2.1052003627178584
tf=1|ema=21|vwap=roll50|trend=0|sides=long|stop_atr=4.0|target_atr=0.0|exit_cross=True|min_bars=7|max_bars=0|confirm=False|entry=cross|exit=close_vwap|regime=spy50|rs=0|dtrend=0,591,34.34856175972927,0.8133080916069034,480.6650821396799,1.4599327351217426,2.273665494754701,203,388,6.498448956570784,0.6170239496601839,1.7943192866358122,591,33.50253807106599,0.07930800760837295,46.871032496548416,1.0444372817026326,0.3116341982484398,198,393,6.330513254371122,-0.03130653591531861,-0.12881714518994908
tf=1|ema=13|vwap=week|trend=0|sides=long|stop_atr=4.0|target_atr=0.0|exit_cross=True|min_bars=7|max_bars=0|confirm=False|entry=cross_or_pb|exit=cross|regime=spy50|rs=20|dtrend=0,920,46.630434782608695,0.48189464620396366,443.3430745076466,1.3130990415097932,2.5824202047759113,429,491,3.7445199275362318,0.3120799006981708,1.793955684496896,797,45.54579673776662,0.29549147426005,235.50670498525986,1.1831547272377576,1.644141847062608,363,434,3.557820995399415,0.2140229230495811,1.2648202548857763
tf=1|ema=21|vwap=week|trend=0|sides=long|stop_atr=4.0|target_atr=0.0|exit_cross=True|min_bars=0|max_bars=0|confirm=False|entry=cross|exit=close_vwap|regime=|rs=20|dtrend=50,801,42.44694132334582,0.3905944495748145,312.8661541094264,1.4400490007510134,2.7539284346296236,340,461,2.422180607573866,0.24035612791638425,1.7929993629877932,635,41.889763779527556,0.3867036549043079,245.55682086423553,1.411187552062512,2.5588779934718167,266,369,2.3861548556430447,0.29938010934296155,2.124622191808299
tf=1|ema=21|vwap=week|trend=0|sides=long|stop_atr=4.0|target_atr=0.0|exit_cross=True|min_bars=0|max_bars=0|confirm=False|entry=cross|exit=cross|regime=|rs=0|dtrend=50,1191,52.47691015952981,0.4194692740779403,499.58790542682686,1.3592196987811176,3.348359816972834,625,566,3.3420095158130425,0.20432261186790593,1.7894359766914985,935,47.80748663101604,0.13843564539739373,129.43732844656313,1.0995175870205764,0.9712783112730236,447,488,3.237789661319073,0.06873245412629032,0.5118759992478772
tf=1|ema=34|vwap=roll35|trend=0|sides=long|stop_atr=4.0|target_atr=0.0|exit_cross=True|min_bars=0|max_bars=0|confirm=False|entry=cross_or_pb|exit=close_vwap|regime=spy50|rs=0|dtrend=0,1187,32.26621735467565,0.3879147125754531,460.45476382706283,1.3559600374068468,2.2166078589830143,383,804,3.282399606852008,0.2961354028701369,1.789325487470766,1213,33.05853256389118,0.1848109476114184,224.1756794526505,1.1811734511148093,1.3237699661406501,401,812,2.7811211871393238,0.09885223172558559,0.7549997892121508
tf=1|ema=13|vwap=roll50|trend=0|sides=long|stop_atr=0|target_atr=0.0|exit_cross=True|min_bars=0|max_bars=0|confirm=False|entry=cross|exit=close_vwap|regime=spy50|rs=20|dtrend=0,345,32.7536231884058,1.0302096420880056,355.42232652036193,1.595867918675406,2.023721152385212,113,232,5.71207729468599,0.8694078817198985,1.788981916416712,308,33.116883116883116,0.4989505607575961,153.6767727133396,1.3010331727269144,1.2912485586676652,102,206,5.925595238095238,0.47843493332774634,1.2844108084965875
tf=1|ema=13|vwap=week|trend=0|sides=long|stop_atr=4.0|target_atr=0.0|exit_cross=True|min_bars=0|max_bars=0|confirm=False|entry=cross|exit=cross|regime=spy50|rs=20|dtrend=50,872,46.903669724770644,0.4654873167715721,405.90494022481084,1.3300861797071952,2.660277731662601,409,463,3.4759174311926606,0.29329116458729754,1.787345806813758,744,43.27956989247312,0.16486215147147057,122.65744069477411,1.1093728866296235,0.940350149116175,322,422,3.1667226702508957,0.11333567070649936,0.6866285027296232
tf=1|ema=34|vwap=roll35|trend=0|sides=long|stop_atr=4.0|target_atr=0.0|exit_cross=True|min_bars=0|max_bars=0|confirm=False|entry=cross|exit=cross|regime=spyvw|rs=0|dtrend=0,1157,47.27744165946413,0.3911361878127309,452.5445692993297,1.279481491268653,2.5335039701263895,547,610,3.587906943244022,0.24233480782157754,1.7819468098201794,901,43.951165371809104,0.41676392391489225,375.504295447318,1.2973365485356987,2.5533926128325644,396,505,3.87393636699963,0.16409083171307404,1.1130680052495345
tf=1|ema=13|vwap=week|trend=0|sides=long|stop_atr=4.0|target_atr=0.0|exit_cross=True|min_bars=0|max_bars=0|confirm=False|entry=cross|exit=cross|regime=spy50|rs=0|dtrend=50,1207,45.81607290803645,0.40766256533660433,492.04871636128144,1.312010687558785,2.8050168477702435,553,654,3.3620892018779345,0.24248929003884107,1.7804615692734789,1047,41.83381088825215,0.052009388986356986,54.45383026871576,1.0368178890727417,0.38053698692071414,438,609,3.138451130213308,0.009258697561961769,0.0719501595696243
tf=1|ema=21|vwap=week|trend=0|sides=long|stop_atr=4.0|target_atr=0.0|exit_cross=True|min_bars=7|max_bars=0|confirm=False|entry=cross|exit=cross|regime=|rs=20|dtrend=50,799,53.191489361702125,0.5557825815363558,444.07028264754837,1.4035770610097362,3.1935396800567935,425,374,3.769086357947434,0.28452490258686497,1.7802972918597073,642,50.93457943925234,0.4541371439354251,291.5560464065429,1.2922264055946184,2.243486395452386,327,315,3.565550363447559,0.33968164016592767,1.775515051806369
tf=1|ema=34|vwap=roll35|trend=0|sides=long|stop_atr=4.0|target_atr=0.0|exit_cross=True|min_bars=0|max_bars=0|confirm=False|entry=cross_or_pb|exit=close_vwap|regime=spy50|rs=0|dtrend=50,841,34.00713436385256,0.4734190894921966,398.14545426293733,1.404932969209987,2.168103947851493,286,555,3.8973939754260796,0.3642774790552045,1.7796638472949777,680,32.64705882352941,0.3891705119710781,264.63594814033314,1.329919531074231,1.7614207463275187,222,458,3.7304534313725486,0.2513588666612591,1.2188741754837178
tf=1|ema=13|vwap=week|trend=0|sides=long|stop_atr=0|target_atr=0.0|exit_cross=True|min_bars=7|max_bars=0|confirm=False|entry=cross|exit=close_vwap|regime=spy50|rs=20|dtrend=0,806,39.950372208436725,0.4553349525566914,366.99997176069326,1.3356122153528125,2.091761957297923,322,484,3.0820409429280398,0.35871685356272,1.7786486713569605,702,42.30769230769231,0.21175769280438167,148.65390034867593,1.154084015512322,1.2135262866559402,297,405,3.0392331433998105,0.13617921641599715,0.8313948230080743
tf=1|ema=34|vwap=roll35|trend=0|sides=long|stop_atr=4.0|target_atr=0.0|exit_cross=True|min_bars=0|max_bars=0|confirm=False|entry=cross_or_pb|exit=close_vwap|regime=spy50|rs=20|dtrend=50,592,34.62837837837838,0.6219320222306437,368.18375716054106,1.4836697666246446,2.1145606485684865,205,387,4.184121621621622,0.49214934749158434,1.7766635148890637,474,34.59915611814346,0.6848446229873709,324.6163512960138,1.5330717951114912,2.269319799127248,164,310,4.154887482419127,0.5279939555855542,1.8646535657284233
tf=1|ema=34|vwap=roll35|trend=0|sides=long|stop_atr=0|target_atr=0.0|exit_cross=True|min_bars=0|max_bars=0|confirm=False|entry=cross|exit=close_vwap|regime=spy50|rs=0|dtrend=0,1045,32.822966507177036,0.41080172119837016,429.28779865229683,1.3668287447791942,2.1087114254165407,343,702,3.4102472089314193,0.32727367393303947,1.7766232435314724,1025,35.707317073170735,0.29680007524643265,304.22007712759347,1.2850855509587586,1.816302862655714,366,659,2.9846341463414636,0.1927710109517426,1.2619334561376174
tf=1|ema=34|vwap=roll35|trend=0|sides=long|stop_atr=0|target_atr=0.0|exit_cross=True|min_bars=0|max_bars=0|confirm=False|entry=cross|exit=cross|regime=spy50|rs=0|dtrend=50,1043,45.63758389261745,0.32675394452876605,340.804364143503,1.269010318148676,2.192111042746484,476,567,3.40396292745286,0.24208304131155345,1.7763534513385282,787,44.34561626429479,0.2888333052348798,227.31181121985045,1.2153261267461166,1.7253856580202447,349,438,3.7803896653960183,0.10052746492754572,0.6379006735236009
tf=1|ema=21|vwap=roll35|trend=0|sides=long|stop_atr=4.0|target_atr=0.0|exit_cross=True|min_bars=0|max_bars=0|confirm=False|entry=cross|exit=cross|regime=spyvw|rs=20|dtrend=50,372,39.516129032258064,0.9780612663370867,363.83879107739625,1.5351571855998352,2.127168164721824,147,225,6.404121863799284,0.7734121663190021,1.774637956969064,296,37.83783783783784,0.16363068009430032,48.434681307912896,1.0844168960139953,0.4407028402709629,112,184,6.152027027027027,0.006523444579733483,0.018597610533387952
tf=1|ema=21|vwap=roll35|trend=0|sides=long|stop_atr=4.0|target_atr=0.0|exit_cross=True|min_bars=7|max_bars=0|confirm=False|entry=cross_or_pb|exit=cross|regime=spy50|rs=20|dtrend=0,594,38.888888888888886,0.784295428506912,465.87148453310573,1.4423545486421139,2.3885812952493675,231,363,6.1376964085297425,0.5499576322626805,1.7742060625359701,495,40.4040404040404,0.6023250009255553,298.15087545814987,1.344491773892095,1.936735595786294,200,295,6.023316498316499,0.3956745221336263,1.341425054389639
tf=1|ema=34|vwap=roll35|trend=0|sides=long|stop_atr=0|target_atr=0.0|exit_cross=True|min_bars=7|max_bars=0|confirm=False|entry=cross|exit=close_vwap|regime=spyvw|rs=20|dtrend=0,454,39.20704845814978,0.8139155785672234,369.51767266951947,1.5339307124792378,2.2386403015813867,178,276,5.341960352422907,0.5926066272913024,1.7723386824293323,337,40.94955489614243,0.9027666644323695,304.2323659137085,1.6404992542404517,2.634780764288875,138,199,5.274727992087042,0.5444766458521993,1.7775170610343056
tf=1|ema=34|vwap=roll35|trend=0|sides=long|stop_atr=0|target_atr=0.0|exit_cross=True|min_bars=0|max_bars=0|confirm=False|entry=cross_or_pb|exit=cross|regime=spy50|rs=0|dtrend=50,1061,45.523091423185676,0.3187162732567031,338.157965925362,1.2619934598645581,2.16431654711511,483,578,3.40830191643104,0.23851532713701765,1.7713665335867046,809,44.25216316440049,0.29198826385066795,236.21850545519035,1.2195209892201775,1.780503320653366,358,451,3.73954470539761,0.10923509833843335,0.7080316768366487
tf=1|ema=34|vwap=roll35|trend=0|sides=long|stop_atr=4.0|target_atr=0.0|exit_cross=True|min_bars=0|max_bars=0|confirm=False|entry=cross|exit=cross|regime=|rs=0|dtrend=50,1138,45.69420035149385,0.3387906260758746,385.54373247434535,1.27680397882733,2.429766324733171,520,618,3.258750732278852,0.22380184614548942,1.7712828235805356,849,42.16725559481743,0.18131323879807024,153.93493973956163,1.1334996175548098,1.188768100026967,358,491,3.399342363564979,0.02796024057634703,0.19558201698845148
tf=1|ema=21|vwap=roll35|trend=0|sides=long|stop_atr=4.0|target_atr=0.0|exit_cross=True|min_bars=0|max_bars=0|confirm=False|entry=cross|exit=cross|regime=spy50|rs=20|dtrend=0,524,39.69465648854962,0.8566251994366069,448.871604504782,1.4771781465455052,2.380421986226804,208,316,6.26550572519084,0.6015001417799651,1.7696480543392217,449,39.42093541202673,0.686261402431115,308.1313696915706,1.3922121501814655,2.136264148848298,177,272,6.021993318485523,0.5090904012946816,1.6777065700360323
tf=1|ema=21|vwap=roll50|trend=0|sides=long|stop_atr=4.0|target_atr=0.0|exit_cross=True|min_bars=0|max_bars=0|confirm=False|entry=cross_or_pb|exit=cross|regime=spy50|rs=20|dtrend=50,401,37.65586034912718,1.2273320796487,492.1601639391287,1.5962942803541516,2.553354630424821,151,250,8.71134663341646,0.7979892298722001,1.7693775638692362,353,35.12747875354108,0.32862288809636025,116.00387949801517,1.165895960549908,0.8611513919400939,124,229,7.348441926345609,0.2514318072066481,0.6902800269771863
tf=1|ema=13|vwap=week|trend=0|sides=long|stop_atr=0|target_atr=0.0|exit_cross=True|min_bars=0|max_bars=0|confirm=False|entry=cross_or_pb|exit=cross|regime=|rs=20|dtrend=50,1041,48.222862632084535,0.4851275099949171,505.01773790470867,1.3523023186343983,3.039366202867035,502,539,3.614513288504643,0.2619770553194944,1.7691000066589937,841,45.0653983353151,0.31702281833705737,266.6161902214653,1.2131550619262457,1.8676480111377622,379,462,3.3437376139516446,0.25876854366123403,1.6195596165945412
tf=1|ema=13|vwap=week|trend=0|sides=long|stop_atr=0|target_atr=0.0|exit_cross=True|min_bars=7|max_bars=0|confirm=False|entry=cross_or_pb|exit=close_vwap|regime=spy50|rs=20|dtrend=0,936,40.06410256410256,0.409513271471842,383.3044220976442,1.3096792038738903,2.130590863690223,375,561,3.043580840455841,0.31351199052539025,1.7683530997142753,800,41.375,0.23902327453004132,191.21861962403307,1.1791969076151885,1.4385468259240062,331,469,2.983333333333334,0.15755251087126199,1.0127641864187975
tf=1|ema=21|vwap=roll35|trend=0|sides=long|stop_atr=4.0|target_atr=0.0|exit_cross=True|min_bars=0|max_bars=0|confirm=False|entry=cross|exit=cross|regime=|rs=20|dtrend=50,555,40.0,0.8879112882947074,492.7907650035626,1.489493522871679,2.55710746390734,222,333,6.457582582582582,0.5729169443564732,1.7668659558605226,464,38.793103448275865,0.5163139614659018,239.56967812017842,1.2725342036425158,1.6225364496739976,180,284,6.020294540229885,0.3531626745693734,1.1681562664127105
tf=1|ema=13|vwap=week|trend=0|sides=long|stop_atr=4.0|target_atr=0.0|exit_cross=True|min_bars=7|max_bars=0|confirm=False|entry=cross_or_pb|exit=close_vwap|regime=spy50|rs=0|dtrend=0,1629,39.34929404542664,0.3333428476307216,543.0154987904455,1.2746166439131412,2.384844368246994,641,988,2.831926539799468,0.22999353494376978,1.7637516557971658,1579,38.75870804306523,0.09367872621495821,147.918708693419,1.0750982925643577,0.8723126498474402,612,967,2.7348005066497785,0.03186642593197616,0.3182447191799676
tf=1|ema=21|vwap=week|trend=0|sides=long|stop_atr=0|target_atr=0.0|exit_cross=True|min_bars=0|max_bars=0|confirm=False|entry=cross|exit=close_vwap|regime=spy50|rs=0|dtrend=0,1354,37.51846381093058,0.2136632328390844,289.30001726412024,1.2732299696774478,2.217863092684477,508,846,1.9674729197439682,0.16173156999907706,1.7613071306543264,1347,38.15887156644395,0.2390144534081861,321.95246874082665,1.305642254409394,2.560684272338407,514,833,1.8621628309824303,0.16977567419716014,1.9714058758989568
tf=1|ema=34|vwap=roll50|trend=0|sides=long|stop_atr=4.0|target_atr=0.0|exit_cross=True|min_bars=7|max_bars=0|confirm=False|entry=cross|exit=cross|regime=spy50|rs=20|dtrend=0,362,42.5414364640884,1.16064507573593,420.1535174164066,1.562096082780516,2.461969238803355,154,208,8.314111418047881,0.7864024387015109,1.760387193573196,314,36.94267515923567,0.43051667382817066,135.1822355820456,1.1860488960543145,0.9315945610654205,116,198,8.102574309978767,0.27444438770023977,0.6201916159157183
tf=1|ema=21|vwap=roll35|trend=0|sides=long|stop_atr=4.0|target_atr=0.0|exit_cross=True|min_bars=7|max_bars=0|confirm=False|entry=cross|exit=cross|regime=spy50|rs=20|dtrend=0,510,39.411764705882355,0.869978112149111,443.6888371960467,1.4682442390852213,2.3414365344051746,201,309,6.543709150326798,0.6174205655355225,1.7592121823372375,426,40.375586854460096,0.7469147466538664,318.18568207454706,1.4083275540064832,2.1003454007512707,172,254,6.396224569640062,0.5455883403614473,1.615961522576803
tf=1|ema=34|vwap=week|trend=0|sides=long|stop_atr=0|target_atr=0.0|exit_cross=True|min_bars=0|max_bars=0|confirm=False|entry=cross_or_pb|exit=close_vwap|regime=spyvw|rs=0|dtrend=50,546,42.49084249084249,0.3670279045163378,200.39723586592046,1.5517051773446358,2.411502985634805,232,314,1.9323107448107446,0.245362961930916,1.7588514731833007,423,36.643026004728135,0.17955416833767263,75.95141320683551,1.28935766466325,1.2373398537566727,155,268,1.5557525610717098,0.08912011368203364,0.6712420973340788
tf=1|ema=34|vwap=roll35|trend=0|sides=long|stop_atr=4.0|target_atr=0.0|exit_cross=True|min_bars=0|max_bars=0|confirm=False|entry=cross_or_pb|exit=cross|regime=spy50|rs=0|dtrend=0,1395,43.655913978494624,0.32601196133736876,454.7866860656294,1.2457852844610267,2.3640775395506206,609,786,3.3663978494623654,0.22437539459999778,1.7572903338366224,1296,41.04938271604938,0.11235160741322793,145.60768320754337,1.0761785977018734,0.8525311237357875,532,764,3.7070151748971187,-0.028374150752456206,-0.2285173673383901
tf=1|ema=21|vwap=roll35|trend=0|sides=long|stop_atr=0|target_atr=0.0|exit_cross=True|min_bars=7|max_bars=0|confirm=False|entry=cross_or_pb|exit=cross|regime=|rs=0|dtrend=50,832,40.02403846153846,0.6662369651116434,554.3091549728873,1.3675569989140866,2.49177810411685,333,499,6.544871794871795,0.43420069204230005,1.7556781938014892,653,38.28483920367535,0.13390196237761762,87.43798143258431,1.0695278561848136,0.5165465768310881,250,403,6.199974476773864,-0.018624599957962187,-0.07576499504748653
tf=1|ema=13|vwap=week|trend=0|sides=long|stop_atr=4.0|target_atr=0.0|exit_cross=True|min_bars=7|max_bars=0|confirm=False|entry=cross|exit=close_vwap|regime=spy50|rs=20|dtrend=0,807,39.90086741016109,0.4652031234672543,375.4189206380742,1.3458606914455702,2.160470585324229,322,485,3.0533870301528294,0.3508904710668373,1.7556362876651292,703,42.10526315789474,0.1529388493502752,107.51601109324346,1.109570779885092,0.8883950136599982,296,407,2.999762920815552,0.07233050159615692,0.4467930486373316
tf=1|ema=21|vwap=roll35|trend=0|sides=long|stop_atr=4.0|target_atr=0.0|exit_cross=True|min_bars=0|max_bars=0|confirm=False|entry=cross_or_pb|exit=cross|regime=spy50|rs=0|dtrend=0,1040,36.63461538461539,0.5593707012593134,581.7455293096859,1.3274983515886714,2.4490652481975115,381,659,5.724358974358975,0.37796196787758995,1.7541246520906562,945,38.41269841269841,0.201510216789507,190.42715486608412,1.1149455851369174,1.0297858154907282,363,582,5.788359788359788,0.030341481088773294,0.16440884004579132
tf=1|ema=34|vwap=week|trend=0|sides=long|stop_atr=0|target_atr=0.0|exit_cross=True|min_bars=7|max_bars=0|confirm=False|entry=cross_or_pb|exit=close_vwap|regime=spy50|rs=0|dtrend=50,746,45.57640750670241,0.4693533111700454,350.13757013285385,1.494868954250609,2.6825867899842804,340,406,2.896503574620197,0.2778863536924367,1.7528208853133875,622,40.9967845659164,0.21874420888588395,136.0588979270198,1.2083992194885007,1.3170305991097018,255,367,2.682006966773848,0.1535023626675964,1.0069215128163536
tf=1|ema=13|vwap=roll50|trend=0|sides=long|stop_atr=0|target_atr=0.0|exit_cross=True|min_bars=7|max_bars=0|confirm=False|entry=cross|exit=close_vwap|regime=spy50|rs=0|dtrend=50,468,33.97435897435897,0.8450861556423925,395.5003208406397,1.5138087199293881,2.138534060004833,159,309,6.548611111111111,0.6582308077390442,1.752770914701228,403,33.49875930521092,0.19853461588942387,80.00945020343782,1.1152417939019141,0.6364361014715846,135,268,6.324545078577337,0.15832992107981453,0.5301186631994094
tf=1|ema=34|vwap=roll35|trend=0|sides=long|stop_atr=4.0|target_atr=0.0|exit_cross=True|min_bars=0|max_bars=0|confirm=False|entry=cross|exit=cross|regime=spy50|rs=0|dtrend=50,1043,45.1581975071908,0.3210705374220385,334.87657053118613,1.2678595322161323,2.217332956517087,471,572,3.1301933525087886,0.23164242303709942,1.7527508702856165,787,42.69377382465057,0.267849409576357,210.79748533659296,1.2025578600823095,1.6684441266948056,336,451,3.4417619652689537,0.09364502739956006,0.6213275462335778
tf=1|ema=34|vwap=roll50|trend=0|sides=long|stop_atr=4.0|target_atr=0.0|exit_cross=True|min_bars=0|max_bars=0|confirm=False|entry=cross|exit=close_vwap|regime=spy50|rs=0|dtrend=0,644,34.62732919254658,0.7651960112103066,492.78623121943747,1.489611255611042,2.453884941108982,223,421,5.883152173913044,0.5231305603011777,1.751921383318717,642,31.61993769470405,0.10574749493072756,67.8898917455271,1.0717993384876592,0.4836253707579308,203,439,5.344431464174455,0.004965464987466972,0.023810610054704567
tf=1|ema=21|vwap=roll50|trend=0|sides=long|stop_atr=0|target_atr=0.0|exit_cross=True|min_bars=0|max_bars=0|confirm=False|entry=cross_or_pb|exit=close_vwap|regime=spy50|rs=20|dtrend=0,516,32.17054263565891,0.7306005392572352,376.98987825673333,1.504407763890851,2.096233410465355,166,350,4.837047803617571,0.5805900563167162,1.7514685934501562,432,31.712962962962962,0.43569443834237837,188.21999736390745,1.3028172469837598,1.4284678188232236,137,295,4.944733796296297,0.406003547321402,1.3819317680758465
tf=1|ema=21|vwap=roll35|trend=0|sides=long|stop_atr=4.0|target_atr=0.0|exit_cross=True|min_bars=0|max_bars=0|confirm=False|entry=cross_or_pb|exit=cross|regime=spy50|rs=20|dtrend=0,610,38.68852459016394,0.760071458783895,463.643589858176,1.4438460656059442,2.391422060377372,236,374,5.866530054644808,0.5249050316648913,1.7497859818249735,519,38.921001926782274,0.5559002230122041,288.5122157433339,1.3321398081336289,1.9672260261679735,202,317,5.6830443159922925,0.37665476563600636,1.412374603929517
tf=1|ema=21|vwap=roll50|trend=0|sides=long|stop_atr=4.0|target_atr=0.0|exit_cross=True|min_bars=7|max_bars=0|confirm=False|entry=cross_or_pb|exit=close_vwap|regime=spyvw|rs=20|dtrend=50,362,37.29281767955801,1.0041061616907725,363.48643053205967,1.65289541059476,2.150868036095653,135,227,5.700506445672191,0.780750125016853,1.7485003107371555,306,32.6797385620915,0.2556755448530096,78.23671672502094,1.1516571700157718,0.5210295143811287,100,206,5.360974945533769,0.2342027046856837,0.5155494456359532
tf=1|ema=34|vwap=week|trend=0|sides=long|stop_atr=4.0|target_atr=0.0|exit_cross=True|min_bars=0|max_bars=0|confirm=False|entry=cross|exit=close_vwap|regime=spy50|rs=20|dtrend=0,539,41.74397031539889,0.31892700929364487,171.90165800927457,1.5113292950408443,2.2548199229247303,225,314,1.7748144712430427,0.23122062383049086,1.7469712282018293,419,39.37947494033413,0.12361636898691206,51.795258605516146,1.201335892016182,1.1067615816332985,165,254,1.6655727923627686,0.07625108527206326,0.7268329737049352
tf=1|ema=34|vwap=roll50|trend=0|sides=long|stop_atr=4.0|target_atr=0.0|exit_cross=True|min_bars=7|max_bars=0|confirm=False|entry=cross_or_pb|exit=close_vwap|regime=spyvw|rs=20|dtrend=50,356,37.92134831460674,1.0096308793821223,359.4285930600355,1.6665506192099246,2.2756593859456933,135,221,5.9510767790262165,0.7407128521200511,1.7455514527090394,306,35.62091503267974,0.47372656040111044,144.96032748273979,1.2834259309308886,0.9471355678541847,109,197,5.666258169934641,0.3936089937791506,0.8506148354406937
tf=1|ema=21|vwap=week|trend=0|sides=long|stop_atr=4.0|target_atr=0.0|exit_cross=True|min_bars=7|max_bars=0|confirm=False|entry=cross_or_pb|exit=close_vwap|regime=spy50|rs=20|dtrend=0,798,43.48370927318296,0.4733438666007783,377.72840554742106,1.3919996891115523,2.4060923903654867,347,451,3.0748224728487887,0.317900636495342,1.742557194686082,716,43.29608938547486,0.37630065511970623,269.43126906570967,1.2999279975413753,2.130608466110085,310,406,3.0157704841713224,0.3012267008100662,1.8388411704050087
tf=1|ema=21|vwap=roll35|trend=0|sides=long|stop_atr=4.0|target_atr=0.0|exit_cross=True|min_bars=7|max_bars=0|confirm=False|entry=cross_or_pb|exit=cross|regime=spy50|rs=0|dtrend=50,778,39.203084832904885,0.6372090514578781,495.7486420342292,1.3739442673535525,2.375993002354237,305,473,6.1931233933161955,0.4382993212229154,1.742549255338135,604,38.41059602649007,0.28422942624767117,171.6745734535934,1.1612807223840245,1.078221582598532,232,372,6.096716335540839,0.10727366129814071,0.4287657781650715
tf=1|ema=21|vwap=roll35|trend=0|sides=long|stop_atr=4.0|target_atr=0.0|exit_cross=True|min_bars=7|max_bars=0|confirm=False|entry=cross_or_pb|exit=cross|regime=spyvw|rs=0|dtrend=50,678,39.08554572271387,0.6659532720605931,451.5163184570821,1.4048570811557775,2.3234847768574665,265,413,6.028883972468043,0.4696601020078446,1.7417191502085767,499,37.4749498997996,-0.16215870773478733,-80.91719515965887,0.9120436868289968,-0.6463656233694838,187,312,5.9135771543086175,-0.33202547882658673,-1.4102269621875323
tf=1|ema=21|vwap=roll35|trend=0|sides=long|stop_atr=0|target_atr=0.0|exit_cross=True|min_bars=0|max_bars=0|confirm=False|entry=cross_or_pb|exit=cross|regime=|rs=0|dtrend=50,858,39.16083916083916,0.6564057805924807,563.1961597483485,1.3795557646144299,2.556818122716327,336,522,6.2430555555555545,0.41318887533249093,1.7403863129567356,685,36.78832116788321,0.09791597033061922,67.07243967647416,1.052943391164751,0.414206760492508,252,433,5.830231143552312,-0.036477583933968154,-0.1633713135894688
tf=1|ema=13|vwap=roll50|trend=0|sides=long|stop_atr=0|target_atr=0.0|exit_cross=True|min_bars=0|max_bars=0|confirm=False|entry=cross|exit=close_vwap|regime=|rs=0|dtrend=50,538,33.82899628252788,0.8280999002622471,445.5177463410889,1.5403133504732778,2.377123791676109,182,356,6.039885377942999,0.570701628966038,1.735586506625277,449,30.734966592427618,0.1392153281450264,62.507682337116854,1.0865420860734678,0.5001687719673299,138,311,5.72253155159614,0.1261807245007888,0.4695919565868348
tf=1|ema=21|vwap=week|trend=0|sides=long|stop_atr=0|target_atr=0.0|exit_cross=True|min_bars=7|max_bars=0|confirm=False|entry=cross_or_pb|exit=close_vwap|regime=spy50|rs=20|dtrend=50,739,43.978349120433016,0.4465490177599425,329.99972412459744,1.3735944074652293,2.391913658114601,325,414,3.1633400992331984,0.2983176564633706,1.7341925692145062,639,42.72300469483568,0.36821413341542925,235.2888312524593,1.2810216788424011,1.8677083808204573,273,366,3.107394366197183,0.32055060810635766,1.7561987324047466
tf=1|ema=34|vwap=roll35|trend=0|sides=long|stop_atr=4.0|target_atr=0.0|exit_cross=True|min_bars=0|max_bars=0|confirm=False|entry=cross|exit=cross|regime=spy50|rs=20|dtrend=0,818,45.354523227383865,0.37553008918509195,307.1836129534052,1.30236872682358,2.169608209272376,371,447,3.0203239608801957,0.27805852052452895,1.7320541118107096,634,43.375394321766564,0.38236329570304023,242.41832947572752,1.2753456629524214,2.0094118818189584,275,359,3.3396424815983172,0.20914776210467917,1.1680011255695726
tf=1|ema=34|vwap=week|trend=0|sides=long|stop_atr=4.0|target_atr=0.0|exit_cross=True|min_bars=7|max_bars=0|confirm=False|entry=cross|exit=cross|regime=spy50|rs=0|dtrend=0,960,53.854166666666664,0.4655570191243565,446.93473835938227,1.327389481043603,2.9649691329734664,517,443,3.9127604166666665,0.2490589357718853,1.731758775843719,891,51.290684624017956,0.23877486582909616,212.74840545372467,1.1399109565930947,1.368392295199864,457,434,3.9257856341189674,0.15977319163286488,0.9720399173959244
tf=1|ema=21|vwap=roll35|trend=0|sides=long|stop_atr=4.0|target_atr=0.0|exit_cross=True|min_bars=0|max_bars=0|confirm=False|entry=cross_or_pb|exit=cross|regime=spyvw|rs=20|dtrend=50,501,38.32335329341317,0.8295001313704006,415.5795658165706,1.4825279951158803,2.2550583534829958,192,309,5.722721224218231,0.6027912521167128,1.7297484384131552,386,36.52849740932643,0.02511434033006281,9.694135367404243,1.0139222283660072,0.08491016655864107,141,245,5.536593264248705,-0.12473922621545211,-0.4492475218208497
tf=1|ema=13|vwap=week|trend=0|sides=long|stop_atr=4.0|target_atr=0.0|exit_cross=True|min_bars=0|max_bars=0|confirm=False|entry=cross|exit=cross|regime=spy50|rs=0|dtrend=0,1622,44.20468557336621,0.34921363537202815,566.4245165734296,1.2557628988676846,2.7391582663242877,717,905,3.2347667488697076,0.20632037380221382,1.7295787163209746,1620,41.60493827160494,0.07428111370477376,120.3354042017335,1.0529751142359536,0.6817628054158846,674,946,3.041100823045267,0.026741118979260205,0.2608959512522909
tf=1|ema=21|vwap=week|trend=0|sides=long|stop_atr=4.0|target_atr=0.0|exit_cross=True|min_bars=0|max_bars=0|confirm=False|entry=cross_or_pb|exit=close_vwap|regime=|rs=20|dtrend=0,1161,40.482342807924205,0.3321279703257534,385.60057354819975,1.3782062135570246,2.854969230526059,470,691,2.2477390180878554,0.18625094880433296,1.7292454867378788,905,39.77900552486188,0.32319681732142713,292.49311967589153,1.363646830530933,2.591308451045571,360,545,2.1075046040515653,0.23932592871551725,2.071990029116469
tf=1|ema=21|vwap=roll35|trend=0|sides=long|stop_atr=4.0|target_atr=0.0|exit_cross=True|min_bars=0|max_bars=0|confirm=False|entry=cross_or_pb|exit=cross|regime=spy50|rs=0|dtrend=50,799,38.04755944931164,0.619388874170301,494.8917104620705,1.378017471257253,2.391602451118606,304,495,5.925792657488527,0.4201120229565533,1.7290343261811536,635,36.8503937007874,0.2314493156497791,146.97031543760974,1.13585837706499,0.9674831309592613,234,401,5.738845144356954,0.08051642923716539,0.35642326685739256
tf=1|ema=34|vwap=roll50|trend=0|sides=long|stop_atr=4.0|target_atr=0.0|exit_cross=True|min_bars=0|max_bars=0|confirm=False|entry=cross|exit=cross|regime=spyvw|rs=20|dtrend=0,322,42.2360248447205,1.2077217573709873,388.8864058734579,1.6254140577120513,2.4459840451220587,136,186,7.804477225672879,0.8111962082908153,1.7286966809395032,252,38.492063492063494,0.4571746860211054,115.20802087731856,1.2010060916747833,0.8141588500237983,97,155,7.745701058201058,0.19125264633489725,0.3781544491912178
tf=1|ema=21|vwap=week|trend=0|sides=long|stop_atr=4.0|target_atr=0.0|exit_cross=True|min_bars=7|max_bars=0|confirm=False|entry=cross_or_pb|exit=close_vwap|regime=spy50|rs=0|dtrend=0,1448,41.71270718232044,0.3368372531838467,487.74034261021006,1.2949673122339402,2.483814329681907,604,844,2.861418047882136,0.21749457331661295,1.7269913122331153,1441,39.41707147814018,0.18330117006865138,264.13698606892666,1.1513785851650105,1.5758391931083315,568,873,2.6910131852879946,0.12958083428242742,1.1998296136339923
tf=1|ema=21|vwap=roll50|trend=0|sides=long|stop_atr=0|target_atr=0.0|exit_cross=True|min_bars=0|max_bars=0|confirm=False|entry=cross|exit=cross|regime=spy50|rs=20|dtrend=0,330,37.878787878787875,1.2787884044322868,422.00017346265463,1.536959107558022,2.1937376043186863,125,205,9.58611111111111,0.9454906349139021,1.726404411574003,309,36.24595469255664,0.385920535103907,119.24944534710727,1.180570403714169,0.9059290774664984,112,197,8.610032362459547,0.30019967788630986,0.7328648677306063
tf=1|ema=13|vwap=week|trend=0|sides=long|stop_atr=0|target_atr=0.0|exit_cross=True|min_bars=0|max_bars=0|confirm=False|entry=cross_or_pb|exit=cross|regime=|rs=0|dtrend=50,1402,47.146932952924395,0.43024237690324657,603.1998124183517,1.3318630013761,3.187994950192894,661,741,3.515602710413695,0.21609239356044332,1.7251940524217995,1139,43.98595258999122,0.17758153046505396,202.26536319969645,1.1246295858408142,1.2912377109381281,501,638,3.3382352941176476,0.1250962948265935,0.9687062143196773
tf=1|ema=34|vwap=roll50|trend=0|sides=long|stop_atr=4.0|target_atr=0.0|exit_cross=True|min_bars=7|max_bars=0|confirm=False|entry=cross_or_pb|exit=cross|regime=|rs=0|dtrend=50,608,44.078947368421055,1.0052255075700354,611.1771086025815,1.5307565953455768,3.052500717115137,268,340,8.319147478070176,0.533592048042855,1.7246655636088501,501,34.930139720558884,0.37260682863765837,186.67602114746686,1.171958525363869,0.9628373359618418,175,326,7.713489687292084,0.20110827319285673,0.5535677140449634
tf=1|ema=13|vwap=roll50|trend=0|sides=long|stop_atr=4.0|target_atr=0.0|exit_cross=True|min_bars=7|max_bars=0|confirm=False|entry=cross|exit=close_vwap|regime=spy50|rs=0|dtrend=50,468,33.97435897435897,0.8669451320049892,405.730321778335,1.5341984674662617,2.1986079847556006,159,309,6.520299145299146,0.6476574420113131,1.7240864331169978,403,33.49875930521092,0.1824155635960084,73.5134721291914,1.1049037653348044,0.583432486865846,135,268,6.312551695616211,0.12869530976320037,0.42870706558898974
tf=1|ema=13|vwap=week|trend=0|sides=long|stop_atr=4.0|target_atr=0.0|exit_cross=True|min_bars=7|max_bars=0|confirm=False|entry=cross_or_pb|exit=cross|regime=|rs=0|dtrend=50,1326,47.737556561085974,0.47403590877624513,628.5716150373011,1.3386690839358364,3.220810248681783,633,693,3.716503267973856,0.23523725915712165,1.7222558276175175,1071,44.44444444444444,0.1744015221000791,186.7840301691847,1.1120738559333079,1.1881976919632824,476,595,3.533535636476813,0.10125436805524077,0.7385418270354401
tf=1|ema=34|vwap=roll35|trend=0|sides=long|stop_atr=0|target_atr=0.0|exit_cross=True|min_bars=7|max_bars=0|confirm=False|entry=cross|exit=close_vwap|regime=spyvw|rs=20|dtrend=50,377,40.318302387267906,0.9034235779582933,340.59068889027657,1.6235670606975638,2.214602143101391,152,225,5.417550839964633,0.6664962757996223,1.7207227135332919,283,42.04946996466431,0.6955713936756285,196.84670441020288,1.4809841532951582,2.056134962114314,119,164,5.290194346289753,0.4215265207932291,1.3371124157815788
tf=1|ema=21|vwap=roll50|trend=0|sides=long|stop_atr=4.0|target_atr=0.0|exit_cross=True|min_bars=7|max_bars=0|confirm=False|entry=cross_or_pb|exit=cross|regime=|rs=0|dtrend=50,574,38.850174216027874,1.082825658045068,621.5419277178689,1.5277361107534375,2.8359844793228652,223,351,9.357215447154472,0.6127092069765355,1.7201632813244399,485,34.63917525773196,0.4221261471414868,204.7311813636211,1.1999913389759362,1.0685201030746156,168,317,7.970189003436427,0.2759861291399044,0.7491964908702293
tf=1|ema=21|vwap=roll35|trend=0|sides=long|stop_atr=4.0|target_atr=0.0|exit_cross=True|min_bars=7|max_bars=0|confirm=False|entry=cross|exit=cross|regime=spy50|rs=0|dtrend=0,931,37.16433941997852,0.5944077648040439,553.3936290325648,1.321573184073529,2.2603288901379432,346,585,6.1938775510204085,0.42800094087859786,1.7199144197771163,858,40.09324009324009,0.2243318982615111,192.4767687083765,1.1204678734116094,1.014696671477688,344,514,6.246697746697747,0.03459323615721964,0.16492834247427626
tf=1|ema=21|vwap=week|trend=0|sides=long|stop_atr=0|target_atr=0.0|exit_cross=True|min_bars=0|max_bars=0|confirm=False|entry=cross_or_pb|exit=close_vwap|regime=|rs=20|dtrend=0,1156,40.484429065743946,0.3312110275466278,382.87994784390173,1.3770258808216291,2.829545991686181,468,688,2.260416666666667,0.18634309996729384,1.719769128763396,904,39.823008849557525,0.32403363871749163,292.9264094006124,1.3645975814071598,2.5914262920247344,360,544,2.1114952064896757,0.24658627876319555,2.135586636395691
tf=1|ema=34|vwap=roll50|trend=0|sides=long|stop_atr=4.0|target_atr=0.0|exit_cross=True|min_bars=7|max_bars=0|confirm=False|entry=cross|exit=cross|regime=spyvw|rs=20|dtrend=0,303,42.9042904290429,1.3075131512387945,396.17648482535475,1.6400818763948948,2.4747706487564765,130,173,8.415841584158416,0.8623347947353641,1.7192788254372593,245,37.95918367346939,0.6889017572836384,168.78093053449143,1.2953120686691706,1.087491552398103,93,152,8.20578231292517,0.4257908688337378,0.7337323330130266
tf=1|ema=34|vwap=week|trend=0|sides=long|stop_atr=0|target_atr=0.0|exit_cross=True|min_bars=7|max_bars=0|confirm=False|entry=cross_or_pb|exit=close_vwap|regime=spy50|rs=20|dtrend=50,507,47.337278106508876,0.5488523697466768,278.26815146156514,1.5429849591579163,2.5620416736165725,240,267,3.0145463510848125,0.328997358256191,1.716908366041756,416,43.50961538461539,0.3389530392541739,141.00446432973635,1.3138648515367604,1.5403973232689323,181,235,2.784455128205128,0.24441121955235337,1.2113159057444378
tf=1|ema=21|vwap=roll35|trend=0|sides=long|stop_atr=4.0|target_atr=0.0|exit_cross=True|min_bars=7|max_bars=0|confirm=False|entry=cross_or_pb|exit=cross|regime=|rs=0|dtrend=50,841,39.47681331747919,0.6662764539501373,560.3384977720656,1.3777643681333183,2.5764387189816618,332,509,6.354686880697582,0.4106801333322441,1.716623813528013,657,37.74733637747337,0.16156107970145583,106.1456293638565,1.0866481599010587,0.6414546920174824,248,409,6.046740233384068,-0.017727964484254025,-0.0740955954240227
tf=1|ema=21|vwap=week|trend=0|sides=long|stop_atr=0|target_atr=0.0|exit_cross=True|min_bars=7|max_bars=0|confirm=False|entry=cross_or_pb|exit=close_vwap|regime=spy50|rs=0|dtrend=0,1439,41.904100069492706,0.31579741931758254,454.43248639800123,1.2771245170037728,2.37514257377907,603,836,2.8790247857308313,0.21065606266505854,1.7149819029806455,1426,39.55119214586255,0.17357942408201033,247.5242587409467,1.1413974110853804,1.4630373847029312,564,862,2.727793361383824,0.1342869361759572,1.2222006013219922
tf=1|ema=21|vwap=roll50|trend=0|sides=long|stop_atr=4.0|target_atr=0.0|exit_cross=True|min_bars=0|max_bars=0|confirm=False|entry=cross_or_pb|exit=cross|regime=|rs=0|dtrend=50,589,38.70967741935484,1.0349986052776565,609.6141785085397,1.5192571153176448,2.8081056969408857,228,361,9.028013582342954,0.5880943691771554,1.7105943537756279,507,33.92504930966469,0.3904564439121184,197.96141706344406,1.1921803862918967,1.0361651531062117,172,335,7.574621959237344,0.2545861477204022,0.7239911690177695
tf=1|ema=34|vwap=roll50|trend=0|sides=long|stop_atr=4.0|target_atr=0.0|exit_cross=True|min_bars=0|max_bars=0|confirm=False|entry=cross_or_pb|exit=close_vwap|regime=spy50|rs=20|dtrend=0,493,32.657200811359026,0.7542073193497616,371.8242084394325,1.516941009040578,2.2179839538996995,161,332,5.200304259634889,0.5521935705662306,1.7098179594672176,420,33.095238095238095,0.5065431534490736,212.7481244486109,1.349920690121261,1.5722575331436177,139,281,5.125396825396826,0.4350248543208667,1.4029109446056682
tf=1|ema=34|vwap=roll35|trend=0|sides=long|stop_atr=4.0|target_atr=0.0|exit_cross=True|min_bars=0|max_bars=0|confirm=False|entry=cross_or_pb|exit=close_vwap|regime=spyvw|rs=20|dtrend=50,445,37.52808988764045,0.7976276949181311,354.9443242385683,1.6159353856807972,2.261118669877725,167,278,4.485112359550562,0.5739254138290752,1.7087284708026123,355,34.647887323943664,0.47853860521456826,169.88120485117173,1.371858191964813,1.6421258355833261,123,232,4.034154929577465,0.28635556467706735,1.057506835437137
tf=1|ema=34|vwap=week|trend=0|sides=long|stop_atr=0|target_atr=0.0|exit_cross=True|min_bars=7|max_bars=0|confirm=False|entry=cross|exit=close_vwap|regime=spy50|rs=20|dtrend=50,463,47.084233261339094,0.5649740838056106,261.58300080199774,1.5709168983697868,2.484332905063148,218,245,2.9802915766738662,0.3475868644533904,1.7071032223321765,358,44.6927374301676,0.2539095049450708,90.89960277033535,1.2434173339103554,1.2349000714055438,160,198,2.797020484171322,0.18035315076683425,0.9640600324864681
tf=1|ema=13|vwap=week|trend=0|sides=long|stop_atr=4.0|target_atr=0.0|exit_cross=True|min_bars=7|max_bars=0|confirm=False|entry=cross_or_pb|exit=close_vwap|regime=spy50|rs=20|dtrend=0,939,40.04259850905218,0.4113340711502645,386.24269281009833,1.312477993400161,2.1638283737324677,376,563,3.0145101171459,0.2995464260337875,1.7059650737008245,802,41.271820448877804,0.1855224479492071,148.7890032552641,1.1371464392175008,1.1302302728466538,331,471,2.9486699916874475,0.10116675080743169,0.6573865032701063
tf=1|ema=21|vwap=roll50|trend=0|sides=long|stop_atr=4.0|target_atr=0.0|exit_cross=True|min_bars=0|max_bars=0|confirm=False|entry=cross_or_pb|exit=close_vwap|regime=spy50|rs=20|dtrend=0,517,31.914893617021278,0.7297000587368089,377.2549303669302,1.507159819261138,2.1001807706087576,165,352,4.797711154094133,0.5641664681159785,1.70563572994191,433,31.87066974595843,0.419703536481316,181.7316312964098,1.2883579398497411,1.3778089415550272,138,295,4.91512702078522,0.3887452609817837,1.3240343527189566
tf=1|ema=34|vwap=roll35|trend=0|sides=long|stop_atr=4.0|target_atr=0.0|exit_cross=True|min_bars=0|max_bars=0|confirm=False|entry=cross_or_pb|exit=close_vwap|regime=spyvw|rs=20|dtrend=0,556,35.611510791366904,0.6687520912518791,371.8261627360447,1.5215831471521726,2.256318740101029,198,358,4.249400479616306,0.47190983712196155,1.7054452454864741,430,35.116279069767444,0.6029550318841355,259.27066371017827,1.4878613620051306,2.120641585391718,151,279,3.8666666666666667,0.3441453866667852,1.3593993798576018
tf=1|ema=13|vwap=roll50|trend=0|sides=long|stop_atr=4.0|target_atr=0.0|exit_cross=True|min_bars=7|max_bars=0|confirm=False|entry=cross|exit=close_vwap|regime=spy50|rs=20|dtrend=0,332,34.93975903614458,1.0982079251252796,364.60503114159286,1.6058014798905895,2.067906780420266,116,216,6.325050200803212,0.8660078435905242,1.704680996149382,306,34.31372549019608,0.4530230125789684,138.62504184916432,1.2490667916009912,1.129962112015195,105,201,6.38099128540305,0.4027152033820696,1.0373929790304508
tf=1|ema=34|vwap=roll35|trend=0|sides=long|stop_atr=4.0|target_atr=0.0|exit_cross=True|min_bars=0|max_bars=0|confirm=False|entry=cross|exit=cross|regime=spy50|rs=0|dtrend=0,1352,43.71301775147929,0.3218083425422204,435.084879117082,1.241559363516348,2.2972219489203614,591,761,3.357556706114398,0.2208017316010914,1.7043087852159475,1247,40.97834803528468,0.11565700938520236,144.22429070334735,1.07747123516116,0.8491167791489918,511,736,3.724873028601978,-0.03116453817943704,-0.24322068957362672
tf=1|ema=21|vwap=roll50|trend=0|sides=long|stop_atr=0|target_atr=0.0|exit_cross=True|min_bars=0|max_bars=0|confirm=False|entry=cross_or_pb|exit=close_vwap|regime=spy50|rs=0|dtrend=0,851,29.847238542890718,0.5608539226849247,477.286688204871,1.3989040886734452,2.218065809128633,254,597,4.964992166079123,0.4121242170270856,1.7042370557305906,777,30.244530244530246,0.1337308293807732,103.90885442886075,1.0925211222234288,0.6759683358165579,235,542,5.0948090948090945,0.06001689267847643,0.3193054903096673
tf=1|ema=13|vwap=week|trend=0|sides=long|stop_atr=0|target_atr=0.0|exit_cross=True|min_bars=7|max_bars=0|confirm=False|entry=cross|exit=close_vwap|regime=spy50|rs=20|dtrend=50,765,40.78431372549019,0.4293087306341381,328.4211789351156,1.3204485270689752,2.07899071188428,312,453,3.11917211328976,0.32433730701412505,1.703750080457494,648,41.97530864197531,0.23951833178682,155.20787899785938,1.1734799859594032,1.2937080946078572,272,376,3.08860596707819,0.1665302123948395,0.9564723166393099
tf=1|ema=34|vwap=roll50|trend=0|sides=long|stop_atr=0|target_atr=0.0|exit_cross=True|min_bars=7|max_bars=0|confirm=False|entry=cross|exit=close_vwap|regime=spy50|rs=0|dtrend=0,628,36.94267515923567,0.7533849721622619,473.1257625179005,1.4245968672285945,2.272504148331877,232,396,6.580878450106158,0.5380288545933416,1.7025894243390969,629,34.65818759936407,0.002261465319948596,1.422461686247667,1.0013183175221871,0.009490918336939222,218,411,6.083399576046634,-0.10072044107850245,-0.4436222001203845
tf=1|ema=13|vwap=roll50|trend=0|sides=long|stop_atr=4.0|target_atr=0.0|exit_cross=True|min_bars=0|max_bars=0|confirm=False|entry=cross|exit=close_vwap|regime=|rs=0|dtrend=50,538,33.82899628252788,0.8345918746837759,449.0104285798714,1.5468656290846838,2.3964848552771683,182,356,6.036787484510533,0.5598338062787254,1.7015128693224086,449,30.734966592427618,0.12915582054950428,57.990963426727426,1.0797897163474675,0.4636024603034525,138,311,5.719654788418708,0.1078983261880076,0.40030253368040564
tf=1|ema=34|vwap=roll35|trend=0|sides=long|stop_atr=0|target_atr=0.0|exit_cross=True|min_bars=0|max_bars=0|confirm=False|entry=cross|exit=close_vwap|regime=spyvw|rs=0|dtrend=50,535,38.3177570093458,0.6981716178961453,373.5218155744378,1.5753195970583107,2.3322640328693027,205,330,4.535202492211838,0.4820179039984539,1.700602669517048,401,37.406483790523694,0.47263555183062717,189.5268562840815,1.3896937180477034,1.8496000708329534,150,251,4.252597672485453,0.2674787438056037,1.132577528897671
tf=1|ema=34|vwap=roll50|trend=0|sides=long|stop_atr=4.0|target_atr=0.0|exit_cross=True|min_bars=0|max_bars=0|confirm=False|entry=cross|exit=close_vwap|regime=spy50|rs=20|dtrend=50,326,35.58282208588957,1.0612120427409486,345.9551259335492,1.616224466289413,2.1899339586629383,116,210,6.428936605316973,0.7843987581952037,1.7005546406811323,285,37.19298245614035,0.8181786255782275,233.18090828979484,1.510837320705091,1.896550115450649,106,179,6.414035087719299,0.7121452566568163,1.7241625916175345
tf=1|ema=21|vwap=roll50|trend=0|sides=long|stop_atr=0|target_atr=0.0|exit_cross=True|min_bars=0|max_bars=0|confirm=False|entry=cross|exit=cross|regime=spy50|rs=20|dtrend=50,308,38.63636363636363,1.3262781824790741,408.4936802035548,1.567003915725162,2.1892938687219243,119,189,9.719020562770563,0.9663176640362278,1.6982757683570897,285,36.8421052631579,0.4880658728784825,139.09877377036753,1.2341247551235033,1.0870569229241123,105,180,8.717982456140351,0.4199134389335374,0.9726591374783975
tf=1|ema=13|vwap=week|trend=0|sides=long|stop_atr=4.0|target_atr=0.0|exit_cross=True|min_bars=7|max_bars=0|confirm=False|entry=cross|exit=cross|regime=|rs=0|dtrend=50,1281,47.46291959406714,0.4744650949254342,607.7897865994813,1.3372584793340012,3.137465484856877,608,673,3.7065443663804323,0.23831439192126894,1.6973308241596556,1035,43.86473429951691,0.07358166170906097,76.15701986887811,1.0464605501312725,0.4996865936296655,454,581,3.5030193236714977,0.007039983109135837,0.051225316016896436
tf=1|ema=34|vwap=roll35|trend=0|sides=long|stop_atr=4.0|target_atr=0.0|exit_cross=True|min_bars=7|max_bars=0|confirm=False|entry=cross|exit=cross|regime=spyvw|rs=0|dtrend=0,1027,46.93281402142161,0.4401345723134519,452.01820576591507,1.2753135013845303,2.4723106445219543,482,545,4.321973385264525,0.2663464480143075,1.697288226089912,792,44.57070707070707,0.49047432474024255,388.45566519427206,1.3018233557295589,2.5228872161950906,353,439,4.661353114478114,0.19065666784058288,1.0843129304526422
tf=1|ema=21|vwap=roll50|trend=0|sides=long|stop_atr=0|target_atr=0.0|exit_cross=True|min_bars=0|max_bars=0|confirm=False|entry=cross_or_pb|exit=close_vwap|regime=|rs=20|dtrend=50,523,32.122370936902485,0.7981060934623968,417.4094868808336,1.5440737233509723,2.2602468222477836,168,355,5.11472275334608,0.5647565146527919,1.6966747357968113,433,32.5635103926097,0.5426352253643522,234.96105258276447,1.3695371428350889,1.4494504799836139,141,292,5.1595458044649725,0.4731263537433187,1.3671479999528353
tf=1|ema=21|vwap=week|trend=0|sides=long|stop_atr=4.0|target_atr=0.0|exit_cross=True|min_bars=7|max_bars=0|confirm=False|entry=cross_or_pb|exit=close_vwap|regime=|rs=20|dtrend=0,1049,45.7578646329838,0.5188080167650738,544.2296095865624,1.4260870484504937,3.009798425351029,480,569,3.0747537337146493,0.2649601744794763,1.6964725824574576,823,43.86391251518833,0.377972872960366,311.0716744463812,1.3040006178696049,2.3636170184509786,361,462,2.9654718509518023,0.24856551478815953,1.6899063630359266
tf=1|ema=34|vwap=week|trend=0|sides=long|stop_atr=4.0|target_atr=0.0|exit_cross=True|min_bars=0|max_bars=0|confirm=False|entry=cross_or_pb|exit=close_vwap|regime=spyvw|rs=0|dtrend=50,547,42.59597806215722,0.3603504442877642,197.11169302540702,1.5321706696827926,2.360467407969711,233,314,1.9208561852528945,0.23701478561668504,1.696440145267662,423,36.643026004728135,0.17650582864219094,74.66196551564678,1.2830546543617478,1.214640162755422,155,268,1.5551615445232465,0.08248165916418496,0.6201187139910803
tf=1|ema=34|vwap=week|trend=0|sides=long|stop_atr=0|target_atr=0.0|exit_cross=True|min_bars=0|max_bars=0|confirm=False|entry=cross|exit=close_vwap|regime=spy50|rs=0|dtrend=50,714,38.65546218487395,0.23590293839974844,168.4346980174204,1.4204950754275865,2.1919685383555194,276,438,1.671451914098973,0.16899270392326127,1.6956976793770493,570,34.91228070175438,0.07921917251641797,45.154928334358246,1.1326161103807586,0.8420437883363454,199,371,1.5855994152046784,0.040965233162195414,0.471141720679486
tf=1|ema=34|vwap=week|trend=0|sides=long|stop_atr=4.0|target_atr=0.0|exit_cross=True|min_bars=0|max_bars=0|confirm=False|entry=cross|exit=close_vwap|regime=|rs=20|dtrend=50,578,43.77162629757785,0.3183800009014702,184.02364052104977,1.5349797970301384,2.4347915982314214,253,325,1.7425749711649365,0.2046921122432019,1.6937072462785685,410,39.51219512195122,0.09583211571376443,39.29116744264341,1.1484506092176838,0.8564531999390105,162,248,1.7293699186991869,0.05527665156275479,0.5263767554475581
tf=1|ema=21|vwap=roll50|trend=0|sides=long|stop_atr=4.0|target_atr=0.0|exit_cross=True|min_bars=0|max_bars=0|confirm=False|entry=cross_or_pb|exit=close_vwap|regime=spy50|rs=0|dtrend=0,856,29.55607476635514,0.5686436424373756,486.7589579263935,1.4111992092391659,2.270610941129128,253,603,4.916082554517133,0.4058540992774347,1.6928595564123137,780,30.384615384615383,0.13427377246274919,104.73354252094435,1.0930400401954325,0.6835484529194821,237,543,5.072435897435898,0.053007449281154286,0.28361776319573334
tf=1|ema=21|vwap=roll50|trend=0|sides=long|stop_atr=4.0|target_atr=0.0|exit_cross=True|min_bars=7|max_bars=0|confirm=False|entry=cross_or_pb|exit=close_vwap|regime=spyvw|rs=0|dtrend=50,518,35.13513513513514,0.7473216831756527,387.1126318849881,1.5110875153102408,2.1802325614337486,182,336,6.025016087516088,0.5492831422834367,1.6921671473252196,426,31.220657276995304,0.08300482570173225,35.36005574893794,1.0520953246195877,0.22615266733688133,133,293,5.364241001564946,0.04269702636616278,0.12567082969236681
tf=1|ema=34|vwap=roll35|trend=0|sides=long|stop_atr=4.0|target_atr=0.0|exit_cross=True|min_bars=0|max_bars=0|confirm=False|entry=cross_or_pb|exit=cross|regime=spy50|rs=0|dtrend=50,1070,44.85981308411215,0.3042694666263745,325.56832929022073,1.2538096618857044,2.14531488859882,480,590,3.1501168224299065,0.21918247899991045,1.692142211885455,821,42.265529841656516,0.2526511719699779,207.42661218735185,1.1922645218257202,1.6254669834779623,347,474,3.389870077141697,0.08437785240949786,0.5783458454129266
tf=1|ema=21|vwap=roll35|trend=0|sides=long|stop_atr=4.0|target_atr=0.0|exit_cross=True|min_bars=7|max_bars=0|confirm=False|entry=cross_or_pb|exit=cross|regime=spy50|rs=0|dtrend=0,1010,37.42574257425743,0.569428188676469,575.1224705632337,1.3191770807744743,2.328111170418836,378,632,6.0125825082508255,0.39048977991635464,1.6895962196596144,902,40.133037694013304,0.2503715673165106,225.83515371949255,1.137834465953738,1.1720116706498651,362,540,6.146110495195861,0.04867788215815206,0.24078880334804878
tf=1|ema=34|vwap=roll35|trend=0|sides=long|stop_atr=4.0|target_atr=0.0|exit_cross=True|min_bars=7|max_bars=0|confirm=False|entry=cross|exit=cross|regime=|rs=20|dtrend=50,740,45.0,0.4625617345989857,342.2956836032494,1.3253463840237778,2.227561095404086,333,407,3.737218468468469,0.32260977039105687,1.6889994942604842,559,45.08050089445438,0.45237663677706613,252.87853995837997,1.2888769288576787,2.0064186931409895,252,307,3.948047107930828,0.25424015229044744,1.2004213497580436
tf=1|ema=13|vwap=week|trend=0|sides=long|stop_atr=4.0|target_atr=0.0|exit_cross=True|min_bars=0|max_bars=0|confirm=False|entry=cross|exit=cross|regime=spy50|rs=20|dtrend=0,921,46.36264929424539,0.4320116229797306,397.8827047643319,1.2993807227812693,2.509733617806079,427,494,3.4225931958016647,0.27195111916998355,1.6888711839364485,801,43.82022471910113,0.16587866196200496,132.86880823156596,1.1094265819564344,0.9795943105888243,351,450,3.1670307948397833,0.11165962898590624,0.6984348959392648
tf=1|ema=34|vwap=roll50|trend=0|sides=long|stop_atr=0|target_atr=0.0|exit_cross=True|min_bars=0|max_bars=0|confirm=False|entry=cross|exit=close_vwap|regime=spy50|rs=0|dtrend=0,644,34.78260869565217,0.7354957569121474,473.6592674514229,1.4610230787533174,2.3433653835389543,224,420,5.912331780538302,0.5062067983933738,1.6867798230785458,642,31.77570093457944,0.09448229827232381,60.657635490831886,1.0635750031233135,0.42904417527763333,204,438,5.377141744548287,0.0023377663741292777,0.011154549591883113
tf=1|ema=13|vwap=roll50|trend=0|sides=long|stop_atr=0|target_atr=0.0|exit_cross=True|min_bars=7|max_bars=0|confirm=False|entry=cross|exit=close_vwap|regime=spy50|rs=20|dtrend=0,332,34.93975903614458,1.0516549413919747,349.14944054213555,1.5655971073766863,1.9740146706395776,116,216,6.347013052208834,0.8575359812072086,1.6864346925612865,306,34.31372549019608,0.4719417519778429,144.41417610521992,1.2621952673095502,1.1795547876114876,105,201,6.401143790849673,0.43890098602432753,1.136419232238825
tf=1|ema=21|vwap=roll50|trend=0|sides=long|stop_atr=0|target_atr=0.0|exit_cross=True|min_bars=7|max_bars=0|confirm=False|entry=cross|exit=cross|regime=|rs=0|dtrend=50,494,40.283400809716596,1.096501774641429,541.6718766728659,1.4911118753813182,2.5086943206193704,199,295,10.405364372469636,0.68687843973176,1.686088432235778,427,36.768149882903984,0.3741890637720714,159.77873023067448,1.1688729446385713,0.8798844143913506,157,270,8.817330210772834,0.25183903911825795,0.6335259945327764
tf=1|ema=13|vwap=week|trend=0|sides=long|stop_atr=4.0|target_atr=0.0|exit_cross=True|min_bars=0|max_bars=0|confirm=False|entry=cross|exit=close_vwap|regime=|rs=20|dtrend=50,941,39.213602550478214,0.37621930039468426,354.02236167139785,1.3706698220779514,2.5694463066252546,369,572,2.462362734679419,0.2297864374360779,1.6860020559974824,748,39.037433155080215,0.17660051060872603,132.09718193532706,1.1555568132737164,1.2253273231240938,292,456,2.415831105169341,0.08121240421238145,0.6063296087390972
tf=1|ema=13|vwap=week|trend=0|sides=long|stop_atr=4.0|target_atr=0.0|exit_cross=True|min_bars=7|max_bars=0|confirm=False|entry=cross|exit=close_vwap|regime=spy50|rs=20|dtrend=50,766,40.731070496083554,0.44011960163611064,337.1316148532607,1.3316503905159414,2.1608172143662743,312,454,3.089371192341166,0.31717502214908433,1.6857367713692397,649,41.75654853620955,0.17997855887647185,116.80608471083022,1.1285808235471844,0.9867967861168218,271,378,3.0478941961992807,0.10129829670060286,0.5895891253157113
tf=1|ema=21|vwap=roll35|trend=0|sides=long|stop_atr=0|target_atr=0.0|exit_cross=True|min_bars=7|max_bars=0|confirm=False|entry=cross|exit=cross|regime=spy50|rs=0|dtrend=50,702,38.888888888888886,0.624193097469902,438.18355442387127,1.3478171087938466,2.117103697745153,273,429,6.622625830959165,0.4653238382976033,1.6855276038930866,545,40.0,0.38138443592998833,207.85451758184362,1.2071450657073803,1.2953202329854137,218,327,6.553058103975536,0.23565144600903187,0.8461395618584487
tf=1|ema=34|vwap=roll35|trend=0|sides=long|stop_atr=4.0|target_atr=0.0|exit_cross=True|min_bars=0|max_bars=0|confirm=False|entry=cross|exit=close_vwap|regime=spy50|rs=20|dtrend=0,585,33.84615384615385,0.5915853649273567,346.0774384825037,1.4378311029433248,1.9509804930493924,198,387,4.241880341880342,0.4815355433116206,1.6846043346484192,468,37.17948717948718,0.6885768960064028,322.2539873309965,1.5292622270510223,2.2504962808204096,174,294,4.187678062678062,0.5105531894871941,1.7821998837584212
tf=1|ema=21|vwap=roll50|trend=0|sides=long|stop_atr=0|target_atr=0.0|exit_cross=True|min_bars=0|max_bars=0|confirm=False|entry=cross_or_pb|exit=close_vwap|regime=spy50|rs=20|dtrend=50,482,32.365145228215766,0.7511957961752064,362.07637375644947,1.5204267453449494,2.055044829875074,156,326,4.949688796680498,0.5840017657623774,1.681940458858846,390,33.58974358974359,0.4815238101041523,187.79428594061937,1.340703518908677,1.5059291721167105,131,259,5.1224358974358974,0.44880068356571884,1.4656538239725225
tf=1|ema=34|vwap=week|trend=0|sides=long|stop_atr=0|target_atr=0.0|exit_cross=True|min_bars=0|max_bars=0|confirm=False|entry=cross|exit=close_vwap|regime=spyvw|rs=20|dtrend=50,333,47.447447447447445,0.4150765341273759,138.22048586441616,1.6603538153257558,2.256202351802063,158,175,2.011136136136136,0.2860914327199602,1.6814789239572976,224,41.964285714285715,0.14084298101393442,31.54882774712131,1.2298282396806486,0.9762238907383876,94,130,1.732514880952381,0.01631264322395002,0.12111105568710541
tf=1|ema=13|vwap=week|trend=0|sides=long|stop_atr=4.0|target_atr=0.0|exit_cross=True|min_bars=0|max_bars=0|confirm=False|entry=cross_or_pb|exit=cross|regime=spy50|rs=0|dtrend=50,1266,45.813586097946285,0.38573380801453616,488.33900094640273,1.2969096817694152,2.762863145526211,580,686,3.354791995787256,0.21968261458095603,1.6811372803113196,1084,42.435424354243544,0.13403899640973455,145.29827210815225,1.0964636156531957,0.9850054472096244,460,624,3.1602091020910206,0.08024525103022814,0.627394124949667
tf=1|ema=21|vwap=week|trend=0|sides=long|stop_atr=0|target_atr=0.0|exit_cross=True|min_bars=0|max_bars=0|confirm=False|entry=cross|exit=close_vwap|regime=|rs=20|dtrend=0,984,42.479674796747965,0.3465713114028715,341.0261704204256,1.396769893808055,2.8060046065049393,418,566,2.3715701219512195,0.1940866614009216,1.6809317268027593,741,42.7800269905533,0.3729435891206502,276.3511995384018,1.4223583370116961,2.789899984275681,317,424,2.2086144849302745,0.2912027177959422,2.347384559898064
tf=1|ema=34|vwap=roll35|trend=0|sides=long|stop_atr=4.0|target_atr=0.0|exit_cross=True|min_bars=7|max_bars=0|confirm=False|entry=cross_or_pb|exit=close_vwap|regime=spyvw|rs=20|dtrend=50,428,39.953271028037385,0.8488831622746761,363.3219934535614,1.579588432864443,2.2702249246084705,171,257,5.199182242990654,0.595865605332265,1.6802735833837052,334,39.52095808383233,0.5488866650731524,183.3281461344329,1.380028614089607,1.7295327805928402,132,202,4.86813872255489,0.3196932109436734,1.0809265599892632
tf=1|ema=34|vwap=roll50|trend=0|sides=long|stop_atr=0|target_atr=0.0|exit_cross=True|min_bars=0|max_bars=0|confirm=False|entry=cross_or_pb|exit=close_vwap|regime=spy50|rs=20|dtrend=0,491,32.9938900203666,0.7377967241235976,362.25819154468644,1.4958085918065187,2.1473588780282222,162,329,5.254582484725051,0.5470171685898574,1.6791201132661064,419,33.17422434367542,0.5100412947362996,213.70730249450952,1.3520537205925334,1.5739086500482578,139,280,5.140612569610184,0.445715512810133,1.4314822907739224
tf=1|ema=34|vwap=roll35|trend=0|sides=long|stop_atr=0|target_atr=0.0|exit_cross=True|min_bars=7|max_bars=0|confirm=False|entry=cross|exit=cross|regime=spyvw|rs=20|dtrend=50,459,48.5838779956427,0.5221701676236659,239.67610693926264,1.3633872971323115,1.8910019085668266,223,236,3.952432824981844,0.43943016977211447,1.6788558955865043,344,49.41860465116279,0.5646997027014644,194.25669772930374,1.4002581248113783,2.1821176665846327,170,174,4.23703972868217,0.25702709722193334,1.0518135566933218
tf=1|ema=21|vwap=roll35|trend=0|sides=long|stop_atr=0|target_atr=0.0|exit_cross=True|min_bars=0|max_bars=0|confirm=False|entry=cross|exit=cross|regime=spy50|rs=0|dtrend=50,722,38.227146814404435,0.6130040095916455,442.58889492516806,1.355531582171167,2.1546603325677953,276,446,6.331198060941828,0.4472882508480309,1.6787554031750103,576,38.541666666666664,0.3134754512075241,180.56185989553387,1.1763592233829294,1.177165834764478,222,354,6.139033564814815,0.18730614622283442,0.7469381351967256
tf=1|ema=13|vwap=week|trend=0|sides=long|stop_atr=0|target_atr=0.0|exit_cross=True|min_bars=7|max_bars=0|confirm=False|entry=cross|exit=close_vwap|regime=spy50|rs=0|dtrend=0,1423,38.93183415319747,0.32319429788269605,459.90548588707657,1.259104504967301,2.1023673322379146,554,869,2.8605645350199107,0.24051076424051598,1.6784516507298843,1419,39.464411557434815,0.07497662167507649,106.39182615693352,1.0586753595089562,0.6656322267515562,560,859,2.8087561663143057,0.02887989702632867,0.27523434383356515
tf=1|ema=34|vwap=roll35|trend=0|sides=long|stop_atr=4.0|target_atr=0.0|exit_cross=True|min_bars=7|max_bars=0|confirm=False|entry=cross_or_pb|exit=cross|regime=spyvw|rs=20|dtrend=50,508,47.83464566929134,0.47811128504217,242.88053280142233,1.3384794319999733,1.9456082024775,243,265,3.597604986876641,0.3876445922354388,1.678311106893103,395,46.58227848101266,0.3627208425330463,143.2747328005533,1.2459233980576085,1.5591660209680245,184,211,3.733966244725738,0.10592455760243681,0.4853432401747404
tf=1|ema=34|vwap=roll50|trend=0|sides=long|stop_atr=4.0|target_atr=0.0|exit_cross=True|min_bars=7|max_bars=0|confirm=False|entry=cross|exit=cross|regime=spyvw|rs=20|dtrend=50,247,42.91497975708502,1.3383649777078688,330.5761494938436,1.6656711060126292,2.225810070747055,106,141,8.374156545209177,0.9731191198896528,1.6779655077716715,221,38.46153846153846,0.675172257475392,149.21306890206162,1.291435478046364,0.9901327733042188,85,136,8.00603318250377,0.51113483577165,0.8081346569436894
tf=1|ema=34|vwap=roll50|trend=0|sides=long|stop_atr=0|target_atr=0.0|exit_cross=True|min_bars=0|max_bars=0|confirm=False|entry=cross|exit=close_vwap|regime=spy50|rs=20|dtrend=50,326,35.88957055214724,1.040538327459355,339.21549475174965,1.5951693182988318,2.135794838618845,117,209,6.481339468302659,0.776666637038279,1.6778072003602622,285,37.19298245614035,0.8059547215860261,229.69709565201742,1.4993937877097452,1.8636123502483986,106,179,6.417251461988304,0.7080005433640288,1.7119243834544104
tf=1|ema=34|vwap=roll50|trend=0|sides=long|stop_atr=4.0|target_atr=0.0|exit_cross=True|min_bars=7|max_bars=0|confirm=False|entry=cross_or_pb|exit=close_vwap|regime=spy50|rs=0|dtrend=0,796,36.80904522613066,0.6684526659618039,532.0883221055959,1.4273841008993178,2.4795087033707137,293,503,5.907087520938024,0.4291682997227762,1.6754622575318456,754,33.02387267904509,0.04631391660778907,34.92069312227296,1.0291019916685231,0.2174301756625045,249,505,5.57603890362511,-0.06445065962461327,-0.3178188353623834
tf=1|ema=21|vwap=week|trend=0|sides=long|stop_atr=4.0|target_atr=0.0|exit_cross=True|min_bars=7|max_bars=0|confirm=False|entry=cross_or_pb|exit=cross|regime=|rs=0|dtrend=50,1149,51.61009573542211,0.46975598139412567,539.7496226218503,1.3577478538142052,3.376514920828242,593,556,3.787496373658254,0.21346244875280312,1.6754444382716618,928,49.35344827586207,0.3416468615290641,317.0482874989715,1.2320859979907326,2.1589035721114698,458,470,3.554867097701149,0.2451136598129302,1.6469171150208648
tf=1|ema=13|vwap=week|trend=0|sides=long|stop_atr=0|target_atr=0.0|exit_cross=True|min_bars=0|max_bars=0|confirm=False|entry=cross|exit=close_vwap|regime=spyvw|rs=20|dtrend=0,736,41.983695652173914,0.483145070165453,355.59477164177343,1.4549972923057175,2.734440402091932,309,427,2.5442708333333335,0.2713955599086853,1.6751324545480808,512,41.796875,0.21246958173847139,108.78442585009735,1.2028854138282574,1.3298838559974266,214,298,2.364420572916667,0.09947378598739148,0.6745138157268997
tf=1|ema=21|vwap=roll35|trend=0|sides=long|stop_atr=4.0|target_atr=0.0|exit_cross=True|min_bars=0|max_bars=0|confirm=False|entry=cross_or_pb|exit=cross|regime=|rs=0|dtrend=50,865,38.49710982658959,0.6487890491711983,561.2025275330865,1.3834200924768065,2.602853243085141,333,532,6.085693641618497,0.38549494890961167,1.6715272494741833,689,36.2844702467344,0.11935060061477663,82.23256382358109,1.0664322593250908,0.5197128377206025,250,439,5.700834542815675,-0.03540979274049784,-0.1630463757940556
tf=1|ema=34|vwap=week|trend=0|sides=long|stop_atr=0|target_atr=0.0|exit_cross=True|min_bars=7|max_bars=0|confirm=False|entry=cross_or_pb|exit=close_vwap|regime=spyvw|rs=20|dtrend=0,466,46.99570815450644,0.790277681670924,368.2693996586506,1.6689581372453908,2.5923727149070888,219,247,3.0401466380543636,0.45390895562554595,1.671507754993693,341,46.04105571847507,0.5009701047840333,170.83080573135533,1.5155791456293954,2.245563726252699,157,184,2.67094330400782,0.28099075940795926,1.4231439336604021
tf=1|ema=21|vwap=roll50|trend=0|sides=long|stop_atr=4.0|target_atr=0.0|exit_cross=True|min_bars=0|max_bars=0|confirm=False|entry=cross_or_pb|exit=close_vwap|regime=|rs=20|dtrend=50,524,32.06106870229008,0.8060888012226678,422.39053184067797,1.5530063751816514,2.2886033356588396,168,356,5.090648854961832,0.5549819040508915,1.6704226091258516,433,32.5635103926097,0.5400751584693971,233.85254361724898,1.3671536231376673,1.443886880785724,141,292,5.141454965357967,0.46688676422059416,1.3495844695485228
tf=1|ema=13|vwap=week|trend=0|sides=long|stop_atr=0|target_atr=0.0|exit_cross=True|min_bars=7|max_bars=0|confirm=False|entry=cross_or_pb|exit=close_vwap|regime=spy50|rs=20|dtrend=50,880,41.02272727272727,0.3826083921470809,336.6953850894312,1.292206791419179,2.079523398475429,361,519,3.0829545454545455,0.2815746186330686,1.666230362734567,727,41.26547455295736,0.30091169854898314,218.76280484511074,1.225040564944174,1.6703289901249225,300,427,3.0500917010545625,0.22033892788802345,1.3026897171262048
tf=1|ema=34|vwap=roll35|trend=0|sides=long|stop_atr=4.0|target_atr=0.0|exit_cross=True|min_bars=7|max_bars=0|confirm=False|entry=cross|exit=cross|regime=spy50|rs=20|dtrend=50,671,44.560357675111774,0.4687542987509675,314.53413446189916,1.3310882019908845,2.1066006487194127,299,372,3.6369225037257826,0.34273495890666045,1.6661749746316652,514,45.719844357976655,0.5751668250841505,295.63574809325337,1.3768465533907768,2.4003092685007648,235,279,3.9689526588845654,0.3552471941127098,1.575315721975906
tf=1|ema=34|vwap=roll50|trend=0|sides=long|stop_atr=4.0|target_atr=0.0|exit_cross=True|min_bars=0|max_bars=0|confirm=False|entry=cross_or_pb|exit=cross|regime=|rs=0|dtrend=50,640,43.4375,0.9250850175628992,592.0544112402555,1.5120571200178892,2.9874480492167623,278,362,7.812565104166666,0.48435232213061746,1.6658485493980526,530,35.094339622641506,0.3149204042319739,166.9078142429462,1.151424841361628,0.8830086153441369,186,344,7.200943396226415,0.15684029927158882,0.4698067975602081
tf=1|ema=34|vwap=roll35|trend=0|sides=long|stop_atr=4.0|target_atr=0.0|exit_cross=True|min_bars=7|max_bars=0|confirm=False|entry=cross_or_pb|exit=cross|regime=|rs=20|dtrend=50,761,44.940867279894874,0.45037968592490835,342.7389409888553,1.318047899723872,2.2185263638294725,342,419,3.703296101620675,0.3107754437531843,1.665622314162612,593,44.8566610455312,0.4041470964376773,239.65922818754265,1.2572431646304831,1.871512333128153,266,327,3.845207982012367,0.21583049020741188,1.0648249713449947
tf=1|ema=34|vwap=roll35|trend=0|sides=long|stop_atr=0|target_atr=0.0|exit_cross=True|min_bars=7|max_bars=0|confirm=False|entry=cross_or_pb|exit=cross|regime=|rs=20|dtrend=50,754,45.88859416445624,0.4512095688488386,340.2120149120243,1.3066627631396455,2.0883938514183837,346,408,4.011107427055703,0.3312582735896,1.664816203853901,586,46.2457337883959,0.4813425466987359,282.06673236545925,1.3122947137964427,2.169087062655386,271,315,4.180887372013652,0.26437979419966845,1.2643342900725996
tf=1|ema=34|vwap=roll50|trend=0|sides=long|stop_atr=4.0|target_atr=0.0|exit_cross=True|min_bars=0|max_bars=0|confirm=False|entry=cross|exit=cross|regime=spyvw|rs=20|dtrend=50,265,42.64150943396226,1.237730311873907,327.9985326465853,1.6502237686254542,2.2215521764740997,113,152,7.695125786163523,0.8946006366746498,1.6641113399005034,228,38.59649122807018,0.40078600279900645,91.37920863817347,1.1767810556712794,0.6688258134038109,88,140,7.546783625730995,0.24123222452539836,0.4402363158784997
tf=1|ema=34|vwap=roll35|trend=0|sides=long|stop_atr=4.0|target_atr=0.0|exit_cross=True|min_bars=0|max_bars=0|confirm=False|entry=cross_or_pb|exit=cross|regime=spyvw|rs=0|dtrend=50,749,48.197596795727634,0.3675174725988075,275.2705869765068,1.2991339214124744,2.0554321486563905,361,388,3.2591789052069426,0.2758193258701949,1.6636460297420461,603,42.95190713101161,0.18612071599330898,112.23079174396531,1.1515824809466733,1.1653648269130628,259,344,3.26112493090105,-0.004630386388346479,-0.031048303522504157
tf=1|ema=21|vwap=roll50|trend=0|sides=long|stop_atr=0|target_atr=0.0|exit_cross=True|min_bars=0|max_bars=0|confirm=False|entry=cross|exit=cross|regime=|rs=20|dtrend=50,338,39.64497041420118,1.3579861682103374,458.9993248550941,1.5942828708212151,2.4111891564502113,134,204,9.981508875739644,0.8756101593431989,1.6630375701608873,325,36.92307692307692,0.6519716158461109,211.890775149986,1.3083707365652597,1.2750712089785747,120,205,8.63551282051282,0.49872283683293245,1.052731030873843
tf=1|ema=21|vwap=roll35|trend=0|sides=long|stop_atr=4.0|target_atr=0.0|exit_cross=True|min_bars=0|max_bars=0|confirm=False|entry=cross_or_pb|exit=cross|regime=spyvw|rs=0|dtrend=50,692,38.4393063583815,0.6367578924562054,440.6364615796941,1.4001609281906118,2.2871545348809104,266,426,5.806960500963392,0.43507458228448914,1.661578015147206,519,36.030828516377646,-0.1871883002900246,-97.15072785052276,0.8950200066300995,-0.7893641969525992,187,332,5.5932883750802835,-0.3428723633737162,-1.5457241721959665
tf=1|ema=21|vwap=roll35|trend=0|sides=long|stop_atr=0|target_atr=0.0|exit_cross=True|min_bars=0|max_bars=0|confirm=False|entry=cross|exit=cross|regime=spyvw|rs=0|dtrend=50,548,38.503649635036496,0.678135862490217,371.61845264463886,1.409871116343636,2.060228465232752,211,337,6.415450121654501,0.5150356129676069,1.6613014799124106,422,37.203791469194314,-0.1088640751231157,-45.94063970195482,0.9432594912014046,-0.37518477009098405,157,265,6.2218601895734595,-0.242815451343327,-0.8928499817442896
tf=1|ema=13|vwap=week|trend=0|sides=long|stop_atr=4.0|target_atr=0.0|exit_cross=True|min_bars=0|max_bars=0|confirm=False|entry=cross|exit=close_vwap|regime=spyvw|rs=20|dtrend=0,736,41.84782608695652,0.48340308355125283,355.7846694937221,1.4556315209593347,2.742463101673346,308,428,2.5382133152173916,0.2683611091401037,1.6605157196336688,512,41.796875,0.21161284292978066,108.3457755800477,1.201902146490314,1.32576683588752,214,298,2.362955729166667,0.0899488324185438,0.6088453256413796
tf=1|ema=34|vwap=roll50|trend=0|sides=long|stop_atr=4.0|target_atr=0.0|exit_cross=True|min_bars=7|max_bars=0|confirm=False|entry=cross|exit=cross|regime=|rs=0|dtrend=50,536,44.02985074626866,1.0645542036044342,570.6010531319768,1.5320702812286977,2.9264815147771936,236,300,8.886271766169154,0.5661324343184556,1.6600814659452559,456,35.526315789473685,0.38560886664620514,175.83764319066955,1.1760699675465165,0.9604888528028681,162,294,8.000274122807017,0.2167309055001044,0.5740538136110647
tf=1|ema=13|vwap=week|trend=0|sides=long|stop_atr=0|target_atr=0.0|exit_cross=True|min_bars=0|max_bars=0|confirm=False|entry=cross|exit=close_vwap|regime=|rs=20|dtrend=50,941,39.319872476089266,0.3697508796661601,347.93557776585664,1.3618087170323423,2.512987922180656,370,571,2.4673219978746013,0.22720129713407716,1.6599578160539445,748,39.17112299465241,0.2316507436221148,173.27475622934185,1.2097178305751994,1.5991618825622858,293,455,2.4298128342245993,0.14177190060559466,1.0526461376664924
tf=1|ema=34|vwap=roll35|trend=0|sides=long|stop_atr=4.0|target_atr=0.0|exit_cross=True|min_bars=0|max_bars=0|confirm=False|entry=cross_or_pb|exit=close_vwap|regime=spy50|rs=20|dtrend=0,628,33.9171974522293,0.556764131077275,349.64787431652866,1.4277053849574737,1.9683735604008383,213,415,4.097332802547771,0.4416181924090391,1.6571634808040152,529,34.40453686200378,0.5706494287069698,301.87354778598706,1.4549662136682384,2.094568815803125,182,347,3.8974480151228734,0.42237403684383373,1.6549910554793774
tf=1|ema=13|vwap=week|trend=0|sides=long|stop_atr=4.0|target_atr=0.0|exit_cross=True|min_bars=7|max_bars=0|confirm=False|entry=cross_or_pb|exit=close_vwap|regime=spy50|rs=20|dtrend=50,883,40.99660249150623,0.3959905629936496,349.6596671233926,1.3065734388599757,2.1865173791298136,362,521,3.0557285768214415,0.2762087693303348,1.6570827642876145,729,41.1522633744856,0.24805887618335018,180.8349207376623,1.1835129219195912,1.3963720573727993,300,429,3.0138317329675357,0.16374100090062566,0.980452004580421
tf=1|ema=34|vwap=roll50|trend=0|sides=long|stop_atr=4.0|target_atr=0.0|exit_cross=True|min_bars=7|max_bars=0|confirm=False|entry=cross_or_pb|exit=close_vwap|regime=spyvw|rs=0|dtrend=50,495,37.77777777777778,0.8140087777420877,402.9343449823334,1.5784456306974286,2.44335824533476,187,308,6.289309764309766,0.5234552927431323,1.6560722504245213,431,33.17865429234339,0.21982976702248813,94.74662958669238,1.1412752060644695,0.5978181106462224,143,288,5.5526875483372,0.12171157838522792,0.35772896941381144
tf=1|ema=13|vwap=roll50|trend=0|sides=long|stop_atr=0|target_atr=0.0|exit_cross=True|min_bars=7|max_bars=0|confirm=False|entry=cross|exit=close_vwap|regime=|rs=0|dtrend=50,520,35.57692307692308,0.8421280250993596,437.906573051667,1.4993124774841697,2.294979881789944,185,335,6.7563301282051285,0.5699000312077355,1.6493100674143062,443,33.182844243792324,0.16221887426026269,71.86296129729637,1.0943352037568748,0.5568665703308102,147,296,6.246049661399549,0.12445693071790462,0.44280383636165876
tf=1|ema=34|vwap=roll35|trend=0|sides=long|stop_atr=0|target_atr=0.0|exit_cross=True|min_bars=7|max_bars=0|confirm=False|entry=cross|exit=close_vwap|regime=|rs=20|dtrend=0,713,37.166900420757365,0.6515952376863022,464.5874044703335,1.4202621613733777,2.3559246609494275,265,448,5.065509583917719,0.4159196997975314,1.6476676980491722,525,39.04761904761905,0.9344091619068999,490.5648100011225,1.628577598733135,2.899343312486498,205,320,5.079682539682539,0.624496640288842,2.1227631386742525
tf=1|ema=34|vwap=week|trend=0|sides=long|stop_atr=0|target_atr=0.0|exit_cross=True|min_bars=7|max_bars=0|confirm=False|entry=cross|exit=close_vwap|regime=spyvw|rs=20|dtrend=0,390,48.205128205128204,0.8809565027454773,343.5730360707361,1.8231875533593036,2.6531002533525427,188,202,3.039102564102564,0.48674467215329464,1.6465785157791515,279,45.878136200716845,0.19838990264109466,55.350782836865406,1.187332845054366,0.9558430266595551,128,151,2.593637992831541,-0.007620524720121095,-0.04246104114500784
tf=1|ema=34|vwap=roll35|trend=0|sides=long|stop_atr=4.0|target_atr=0.0|exit_cross=True|min_bars=0|max_bars=0|confirm=False|entry=cross|exit=close_vwap|regime=spyvw|rs=0|dtrend=0,945,38.095238095238095,0.4976071753192299,470.23878067667226,1.4378542999907702,2.396937873434703,360,585,3.651190476190476,0.32027918843268377,1.6460884315890076,754,36.206896551724135,0.3576301976363404,269.6531690178007,1.3362998996901592,1.9531078550401804,273,481,3.1975022104332447,0.18381968089312573,1.1110420209688252
tf=1|ema=21|vwap=week|trend=0|sides=long|stop_atr=0|target_atr=0.0|exit_cross=True|min_bars=7|max_bars=0|confirm=False|entry=cross_or_pb|exit=close_vwap|regime=spy50|rs=20|dtrend=0,794,43.45088161209068,0.449511338099965,356.91200245137225,1.3668226594141584,2.2553634040855357,345,449,3.1116708648194793,0.3035845662257382,1.6454560116157921,709,43.30042313117066,0.34499379888646825,244.60060341050598,1.26615039425857,1.901458268830496,307,402,3.0554184297132116,0.29261382339883246,1.745282069553624
tf=1|ema=34|vwap=roll50|trend=0|sides=long|stop_atr=4.0|target_atr=0.0|exit_cross=True|min_bars=0|max_bars=0|confirm=False|entry=cross_or_pb|exit=close_vwap|regime=spy50|rs=20|dtrend=50,459,33.11546840958606,0.7761747957732931,356.26423125994154,1.52716423003034,2.168786732439742,152,307,5.3885257806826425,0.558554800278841,1.645198350498363,375,34.4,0.5663456032396341,212.3796012148628,1.3873238643074837,1.6374665315429766,129,246,5.440111111111111,0.49195985671629955,1.4880423776333371
tf=1|ema=13|vwap=week|trend=0|sides=long|stop_atr=4.0|target_atr=0.0|exit_cross=True|min_bars=0|max_bars=0|confirm=False|entry=cross_or_pb|exit=cross|regime=spy50|rs=20|dtrend=50,923,47.020585048754064,0.4241463227631583,391.4870559103951,1.3031218306606367,2.5399860136652754,434,489,3.454541350668111,0.2570165483422806,1.644585175336541,788,43.52791878172589,0.23685329900422328,186.64039961532794,1.1599621063010643,1.3816300654135434,343,445,3.176078680203046,0.17948805307458765,1.1126754729547197
tf=1|ema=34|vwap=roll35|trend=0|sides=long|stop_atr=4.0|target_atr=0.0|exit_cross=True|min_bars=7|max_bars=0|confirm=False|entry=cross_or_pb|exit=cross|regime=spy50|rs=0|dtrend=0,1213,43.7757625721352,0.38131795311957406,462.5386771340433,1.2477050903815725,2.298700648370618,531,682,4.044139873591646,0.25171827695248417,1.642081354775788,1136,43.13380281690141,0.20847640569513853,236.82919686967736,1.1243174021675615,1.3193832137850254,490,646,4.465632335680752,0.03732282726623908,0.25128156574915783
tf=1|ema=21|vwap=week|trend=0|sides=long|stop_atr=4.0|target_atr=0.0|exit_cross=True|min_bars=0|max_bars=0|confirm=False|entry=cross|exit=close_vwap|regime=|rs=20|dtrend=0,984,42.3780487804878,0.34074657694001037,335.2946317089702,1.387735925093498,2.7637441358823724,417,567,2.357596544715447,0.1888930124068539,1.6402356008466419,742,42.58760107816712,0.3706837105145529,275.04731320179826,1.4199428071401774,2.782784122565888,316,426,2.201314016172507,0.28025426082512156,2.2590020988599804
tf=1|ema=34|vwap=roll35|trend=0|sides=long|stop_atr=0|target_atr=0.0|exit_cross=True|min_bars=7|max_bars=0|confirm=False|entry=cross|exit=cross|regime=|rs=20|dtrend=50,737,45.86160108548168,0.4516098180858442,332.8364359292672,1.3041116278782332,2.0504227277770233,338,399,4.037483039348711,0.33263435653535794,1.6390225767982096,558,46.59498207885304,0.5196962494357469,289.9905071851467,1.3365663650454895,2.2564913701294396,260,298,4.260528673835125,0.2981737743047078,1.373413686383031
tf=1|ema=21|vwap=roll50|trend=0|sides=long|stop_atr=0|target_atr=0.0|exit_cross=True|min_bars=0|max_bars=0|confirm=False|entry=cross|exit=cross|regime=|rs=0|dtrend=50,509,39.882121807465616,1.0262606950600706,522.3666937855759,1.4720284258851979,2.442414449682526,203,306,9.970776031434184,0.6409179726668706,1.63675780540779,449,35.85746102449889,0.34273497471994663,153.88800364925604,1.1622357086572341,0.8516951883543531,161,288,8.32507423904974,0.23206938216653322,0.6163247193882797
tf=1|ema=34|vwap=roll50|trend=0|sides=long|stop_atr=4.0|target_atr=0.0|exit_cross=True|min_bars=0|max_bars=0|confirm=False|entry=cross|exit=close_vwap|regime=spy50|rs=20|dtrend=0,348,34.770114942528735,0.9726048778263308,338.4664974835631,1.5660836603347377,2.1230710262631622,121,227,6.234674329501916,0.7134011133627763,1.6352898887593224,309,35.922330097087375,0.7059253880451216,218.13094490594258,1.439488108392769,1.744909239832343,111,198,6.144147788565264,0.5957154407458863,1.5339701745813166
tf=1|ema=34|vwap=roll35|trend=0|sides=long|stop_atr=4.0|target_atr=0.0|exit_cross=True|min_bars=0|max_bars=0|confirm=False|entry=cross_or_pb|exit=cross|regime=|rs=0|dtrend=50,1164,45.618556701030926,0.3152412363781733,366.9407991441937,1.2562315660825383,2.2966075888717734,531,633,3.2693656930126003,0.20309446651947094,1.6338342301995317,886,41.64785553047404,0.16348292267791864,144.84586949263593,1.1210099473918722,1.1075123726168168,369,517,3.343961625282167,0.014607533331844929,0.10558215992187467
tf=1|ema=34|vwap=week|trend=0|sides=long|stop_atr=4.0|target_atr=0.0|exit_cross=True|min_bars=7|max_bars=0|confirm=False|entry=cross_or_pb|exit=close_vwap|regime=spyvw|rs=20|dtrend=0,468,47.00854700854701,0.7775242720574422,363.88135932288293,1.6512140934361246,2.5602141086354355,220,248,2.990562678062678,0.4402825433774466,1.6312841423693263,342,45.90643274853801,0.48029253331404603,164.2600463934037,1.4861081285711377,2.151196787505643,157,185,2.6570419103313836,0.26120220840319663,1.320623274431795
tf=1|ema=34|vwap=roll35|trend=0|sides=long|stop_atr=0|target_atr=0.0|exit_cross=True|min_bars=7|max_bars=0|confirm=False|entry=cross_or_pb|exit=cross|regime=|rs=0|dtrend=50,1004,46.21513944223108,0.39207658826799924,393.6448946210712,1.2683209983689154,2.1900089053692504,464,540,4.255436586985391,0.2652769146867699,1.6307849323081072,764,45.15706806282723,0.33472904382250124,255.73298948039093,1.2205247674704904,1.781283332655956,345,419,4.465423211169284,0.10949403012476128,0.6171614445599671
tf=1|ema=13|vwap=week|trend=0|sides=long|stop_atr=4.0|target_atr=0.0|exit_cross=True|min_bars=0|max_bars=0|confirm=False|entry=cross|exit=cross|regime=|rs=20|dtrend=50,1001,47.35264735264735,0.4653792221053446,465.84460132744994,1.333978724544026,2.923733693752315,474,527,3.4692390942390943,0.24028394373592216,1.6293884400226355,806,43.67245657568238,0.16006937390660148,129.01591536872078,1.1045277992650073,0.9521545298289933,352,454,3.1589640198511164,0.09655754506293508,0.6151081076720227
tf=1|ema=34|vwap=roll35|trend=0|sides=long|stop_atr=4.0|target_atr=0.0|exit_cross=True|min_bars=7|max_bars=0|confirm=False|entry=cross_or_pb|exit=close_vwap|regime=spyvw|rs=20|dtrend=0,528,39.20454545454545,0.7487966429087232,395.3646274558058,1.5015731196384836,2.313911260514706,207,321,5.075915404040403,0.4860457348182084,1.6292748384894709,400,38.5,0.7421812342972793,296.87249371891176,1.5204344044125075,2.3335836644188324,154,246,4.849375,0.4465903867434343,1.5709446975737609
tf=1|ema=34|vwap=roll35|trend=0|sides=long|stop_atr=4.0|target_atr=0.0|exit_cross=True|min_bars=0|max_bars=0|confirm=False|entry=cross|exit=cross|regime=spyvw|rs=20|dtrend=50,520,47.30769230769231,0.42003479868921734,218.418095318393,1.3353369101717028,1.850616781522734,246,274,3.0288461538461537,0.34964909226188584,1.6280781774292838,393,46.31043256997455,0.3651971403184048,143.52247614513308,1.282902405763549,1.7356980306209466,182,211,3.2145886344359624,0.14923883488193052,0.7512152723337756
tf=1|ema=34|vwap=week|trend=0|sides=long|stop_atr=4.0|target_atr=0.0|exit_cross=True|min_bars=7|max_bars=0|confirm=False|entry=cross_or_pb|exit=close_vwap|regime=spyvw|rs=0|dtrend=50,498,47.99196787148595,0.6352441360643805,316.35157976006144,1.6114440813287454,2.5746440254262097,239,259,3.0294511378848723,0.3623529519493493,1.6274886765684697,378,42.32804232804233,0.31979312939485977,120.88180291125698,1.329485176225548,1.5428522048357813,160,218,2.5903880070546736,0.18987693081691903,1.0204303452044705
tf=1|ema=34|vwap=roll35|trend=0|sides=long|stop_atr=0|target_atr=0.0|exit_cross=True|min_bars=7|max_bars=0|confirm=False|entry=cross|exit=cross|regime=spyvw|rs=0|dtrend=50,610,49.18032786885246,0.45617691576057184,278.26791861394884,1.3260248005159903,2.0272545173048404,300,310,4.206898907103826,0.34204650388943086,1.6271705225895066,459,48.5838779956427,0.4773504726537598,219.10386694807573,1.3484910645819503,2.1615769819711637,223,236,4.572712418300654,0.17900967414939462,0.8622581940218336
tf=1|ema=13|vwap=week|trend=0|sides=long|stop_atr=4.0|target_atr=0.0|exit_cross=True|min_bars=0|max_bars=0|confirm=False|entry=cross_or_pb|exit=close_vwap|regime=spy50|rs=20|dtrend=50,976,35.450819672131146,0.3125546268964355,305.05331585092097,1.3144533508403735,2.2272566855801843,346,630,2.3344433060109293,0.21333027315077693,1.626632096511311,805,36.8944099378882,0.17527990229463383,141.10032134718026,1.1653669719454551,1.2507469216650422,297,508,2.2803312629399586,0.10955570736572635,0.8286830030093311
tf=1|ema=21|vwap=roll50|trend=0|sides=long|stop_atr=4.0|target_atr=0.0|exit_cross=True|min_bars=0|max_bars=0|confirm=False|entry=cross_or_pb|exit=close_vwap|regime=spy50|rs=20|dtrend=50,483,32.091097308488614,0.7481611150791034,361.36181858320697,1.5213129744098415,2.0529988075577195,155,328,4.90752242926156,0.5633288815650612,1.625444167617377,390,33.58974358974359,0.47076072388247464,183.5966823141651,1.3305706225116434,1.4722194533932174,131,259,5.102564102564102,0.43734804806465094,1.4273748268032842
tf=1|ema=34|vwap=roll50|trend=0|sides=long|stop_atr=0|target_atr=0.0|exit_cross=True|min_bars=0|max_bars=0|confirm=False|entry=cross_or_pb|exit=close_vwap|regime=spy50|rs=20|dtrend=50,457,33.479212253829324,0.7607829795374944,347.6778216486349,1.5066739380691123,2.103264028905244,153,304,5.447483588621444,0.5562828207320193,1.6243319874013256,375,34.4,0.565128518556188,211.9231944585705,1.3861700656324212,1.6309886102016489,129,246,5.443111111111111,0.49563463667778307,1.4979413400616113
tf=1|ema=34|vwap=roll50|trend=0|sides=long|stop_atr=0|target_atr=0.0|exit_cross=True|min_bars=7|max_bars=0|confirm=False|entry=cross|exit=close_vwap|regime=|rs=20|dtrend=50,357,39.49579831932773,1.1042057083655343,394.2014378864957,1.6159046350591626,2.397173893562263,141,216,7.151027077497667,0.7008779243212608,1.6206401923490363,316,37.65822784810127,0.8505051536538515,268.75962855461705,1.4671424326868028,1.6219244221788456,119,197,6.827927215189874,0.7060163996870282,1.4500147175003448
tf=1|ema=21|vwap=roll50|trend=0|sides=long|stop_atr=4.0|target_atr=0.0|exit_cross=True|min_bars=7|max_bars=0|confirm=False|entry=cross|exit=cross|regime=spy50|rs=20|dtrend=0,321,37.38317757009346,1.30272328339045,418.17417396833446,1.5463164007918746,2.2034996902571673,120,201,9.544652128764277,0.9037350748567881,1.6203526051130408,291,36.42611683848797,0.38068871790044057,110.7804169090282,1.1668142841411657,0.8396816919306325,106,185,8.759736540664374,0.2698605024517007,0.6199725442083817
tf=1|ema=34|vwap=roll35|trend=0|sides=long|stop_atr=0|target_atr=0.0|exit_cross=True|min_bars=0|max_bars=0|confirm=False|entry=cross|exit=cross|regime=spyvw|rs=20|dtrend=0,630,48.095238095238095,0.3345563554883551,210.77050395766372,1.2499532403203828,1.595748653980272,303,327,3.392989417989418,0.3151355898887387,1.6191289623175233,458,48.2532751091703,0.5361452457079522,245.5545225342421,1.4158624422339892,2.531431829339468,221,237,3.7189774381368266,0.23587113232750406,1.2147969117280422
tf=1|ema=34|vwap=week|trend=0|sides=long|stop_atr=4.0|target_atr=0.0|exit_cross=True|min_bars=7|max_bars=0|confirm=False|entry=cross_or_pb|exit=cross|regime=|rs=0|dtrend=50,834,55.275779376498804,0.49398911562671166,411.98692243267755,1.3752317422108569,3.072103420011383,461,373,3.778177458033573,0.23500351449020873,1.6163480346134247,636,52.515723270440255,0.26954636573643653,171.43148860837366,1.1764489856508695,1.4004077983008438,334,302,3.6721042976939207,0.14873631852189073,0.8271966767387657
tf=1|ema=34|vwap=week|trend=0|sides=long|stop_atr=0|target_atr=0.0|exit_cross=True|min_bars=0|max_bars=0|confirm=False|entry=cross_or_pb|exit=close_vwap|regime=|rs=0|dtrend=0,1854,38.51132686084142,0.2439761078955552,452.33170403835936,1.357643543563194,3.1650796183397096,714,1140,1.5454872348076232,0.10961489670341026,1.6142804138625382,1462,34.54172366621067,0.10295952201518162,150.52682118619552,1.1581504710626653,1.3386553944388975,505,957,1.3034085727314182,0.04402408463892668,0.6345506880540809
tf=1|ema=34|vwap=roll35|trend=0|sides=long|stop_atr=0|target_atr=0.0|exit_cross=True|min_bars=0|max_bars=0|confirm=False|entry=cross|exit=close_vwap|regime=spyvw|rs=20|dtrend=0,473,36.575052854122625,0.6959628268804139,329.1904171144358,1.5196476785672695,2.067775945524674,173,300,4.5171775898520075,0.5068904663478161,1.6111520745552086,352,39.48863636363637,0.7515076300540233,264.5306857790162,1.5959934497835475,2.3920639339497693,139,213,4.411339962121212,0.43357334125930047,1.5495089237607014
tf=1|ema=13|vwap=week|trend=0|sides=long|stop_atr=0|target_atr=0.0|exit_cross=True|min_bars=0|max_bars=0|confirm=False|entry=cross_or_pb|exit=close_vwap|regime=spy50|rs=20|dtrend=50,974,35.52361396303901,0.30621097644993844,298.24949106224,1.3055685113818312,2.1677106730873645,346,628,2.340691307323751,0.21247671794413148,1.6110888226221074,805,37.01863354037267,0.21774081708207638,175.2813577510715,1.2093434020369638,1.5413031171163776,298,507,2.2934782608695654,0.1547016905019337,1.1606505971673795
tf=1|ema=13|vwap=week|trend=0|sides=long|stop_atr=4.0|target_atr=0.0|exit_cross=True|min_bars=0|max_bars=0|confirm=False|entry=cross_or_pb|exit=close_vwap|regime=spyvw|rs=20|dtrend=50,730,41.50684931506849,0.513867660388532,375.12339208362835,1.5050296400571361,2.9041257437917682,303,427,2.540353881278539,0.2648435414955656,1.6109042447178172,569,37.434094903339194,0.1673537141344757,95.22426334251666,1.1580099984062728,1.0354263557163368,213,356,2.332015231400117,0.0899170595739974,0.6012367268712154
tf=1|ema=34|vwap=roll50|trend=0|sides=long|stop_atr=4.0|target_atr=0.0|exit_cross=True|min_bars=7|max_bars=0|confirm=False|entry=cross|exit=close_vwap|regime=|rs=20|dtrend=50,357,39.21568627450981,1.1188901209618822,399.44377318339195,1.6310360220651667,2.4429375345629785,140,217,7.063375350140056,0.6943067332318049,1.6108770986459362,316,37.65822784810127,0.8968836496541547,283.4152332907129,1.505492635472243,1.7188585521548359,119,197,6.8147415611814335,0.7271666684536414,1.4977086169748135
tf=1|ema=13|vwap=week|trend=0|sides=long|stop_atr=0|target_atr=0.0|exit_cross=True|min_bars=7|max_bars=0|confirm=False|entry=cross|exit=close_vwap|regime=spy50|rs=0|dtrend=50,1061,39.49104618284637,0.36323639269538194,385.3938126498002,1.2969304910656625,2.0352355641578157,419,642,2.9925777568331764,0.26801516605889797,1.610709665010359,912,40.021929824561404,0.07172985805002938,65.41763054162679,1.054185332812562,0.49511076238872936,365,547,3.024625365497076,0.0165032578288369,0.12136708353325609
tf=1|ema=34|vwap=roll35|trend=0|sides=long|stop_atr=4.0|target_atr=0.0|exit_cross=True|min_bars=0|max_bars=0|confirm=False|entry=cross_or_pb|exit=cross|regime=spy50|rs=20|dtrend=0,842,45.01187648456057,0.3357382549659189,282.6916106813037,1.269058603084753,1.9881694236023448,379,463,2.9917854315122727,0.2520658943521098,1.6098536947264341,669,42.89985052316891,0.34214056813480825,228.89204008218672,1.248109941092399,1.8772699869325975,287,382,3.2411559541604382,0.18177867354459892,1.0598125699672267
tf=1|ema=13|vwap=week|trend=0|sides=long|stop_atr=0|target_atr=0.0|exit_cross=True|min_bars=7|max_bars=0|confirm=False|entry=cross_or_pb|exit=close_vwap|regime=spy50|rs=0|dtrend=50,1211,39.884393063583815,0.3292781385220195,398.75582575016557,1.2757744055736482,2.064830189237198,483,728,2.971820809248555,0.23867610961091829,1.6086914234101635,1012,39.22924901185771,0.11440609091654436,115.77896400754288,1.0888307740618781,0.8129315682459796,397,615,2.960268445322793,0.05229676303051144,0.396652649885077
tf=1|ema=21|vwap=roll50|trend=0|sides=long|stop_atr=0|target_atr=0.0|exit_cross=True|min_bars=7|max_bars=0|confirm=False|entry=cross_or_pb|exit=close_vwap|regime=spy50|rs=20|dtrend=0,480,37.083333333333336,0.78983872663503,379.12258878481435,1.4860662186789806,2.090111247156964,178,302,5.747482638888888,0.5764561375226995,1.606958279850813,407,35.38083538083538,0.5143582707678116,209.34381620249934,1.3126085194030404,1.47016646539018,144,263,5.67977067977068,0.48346552008732,1.4408123550583825
tf=1|ema=34|vwap=roll35|trend=0|sides=long|stop_atr=4.0|target_atr=0.0|exit_cross=True|min_bars=7|max_bars=0|confirm=False|entry=cross|exit=close_vwap|regime=|rs=20|dtrend=0,715,37.2027972027972,0.6733915730219155,481.47497471066964,1.4418385649523926,2.45626601572291,266,449,5.027738927738928,0.4028952280605595,1.6063985803009952,527,38.70967741935484,0.9033626535732243,476.0721184330892,1.60151209900153,2.819645953593701,204,323,5.020319418089816,0.5910322850459525,2.019778248563806
tf=1|ema=34|vwap=week|trend=0|sides=long|stop_atr=4.0|target_atr=0.0|exit_cross=True|min_bars=0|max_bars=0|confirm=False|entry=cross_or_pb|exit=close_vwap|regime=|rs=0|dtrend=0,1857,38.502961766289715,0.245572555405447,456.02823538791506,1.361442664403776,3.198535128735179,715,1142,1.5425192963561298,0.1087059802182591,1.605807353293281,1465,34.47098976109215,0.0970471988580413,142.1741463270305,1.1480752972274342,1.2628257887749377,505,960,1.3001137656427757,0.03596962046552501,0.518457604702605
tf=1|ema=13|vwap=week|trend=0|sides=long|stop_atr=0|target_atr=0.0|exit_cross=True|min_bars=7|max_bars=0|confirm=False|entry=cross_or_pb|exit=close_vwap|regime=|rs=20|dtrend=0,1240,42.33870967741935,0.43181171082028724,535.4465214171563,1.327262031861732,2.640608290339966,525,715,3.04190188172043,0.2379826214738813,1.6057902259169594,928,41.702586206896555,0.2779067026090637,257.8974200212111,1.2060639766500583,1.7977118274726627,387,541,2.9691540948275863,0.15398052941510623,1.0895935126634282
tf=1|ema=21|vwap=roll35|trend=0|sides=long|stop_atr=4.0|target_atr=0.0|exit_cross=True|min_bars=0|max_bars=0|confirm=False|entry=cross|exit=cross|regime=spy50|rs=0|dtrend=50,722,37.67313019390582,0.6094936149855128,440.0543900195403,1.3585299826653265,2.180839463511737,272,450,6.152700831024931,0.42078756917403165,1.60570778513538,576,38.020833333333336,0.33042584396409247,190.32528612331728,1.190944463258224,1.2697183603966349,219,357,6.029152199074074,0.17113078372395177,0.6955335335461605
tf=1|ema=34|vwap=roll35|trend=0|sides=long|stop_atr=4.0|target_atr=0.0|exit_cross=True|min_bars=0|max_bars=0|confirm=False|entry=cross|exit=close_vwap|regime=spy50|rs=0|dtrend=0,1047,32.76026743075454,0.3816433812648197,399.58062018426625,1.3329908459947444,1.9560743799199258,343,704,3.3957736389684814,0.2960310777368672,1.6050006672816715,1026,35.57504873294347,0.30308694832261424,310.96720897900224,1.293272158005835,1.8643228722783698,365,661,2.9776234567901234,0.19373943079601072,1.2741147773994437
tf=1|ema=13|vwap=roll50|trend=0|sides=long|stop_atr=4.0|target_atr=0.0|exit_cross=True|min_bars=7|max_bars=0|confirm=False|entry=cross|exit=close_vwap|regime=|rs=0|dtrend=50,520,35.57692307692308,0.8567691730620778,445.51996999228044,1.5124419763610457,2.338292602496507,185,335,6.729807692307692,0.554126293913719,1.602425338829859,443,33.182844243792324,0.14430865111487198,63.92873244388829,1.083054820762343,0.4940529355345152,147,296,6.234762979683973,0.0937970675713085,0.33193579010391294
tf=1|ema=34|vwap=roll50|trend=0|sides=long|stop_atr=0|target_atr=0.0|exit_cross=True|min_bars=0|max_bars=0|confirm=False|entry=cross|exit=close_vwap|regime=spy50|rs=20|dtrend=0,348,35.05747126436781,0.9504231580986326,330.7472590183242,1.5445066428672818,2.063176617123488,122,226,6.284003831417625,0.7018744818822187,1.6023820935511481,309,35.922330097087375,0.6754371051732095,208.71006549852177,1.4126740070319508,1.6587715169563948,111,198,6.1604638619201735,0.5803534759107827,1.4885126532390636
tf=1|ema=21|vwap=roll35|trend=0|sides=long|stop_atr=0|target_atr=0.0|exit_cross=True|min_bars=7|max_bars=0|confirm=False|entry=cross|exit=cross|regime=spyvw|rs=0|dtrend=50,536,38.43283582089552,0.6686179879066779,358.3792415179794,1.384624224122873,1.9643832314351273,206,330,6.66767723880597,0.5140848906455684,1.602055960767385,404,38.366336633663366,-0.08282769440944007,-33.46238854141379,0.9584141348812517,-0.2689615685699123,155,249,6.576216996699671,-0.2258664261844889,-0.7810525286485721
tf=1|ema=21|vwap=week|trend=0|sides=long|stop_atr=0|target_atr=0.0|exit_cross=True|min_bars=7|max_bars=0|confirm=False|entry=cross|exit=close_vwap|regime=spy50|rs=0|dtrend=0,1259,41.4614773629865,0.31530384092579766,396.96753572557924,1.275475945957595,2.191374283665414,522,737,2.8813211543553088,0.21346782243436524,1.6016419397215353,1268,40.53627760252366,0.18927447532385355,240.0000347106463,1.1543525577272904,1.52282428003021,514,754,2.764524185068349,0.1500546927508439,1.303218595416901
tf=1|ema=34|vwap=roll35|trend=0|sides=long|stop_atr=4.0|target_atr=0.0|exit_cross=True|min_bars=0|max_bars=0|confirm=False|entry=cross|exit=cross|regime=spyvw|rs=0|dtrend=50,687,47.88937409024745,0.37343714863886607,256.551321114901,1.302811618655162,1.9821749734769942,329,358,3.255943716642406,0.28081980325417943,1.5994802219131232,525,45.142857142857146,0.2903881850288243,152.45379714013276,1.2336959322781937,1.633787957244433,237,288,3.3903968253968255,0.07716159415932759,0.4648351952019914
tf=1|ema=34|vwap=roll50|trend=0|sides=long|stop_atr=4.0|target_atr=0.0|exit_cross=True|min_bars=7|max_bars=0|confirm=False|entry=cross|exit=close_vwap|regime=spy50|rs=20|dtrend=50,322,38.19875776397515,1.0219714309140329,329.0748007543186,1.56095209759895,2.070748234342287,123,199,6.770962732919255,0.748921550238842,1.596402680309878,281,38.07829181494662,0.7631064018716579,214.43289892593586,1.4338546645428278,1.663371279242487,107,174,6.899317912218269,0.6360182061993414,1.4386955881518262
tf=1|ema=34|vwap=week|trend=0|sides=long|stop_atr=4.0|target_atr=0.0|exit_cross=True|min_bars=7|max_bars=0|confirm=False|entry=cross|exit=close_vwap|regime=spyvw|rs=20|dtrend=0,391,48.08184143222506,0.8582805525202045,335.5876960354,1.7889601615679462,2.5911127462844386,188,203,2.989450127877238,0.46926988618423304,1.5961931583670093,280,45.714285714285715,0.17415493954312855,48.763383072075996,1.1614387642894823,0.8372300071034992,128,152,2.577232142857143,-0.03071362593061717,-0.17043911302660691
tf=1|ema=34|vwap=roll35|trend=0|sides=long|stop_atr=4.0|target_atr=0.0|exit_cross=True|min_bars=0|max_bars=0|confirm=False|entry=cross|exit=cross|regime=|rs=20|dtrend=0,1032,46.41472868217054,0.3480560058287186,359.1937980152376,1.2655463882434599,2.2708364088583597,479,553,3.2132590439276485,0.22107971800198303,1.5953615149148206,744,43.145161290322584,0.33268367706014107,247.51665573274494,1.2296051980464398,1.8691614987484768,321,423,3.3841845878136203,0.14069627151967995,0.8577574789265016
tf=1|ema=34|vwap=roll50|trend=0|sides=long|stop_atr=4.0|target_atr=0.0|exit_cross=True|min_bars=0|max_bars=0|confirm=False|entry=cross_or_pb|exit=close_vwap|regime=|rs=20|dtrend=50,502,33.864541832669325,0.8352859060975217,419.31352486095585,1.5582845748640433,2.4204659907128296,170,332,5.622260956175299,0.5178125679629606,1.5946430081239953,418,33.73205741626794,0.5648417041485324,236.10383233408655,1.3745723244042474,1.4543158117491881,141,277,5.365330940988835,0.4669841674935723,1.2960919387442305
tf=1|ema=34|vwap=roll50|trend=0|sides=long|stop_atr=0|target_atr=0.0|exit_cross=True|min_bars=7|max_bars=0|confirm=False|entry=cross|exit=close_vwap|regime=spy50|rs=20|dtrend=50,322,38.50931677018634,0.998093933520041,321.3862465934532,1.5391282124870984,2.009179637533461,124,198,6.8647774327122155,0.750245647765324,1.5932444006857578,281,38.07829181494662,0.7226202083914012,203.05627855798375,1.4015929078459017,1.5651080292376036,107,174,6.910142348754448,0.6231003967564698,1.40588164671561
tf=1|ema=34|vwap=roll50|trend=0|sides=long|stop_atr=4.0|target_atr=0.0|exit_cross=True|min_bars=0|max_bars=0|confirm=False|entry=cross|exit=close_vwap|regime=|rs=20|dtrend=50,364,36.26373626373626,1.082501224533617,394.0304457302366,1.6377077254441326,2.430297518597084,132,232,6.660256410256411,0.6691835394432248,1.593072685804985,322,37.267080745341616,0.9592845600019044,308.8896283206132,1.598188455122592,1.9290371148926944,120,202,6.300983436853001,0.8201787734761559,1.7845511851385891
tf=1|ema=34|vwap=roll50|trend=0|sides=long|stop_atr=4.0|target_atr=0.0|exit_cross=True|min_bars=0|max_bars=0|confirm=False|entry=cross|exit=cross|regime=|rs=0|dtrend=50,567,43.20987654320987,0.9774540271725904,554.2164334068588,1.5151265736828592,2.873586468056147,245,322,8.314594356261022,0.5076307606088243,1.5929261049751373,485,35.670103092783506,0.31481541434823074,152.6854759588919,1.1498789105788358,0.8579065277702473,173,312,7.440807560137457,0.16398433993146394,0.4767074666310089
tf=1|ema=21|vwap=week|trend=0|sides=long|stop_atr=4.0|target_atr=0.0|exit_cross=True|min_bars=0|max_bars=0|confirm=False|entry=cross|exit=close_vwap|regime=spy50|rs=0|dtrend=0,1355,37.343173431734314,0.1967116953833531,266.54434724444343,1.2484251419839671,2.046228779802356,506,849,1.9534132841328413,0.1456091894378763,1.5910021767898148,1347,38.15887156644395,0.24323298812849733,327.6348350090859,1.3127237370800924,2.6140639272421597,514,833,1.8584199455580304,0.16991244483229032,1.9769113203711097
tf=1|ema=21|vwap=week|trend=0|sides=long|stop_atr=0|target_atr=0.0|exit_cross=True|min_bars=0|max_bars=0|confirm=False|entry=cross|exit=close_vwap|regime=spy50|rs=0|dtrend=50,992,37.80241935483871,0.2442948249062746,242.34046630702443,1.297843906529486,2.0839199388612455,375,617,2.248991935483871,0.17707392775087358,1.5895958292946202,841,38.16884661117717,0.23875613215555072,200.79390714281814,1.2721786175442933,1.9571827090982024,321,520,2.2534185493460166,0.17194495533335033,1.5176048302407732
tf=1|ema=34|vwap=roll50|trend=0|sides=long|stop_atr=0|target_atr=0.0|exit_cross=True|min_bars=0|max_bars=0|confirm=False|entry=cross|exit=close_vwap|regime=|rs=20|dtrend=50,364,36.53846153846154,1.071854246830597,390.1549458463373,1.6256910027446503,2.395580563830084,133,231,6.709592490842492,0.6696045497568825,1.5891381951939036,322,37.267080745341616,0.9358380500342336,301.3398521110232,1.5751585026756123,1.8768724960908059,120,202,6.307324016563147,0.8045716320313553,1.7468227176751738
tf=1|ema=34|vwap=roll35|trend=0|sides=long|stop_atr=0|target_atr=0.0|exit_cross=True|min_bars=7|max_bars=0|confirm=False|entry=cross|exit=cross|regime=spy50|rs=20|dtrend=50,669,45.14200298953662,0.45982486824596225,307.6228368565488,1.3161249786654854,1.9893378160556108,302,367,3.8844668659691077,0.34027398178946605,1.588551635447022,513,47.36842105263158,0.6579597204190298,337.5333365749623,1.440676837373195,2.6942007369552115,243,270,4.277696556205328,0.42458604569486824,1.8494098347452346
tf=1|ema=34|vwap=week|trend=0|sides=long|stop_atr=4.0|target_atr=0.0|exit_cross=True|min_bars=0|max_bars=0|confirm=False|entry=cross|exit=close_vwap|regime=spyvw|rs=20|dtrend=50,333,47.447447447447445,0.394632848057251,131.4127384030646,1.608053045200824,2.1305252907176166,158,175,1.9887387387387387,0.2709671540140541,1.5862756678908958,224,41.964285714285715,0.13162446976391778,29.483881227117582,1.2116023358620591,0.9054332031023407,94,130,1.7313988095238095,0.002970803504099621,0.021848070799680992
tf=1|ema=34|vwap=roll35|trend=0|sides=long|stop_atr=4.0|target_atr=0.0|exit_cross=True|min_bars=7|max_bars=0|confirm=False|entry=cross|exit=close_vwap|regime=spyvw|rs=0|dtrend=50,516,40.310077519379846,0.7290356959781836,376.18241912474275,1.520940343575493,2.2980281034895245,208,308,5.273013565891473,0.4740490831765299,1.584853528261063,388,38.65979381443299,0.47533021068681647,184.42812174648478,1.3465957455723474,1.7635978359263473,150,238,4.932667525773196,0.21878023694678886,0.8751013061728337
tf=1|ema=21|vwap=roll35|trend=0|sides=long|stop_atr=4.0|target_atr=0.0|exit_cross=True|min_bars=7|max_bars=0|confirm=False|entry=cross|exit=cross|regime=spy50|rs=0|dtrend=50,703,38.40682788051209,0.6132293536789374,431.10023563629295,1.3451608002158175,2.1187950866849863,270,433,6.415955429113324,0.42973172439542806,1.5841866330543977,545,39.44954128440367,0.3938831427340915,214.66631279007987,1.2192029707828589,1.3651499929527267,215,330,6.420183486238532,0.20702847385153972,0.7551319297025164
tf=1|ema=34|vwap=week|trend=0|sides=long|stop_atr=4.0|target_atr=0.0|exit_cross=True|min_bars=7|max_bars=0|confirm=False|entry=cross_or_pb|exit=close_vwap|regime=spy50|rs=20|dtrend=50,509,47.347740667976424,0.5249617118521384,267.2055113327384,1.509767771870701,2.458062541243739,241,268,2.9679927963326787,0.3027867771456078,1.584048847230926,417,43.16546762589928,0.30618318336521855,127.67838746329613,1.2775798125519702,1.402133002429289,180,237,2.7516986410871307,0.21651691926752817,1.082310083141475
tf=1|ema=13|vwap=week|trend=0|sides=long|stop_atr=0|target_atr=0.0|exit_cross=True|min_bars=0|max_bars=0|confirm=False|entry=cross_or_pb|exit=close_vwap|regime=spyvw|rs=20|dtrend=50,728,41.620879120879124,0.5057566823535677,368.1908647533973,1.4916784554458895,2.8348982493862374,303,425,2.5491643772893773,0.26235890790931315,1.5838618361414132,569,37.434094903339194,0.16971075226856921,96.56541804081589,1.160592827708122,1.049651410419187,213,356,2.3335530169888696,0.09723686421741817,0.6506772953959306
tf=1|ema=21|vwap=roll50|trend=0|sides=long|stop_atr=4.0|target_atr=0.0|exit_cross=True|min_bars=7|max_bars=0|confirm=False|entry=cross_or_pb|exit=close_vwap|regime=spy50|rs=20|dtrend=0,481,37.00623700623701,0.799494658878346,384.55693092048443,1.4926446043268295,2.1192462927788194,178,303,5.676368676368676,0.5675460368118915,1.5830578619640714,409,35.2078239608802,0.5034401330755135,205.90701442788503,1.3055579172681486,1.4492157687463145,144,265,5.618581907090465,0.4574669715141766,1.370071740375274
tf=1|ema=34|vwap=roll35|trend=0|sides=long|stop_atr=0|target_atr=0.0|exit_cross=True|min_bars=0|max_bars=0|confirm=False|entry=cross|exit=cross|regime=|rs=20|dtrend=0,1032,47.093023255813954,0.35671119837680343,368.12595672486117,1.2648788034219363,2.1359587734872845,486,546,3.5476421188630494,0.2437996382389462,1.5824815043751534,744,44.48924731182796,0.3817166274807446,283.99717084567396,1.2662189095931884,2.1105384066569304,331,413,3.6509296594982077,0.16209291700517806,0.9680187493821979
tf=1|ema=21|vwap=roll50|trend=0|sides=long|stop_atr=4.0|target_atr=0.0|exit_cross=True|min_bars=7|max_bars=0|confirm=False|entry=cross|exit=cross|regime=spy50|rs=0|dtrend=50,443,38.1489841986456,1.021326500576005,452.44763975517014,1.4801718366506327,2.288549493162815,169,274,9.686888638073741,0.6629442055927255,1.5824719044925273,384,35.416666666666664,0.2253129485174004,86.52017223068177,1.1064282892824544,0.6108020922979839,136,248,8.468315972222221,0.131618532459818,0.37131943502004733
tf=1|ema=21|vwap=roll50|trend=0|sides=long|stop_atr=0|target_atr=0.0|exit_cross=True|min_bars=0|max_bars=0|confirm=False|entry=cross|exit=close_vwap|regime=|rs=20|dtrend=50,330,35.15151515151515,1.0683838453369712,352.5666689612005,1.6003119743156338,2.0583167790484325,116,214,6.346085858585858,0.7779417549228773,1.5804481012981637,311,35.69131832797428,0.9045324135525499,281.309580614843,1.5621685194159811,1.7830885282594156,111,200,6.30091103965702,0.8165264057341064,1.7435496773962926
tf=1|ema=13|vwap=week|trend=0|sides=long|stop_atr=4.0|target_atr=0.0|exit_cross=True|min_bars=7|max_bars=0|confirm=False|entry=cross|exit=close_vwap|regime=spy50|rs=0|dtrend=0,1425,38.87719298245614,0.3195883055196356,455.4133353654807,1.2569696318880663,2.0976958509939867,554,871,2.835175438596491,0.22458565779461523,1.5799408224337195,1425,39.43859649122807,0.07388431811313327,105.28515331121491,1.0582819632803413,0.6660410385683156,562,863,2.774707602339181,0.015904416921976628,0.15367207743970482
tf=1|ema=21|vwap=week|trend=0|sides=long|stop_atr=0|target_atr=0.0|exit_cross=True|min_bars=7|max_bars=0|confirm=False|entry=cross_or_pb|exit=close_vwap|regime=|rs=20|dtrend=0,1044,45.88122605363985,0.4950747572196385,516.8580465373026,1.3992555512844325,2.8287187396505056,479,565,3.110272988505747,0.24995750625458646,1.5773246811291373,815,43.92638036809816,0.35127534695551277,286.28940776874293,1.2743687547639517,2.1400882240486974,358,457,3.0046523517382417,0.24384295455188726,1.6224548926598277
tf=1|ema=34|vwap=roll35|trend=0|sides=long|stop_atr=4.0|target_atr=0.0|exit_cross=True|min_bars=7|max_bars=0|confirm=False|entry=cross_or_pb|exit=cross|regime=spy50|rs=20|dtrend=50,691,44.42836468885673,0.43572040603980433,301.08280057350476,1.3068855106407524,2.008395707952618,307,384,3.6120356970574043,0.3160909206823136,1.5765530803923329,541,45.65619223659889,0.5333797267796736,288.5584321878035,1.3499544406479742,2.315870402733583,247,294,3.8744608749229825,0.32742113791443195,1.5120115532186236
tf=1|ema=34|vwap=roll35|trend=0|sides=long|stop_atr=0|target_atr=0.0|exit_cross=True|min_bars=7|max_bars=0|confirm=False|entry=cross|exit=close_vwap|regime=spy50|rs=20|dtrend=50,539,35.80705009276438,0.6212577870813935,334.8579472368711,1.4061047458912483,1.890552369125027,193,346,4.9434137291280145,0.4868490598917535,1.5765115997528603,405,40.0,0.8629266471188644,349.48529208314005,1.5602204153949075,2.3527284353992677,162,243,5.245061728395061,0.640604795770676,1.8600940635113596
tf=1|ema=13|vwap=week|trend=0|sides=long|stop_atr=4.0|target_atr=0.0|exit_cross=True|min_bars=0|max_bars=0|confirm=False|entry=cross_or_pb|exit=close_vwap|regime=spy50|rs=20|dtrend=0,1038,34.77842003853564,0.2970329934976396,308.3202472505499,1.2944968421376193,2.1748781556628014,361,677,2.2923089274245343,0.2011845231344838,1.5763294528282583,888,37.27477477477478,0.1625979634511147,144.38699154458985,1.1573413279190419,1.2514950603323436,331,557,2.201388888888889,0.09271497607691992,0.7571781211278478
tf=1|ema=13|vwap=week|trend=0|sides=long|stop_atr=0|target_atr=0.0|exit_cross=True|min_bars=0|max_bars=0|confirm=False|entry=cross_or_pb|exit=close_vwap|regime=spy50|rs=20|dtrend=0,1036,34.84555984555985,0.29282512271130745,303.36682712891457,1.2886377106789553,2.1328386423642787,361,675,2.2982223294723294,0.20158960169461845,1.572576537897314,888,37.387387387387385,0.20088017002868483,178.38159098547212,1.1977866288504586,1.534126289196799,332,556,2.213400900900901,0.13391809358840015,1.085351095323054
tf=1|ema=34|vwap=roll35|trend=0|sides=long|stop_atr=0|target_atr=0.0|exit_cross=True|min_bars=7|max_bars=0|confirm=False|entry=cross_or_pb|exit=cross|regime=spyvw|rs=20|dtrend=0,616,48.53896103896104,0.365769279739777,225.31387631970264,1.2433075947817351,1.6145300061463064,299,317,4.000608766233766,0.32976684427342573,1.569815763420872,462,47.83549783549783,0.5450340043255918,251.8057099984234,1.380112052770374,2.398237081109546,221,241,4.191107503607503,0.21952211951105569,1.0507646506516468
tf=1|ema=21|vwap=roll50|trend=0|sides=long|stop_atr=4.0|target_atr=0.0|exit_cross=True|min_bars=0|max_bars=0|confirm=False|entry=cross|exit=cross|regime=spy50|rs=20|dtrend=0,330,36.666666666666664,1.220903218256137,402.89806202452525,1.5209073214424078,2.1418678565649807,121,209,9.205934343434343,0.8430434159956295,1.5697700178424523,309,35.59870550161812,0.34227930004776175,105.76430371475838,1.1584174138681962,0.8051472509611213,110,199,8.218176914778857,0.2323377922496964,0.5688021616486124
tf=1|ema=13|vwap=week|trend=0|sides=long|stop_atr=4.0|target_atr=0.0|exit_cross=True|min_bars=7|max_bars=0|confirm=False|entry=cross_or_pb|exit=close_vwap|regime=|rs=20|dtrend=0,1243,42.31697506033789,0.4385716140271989,545.1445162358082,1.3349176325156327,2.7085666968735427,526,717,3.0143805309734515,0.23038035611122792,1.569320347578915,930,41.61290322580645,0.2275677349190822,211.63799347474645,1.166228489076454,1.4851547138206889,387,543,2.9384856630824374,0.10011267734493381,0.7141557396235421
tf=1|ema=34|vwap=roll35|trend=0|sides=long|stop_atr=0|target_atr=0.0|exit_cross=True|min_bars=7|max_bars=0|confirm=False|entry=cross|exit=cross|regime=|rs=0|dtrend=50,988,45.850202429149796,0.3824032785295844,377.81443918722937,1.2610022754509191,2.115229353435706,453,535,4.257591093117409,0.25797132721451727,1.5687821352113265,742,45.14824797843666,0.33179768030898066,246.19387878926364,1.2157260819118971,1.723839743862088,335,407,4.515105570530099,0.10555650646168364,0.5807151777503424
tf=1|ema=34|vwap=roll50|trend=0|sides=long|stop_atr=4.0|target_atr=0.0|exit_cross=True|min_bars=0|max_bars=0|confirm=False|entry=cross_or_pb|exit=close_vwap|regime=spy50|rs=0|dtrend=0,849,31.566548881036514,0.5444370205690693,462.2270304631398,1.4005728912255666,2.269066988599233,268,581,4.9766391833529635,0.35895382370392953,1.5684256275992958,801,29.33832709113608,0.0934242055515416,74.83278864678482,1.0690258285985181,0.49157865526236344,235,566,4.748855597170204,0.001922340115144997,0.01063055363631627
tf=1|ema=34|vwap=roll35|trend=0|sides=long|stop_atr=4.0|target_atr=0.0|exit_cross=True|min_bars=7|max_bars=0|confirm=False|entry=cross_or_pb|exit=cross|regime=spyvw|rs=0|dtrend=50,672,48.80952380952381,0.41251564674893454,277.210514615284,1.29645651136006,2.0327145346984263,328,344,3.846230158730159,0.29374026854193824,1.5646519120674827,534,44.56928838951311,0.2222725086565942,118.6935196226213,1.1571105025382356,1.159874402659196,238,296,3.9115168539325844,-0.018212171614847224,-0.10227319915242554
tf=1|ema=34|vwap=roll50|trend=0|sides=long|stop_atr=0|target_atr=0.0|exit_cross=True|min_bars=0|max_bars=0|confirm=False|entry=cross_or_pb|exit=close_vwap|regime=|rs=20|dtrend=50,500,34.0,0.8143290671552469,407.16453357762344,1.5356318773626305,2.3386150232150027,170,330,5.66275,0.5114791952115405,1.5632289370595922,417,33.81294964028777,0.56136356290057,234.08860572953768,1.3701916813814117,1.438899152896738,141,276,5.383493205435651,0.46684050655730275,1.290437531486698
tf=1|ema=21|vwap=roll50|trend=0|sides=long|stop_atr=4.0|target_atr=0.0|exit_cross=True|min_bars=0|max_bars=0|confirm=False|entry=cross|exit=cross|regime=spy50|rs=0|dtrend=50,458,37.99126637554585,0.9709070339879136,444.67542156646437,1.4705783158387078,2.269720621071959,174,284,9.312045123726346,0.6267416729173,1.5618883965604844,403,34.98759305210918,0.19595500046274708,78.96986518648707,1.0961690845054997,0.5599417433290376,141,262,8.023056244830437,0.11306595117367323,0.33565952666745685
tf=1|ema=34|vwap=roll50|trend=0|sides=long|stop_atr=4.0|target_atr=0.0|exit_cross=True|min_bars=7|max_bars=0|confirm=False|entry=cross_or_pb|exit=close_vwap|regime=spy50|rs=20|dtrend=0,471,37.79193205944798,0.7881753765487042,371.23060235443967,1.4860928373868805,2.1871484039408537,178,293,5.884023354564756,0.5330320362882026,1.5611366498517674,400,36.0,0.5447121411313333,217.8848564525333,1.3358447695022464,1.5391548513422706,144,256,5.791875,0.4695972865665931,1.3752549133553
tf=1|ema=21|vwap=roll50|trend=0|sides=long|stop_atr=0|target_atr=0.0|exit_cross=True|min_bars=0|max_bars=0|confirm=False|entry=cross|exit=close_vwap|regime=spy50|rs=20|dtrend=50,300,34.666666666666664,1.0289302697692653,308.67908093077955,1.5708273446411831,1.8404230064960243,104,196,6.092638888888889,0.832911837208198,1.557619771016846,271,36.162361623616235,0.7250937981487515,196.50041929831167,1.450485940902057,1.6900928591192828,98,173,6.379612546125461,0.6839324097238649,1.6516878570413127
tf=1|ema=34|vwap=roll35|trend=0|sides=long|stop_atr=0|target_atr=0.0|exit_cross=True|min_bars=0|max_bars=0|confirm=False|entry=cross|exit=close_vwap|regime=spyvw|rs=20|dtrend=50,390,38.717948717948715,0.8037108937927775,313.4472485791832,1.606163353990998,2.071474078290313,151,239,4.713995726495727,0.5763312293868543,1.5568618555716212,293,39.24914675767918,0.636794901493708,186.58090613765643,1.4830076784776252,1.9985428927839757,115,178,4.5907281001137665,0.4006619862481777,1.3509289931919695
tf=1|ema=13|vwap=week|trend=0|sides=long|stop_atr=4.0|target_atr=0.0|exit_cross=True|min_bars=7|max_bars=0|confirm=False|entry=cross_or_pb|exit=close_vwap|regime=spy50|rs=0|dtrend=50,1214,39.86820428336079,0.33287631951530994,404.1118518915863,1.2804237366558455,2.109465225513489,484,730,2.949581274025261,0.22861699070067698,1.5555615031046142,1017,39.233038348082594,0.10809371632809804,109.93130950567571,1.084609792405903,0.7815619960027443,399,618,2.921910848901999,0.032137136774517405,0.24761768559411884
tf=1|ema=21|vwap=roll50|trend=0|sides=long|stop_atr=4.0|target_atr=0.0|exit_cross=True|min_bars=7|max_bars=0|confirm=False|entry=cross|exit=cross|regime=spy50|rs=20|dtrend=50,299,38.12709030100334,1.3357660725016554,399.39405567799497,1.5663141343571991,2.1671860779397605,114,185,9.688823857302117,0.9046579212978941,1.5555373399803327,268,37.3134328358209,0.4934618229058795,132.2477685387757,1.2215146897123321,1.031286364036281,100,168,8.911691542288558,0.39294718075144774,0.8546800332098445
tf=1|ema=34|vwap=roll35|trend=0|sides=long|stop_atr=4.0|target_atr=0.0|exit_cross=True|min_bars=7|max_bars=0|confirm=False|entry=cross|exit=cross|regime=|rs=0|dtrend=50,991,45.0050454086781,0.38876797281693953,385.2690610615871,1.2742802933324715,2.2600214347620606,446,545,3.888874873864783,0.2426825111218821,1.5551494267799342,745,43.22147651006711,0.27498059590016094,204.86054394561987,1.1794685476761262,1.489675832639974,322,423,4.080369127516779,0.07364740837563442,0.4268714799851532
tf=1|ema=34|vwap=roll35|trend=0|sides=long|stop_atr=4.0|target_atr=0.0|exit_cross=True|min_bars=7|max_bars=0|confirm=False|entry=cross_or_pb|exit=close_vwap|regime=|rs=20|dtrend=0,756,37.56613756613756,0.6361978353461971,480.9655635217251,1.4287254564112708,2.4507143911854494,284,472,4.905037477954145,0.3690165232322574,1.5547970723472275,585,37.0940170940171,0.7285165385544983,426.1821750543815,1.4849740411223846,2.499592354734068,217,368,4.776923076923077,0.4703301865493371,1.7701875629633863
tf=1|ema=34|vwap=week|trend=0|sides=long|stop_atr=4.0|target_atr=0.0|exit_cross=True|min_bars=0|max_bars=0|confirm=False|entry=cross|exit=close_vwap|regime=spy50|rs=0|dtrend=50,715,38.6013986013986,0.22383303695523654,160.04062142299412,1.3913385940696306,2.0730610696644063,276,439,1.6611305361305364,0.15536593307610974,1.5541469704608095,570,34.91228070175438,0.07469607035375521,42.57676010164047,1.12410455189054,0.7912971880044718,199,371,1.5845760233918127,0.034783259273123986,0.3984509194263694
tf=1|ema=13|vwap=week|trend=0|sides=long|stop_atr=4.0|target_atr=0.0|exit_cross=True|min_bars=0|max_bars=0|confirm=False|entry=cross|exit=close_vwap|regime=spyvw|rs=0|dtrend=50,806,42.67990074441688,0.4737612969385959,381.85160533250826,1.4903382098720976,2.5754602635051485,344,462,2.5331368899917286,0.26978058576238517,1.5520273020014508,645,38.604651162790695,0.12921056392926167,83.34081373437378,1.1316277804354848,0.9434292634045737,249,396,2.4362403100775194,0.040386762828969046,0.31739400242285837
tf=1|ema=21|vwap=roll50|trend=0|sides=long|stop_atr=0|target_atr=0.0|exit_cross=True|min_bars=0|max_bars=0|confirm=False|entry=cross_or_pb|exit=close_vwap|regime=|rs=0|dtrend=50,715,30.76923076923077,0.6005421906337137,429.38766630310533,1.4283353398022944,2.2006510710793923,220,495,5.224067599067599,0.3970641777439092,1.549650274085482,579,29.706390328151986,0.37100856380772584,214.8139584446733,1.264929103795943,1.269456454806636,172,407,5.038860103626943,0.2997149976256533,1.1024274208148184
tf=1|ema=34|vwap=week|trend=0|sides=long|stop_atr=4.0|target_atr=0.0|exit_cross=True|min_bars=7|max_bars=0|confirm=False|entry=cross|exit=close_vwap|regime=spy50|rs=20|dtrend=50,465,46.88172043010753,0.5362813605422616,249.37083265215162,1.5301333108771953,2.366289830529291,218,247,2.925179211469534,0.314679271811495,1.5494445395579755,359,44.289693593314766,0.2066953585386293,74.20363371536793,1.1914839432633657,1.0014028585117642,159,200,2.761490250696379,0.13637460857810083,0.7264832382173826
tf=1|ema=13|vwap=week|trend=0|sides=long|stop_atr=4.0|target_atr=0.0|exit_cross=True|min_bars=7|max_bars=0|confirm=False|entry=cross|exit=close_vwap|regime=spy50|rs=0|dtrend=50,1062,39.453860640301315,0.3639501549366178,386.5150645426881,1.2979696192070642,2.0569397567371,419,643,2.9652385436283737,0.2558806181995948,1.5493598009470226,916,39.956331877729255,0.06509364874956781,59.62578225460412,1.0495592121404334,0.4576622111870002,366,550,2.9821233624454155,-0.004247119456390345,-0.03176797744492687
tf=1|ema=21|vwap=roll50|trend=0|sides=long|stop_atr=4.0|target_atr=0.0|exit_cross=True|min_bars=7|max_bars=0|confirm=False|entry=cross|exit=cross|regime=|rs=20|dtrend=50,329,39.209726443769,1.3902759194234366,457.4007774903107,1.60763742884248,2.4356488837217602,129,200,10.020390070921986,0.8291285887939004,1.5486042428536897,305,38.032786885245905,0.6747374740952576,205.7949295990536,1.298115408958416,1.2364634501599367,116,189,8.878415300546447,0.4841243969008426,0.9579999183049782
tf=1|ema=13|vwap=week|trend=0|sides=long|stop_atr=0|target_atr=0.0|exit_cross=True|min_bars=7|max_bars=0|confirm=False|entry=cross_or_pb|exit=close_vwap|regime=|rs=20|dtrend=50,1002,42.61477045908184,0.3968861303793035,397.6799026400621,1.3043324779731442,2.2931288562391328,427,575,3.061626746506986,0.24497765780383818,1.5474287557691455,785,41.40127388535032,0.2972734213915241,233.3596357923464,1.2132981626313117,1.6987874471800528,325,460,3.067781316348195,0.20771071616797004,1.2812803310354053
tf=1|ema=34|vwap=roll35|trend=0|sides=long|stop_atr=0|target_atr=0.0|exit_cross=True|min_bars=7|max_bars=0|confirm=False|entry=cross_or_pb|exit=close_vwap|regime=|rs=20|dtrend=0,753,37.45019920318725,0.6002221898905338,451.9673089875719,1.3940466514058194,2.285635810483994,282,471,4.943946436476318,0.36996793569710484,1.5446963486170189,582,37.45704467353952,0.7561195788505117,440.0615948909978,1.5067709619999448,2.573918837551482,218,364,4.835123138602521,0.49625612783329,1.8545884328466324
tf=1|ema=13|vwap=week|trend=0|sides=long|stop_atr=0|target_atr=0.0|exit_cross=True|min_bars=0|max_bars=0|confirm=False|entry=cross|exit=close_vwap|regime=spyvw|rs=0|dtrend=50,806,42.80397022332506,0.471676912492168,380.1715914686874,1.486829830389428,2.556939401984183,345,461,2.5388751033912325,0.2692809898437826,1.54466345095585,645,38.604651162790695,0.11013235493843515,71.03536893529068,1.1100537568553144,0.7939296947685838,249,396,2.4393410852713178,0.03349116630740945,0.2604184235644348
tf=1|ema=34|vwap=roll35|trend=0|sides=long|stop_atr=4.0|target_atr=0.0|exit_cross=True|min_bars=0|max_bars=0|confirm=False|entry=cross_or_pb|exit=cross|regime=|rs=20|dtrend=0,1060,46.320754716981135,0.3278718342118735,347.54414426458584,1.2520334834601532,2.19161594000998,491,569,3.168396226415094,0.20872960498911097,1.5431774975999741,791,42.35145385587863,0.2861916264545349,226.3775765255371,1.1992397495817588,1.6904456004373132,335,456,3.285661609776654,0.10840524447261465,0.6948793766266466
tf=1|ema=34|vwap=roll35|trend=0|sides=long|stop_atr=0|target_atr=0.0|exit_cross=True|min_bars=0|max_bars=0|confirm=False|entry=cross_or_pb|exit=cross|regime=|rs=20|dtrend=0,1055,47.014218009478675,0.33817243724808815,356.771921296733,1.2529821340646095,2.067029945780461,496,559,3.5,0.23263836303651933,1.5416428876917172,784,43.75,0.34486312981323564,270.3726937735767,1.2428750707928102,1.9910283395265131,343,441,3.5714285714285716,0.13698906772093997,0.854315631504207
tf=1|ema=34|vwap=roll35|trend=0|sides=long|stop_atr=4.0|target_atr=0.0|exit_cross=True|min_bars=7|max_bars=0|confirm=False|entry=cross_or_pb|exit=cross|regime=|rs=0|dtrend=50,1017,45.13274336283186,0.38253911239890204,389.04227730968336,1.2699871682165866,2.2633341156296574,459,558,3.8888069485414616,0.2354666275207455,1.5375003929058932,779,42.87548138639281,0.23928037984972608,186.3994159029366,1.1564834952176526,1.3420116574645873,334,445,4.000748823277706,0.04730260284950707,0.2838272007143958
tf=1|ema=21|vwap=roll50|trend=0|sides=long|stop_atr=0|target_atr=0.0|exit_cross=True|min_bars=7|max_bars=0|confirm=False|entry=cross_or_pb|exit=close_vwap|regime=|rs=20|dtrend=50,484,37.1900826446281,0.8594000585430259,415.9496283348245,1.5118689725740593,2.2155754949133764,180,304,6.048381542699725,0.5595320173579179,1.536735105199727,403,35.235732009925556,0.5266082659586208,212.22313118132416,1.305979160900223,1.2579500168911697,142,261,5.9246277915632755,0.4640770834186952,1.1930817970601155
tf=1|ema=34|vwap=week|trend=0|sides=long|stop_atr=4.0|target_atr=0.0|exit_cross=True|min_bars=7|max_bars=0|confirm=False|entry=cross_or_pb|exit=cross|regime=spy50|rs=0|dtrend=0,1029,54.90767735665695,0.45236635112046225,465.48497530295566,1.3056507921845715,2.8727922539143878,565,464,3.9952218982831234,0.22299507763451454,1.5355017328181393,970,51.855670103092784,0.2767725843501061,268.4694068196029,1.1626768277058999,1.660217972611531,503,467,4.028436426116838,0.1946868298322304,1.238090634753553
tf=1|ema=34|vwap=week|trend=0|sides=long|stop_atr=0|target_atr=0.0|exit_cross=True|min_bars=7|max_bars=0|confirm=False|entry=cross|exit=close_vwap|regime=spy50|rs=0|dtrend=0,900,43.44444444444444,0.40373078582779975,363.3577072450198,1.3890347956841296,2.2738660538630966,391,509,2.674166666666667,0.2504649195729189,1.5348106345605785,850,40.94117647058823,0.2966207087434008,252.12760243189067,1.2766835848207683,1.9729205251195963,348,502,2.4829901960784317,0.25083249935565244,1.8216971744422779
tf=1|ema=34|vwap=roll35|trend=0|sides=long|stop_atr=4.0|target_atr=0.0|exit_cross=True|min_bars=7|max_bars=0|confirm=False|entry=cross_or_pb|exit=close_vwap|regime=|rs=20|dtrend=50,620,37.74193548387097,0.6509209250579141,403.5709735359068,1.4484376516898199,2.2344830680436982,234,386,4.931787634408602,0.41746239696762616,1.5337713126202064,490,37.755102040816325,0.6091217752338205,298.46966986457204,1.3926423864084576,1.9625218781884017,185,305,4.862925170068027,0.43387139141449316,1.4866737446262743
tf=1|ema=13|vwap=week|trend=0|sides=long|stop_atr=4.0|target_atr=0.0|exit_cross=True|min_bars=7|max_bars=0|confirm=False|entry=cross_or_pb|exit=close_vwap|regime=|rs=20|dtrend=50,1005,42.58706467661692,0.4068909954399467,408.9254504171465,1.3153493012786297,2.3823886651494703,428,577,3.0357379767827526,0.23975978899313674,1.533150577991563,787,41.29606099110546,0.24144197815520121,190.01483680814334,1.1707578401847842,1.3947299123156316,325,462,3.0334603981363832,0.1476102178507019,0.9196984372660678
tf=1|ema=34|vwap=roll50|trend=0|sides=long|stop_atr=0|target_atr=0.0|exit_cross=True|min_bars=0|max_bars=0|confirm=False|entry=cross|exit=close_vwap|regime=spy50|rs=0|dtrend=50,467,35.76017130620985,0.7611602966243807,355.46185852358576,1.463163985925436,2.0736574546990942,167,300,6.451552462526767,0.5312650915436608,1.5320345128293513,410,34.146341463414636,0.5229096231285006,214.39294548268526,1.3569566729070006,1.6473343410476158,140,270,6.057825203252031,0.4140208804286647,1.3653921675390515
tf=1|ema=34|vwap=roll35|trend=0|sides=long|stop_atr=4.0|target_atr=0.0|exit_cross=True|min_bars=7|max_bars=0|confirm=False|entry=cross_or_pb|exit=cross|regime=spy50|rs=0|dtrend=50,931,44.68313641245972,0.36271590688937555,337.6885093140086,1.2603104258939117,2.057919036872392,416,515,3.7745255997135696,0.24657939235907936,1.531570158025515,724,43.0939226519337,0.3203577641931222,231.93902127582047,1.214356287770028,1.7084879216194262,312,412,4.033436924493555,0.11649608506808337,0.6634848837559701
tf=1|ema=34|vwap=roll35|trend=0|sides=long|stop_atr=0|target_atr=0.0|exit_cross=True|min_bars=7|max_bars=0|confirm=False|entry=cross|exit=close_vwap|regime=|rs=20|dtrend=50,591,37.055837563451774,0.6346987833353095,375.10698095116794,1.418234714209119,2.06724027677086,219,372,5.0399041173152845,0.43831990468859133,1.528375970992738,442,39.81900452488688,0.786164576993214,347.48474303100056,1.5108648597133085,2.3014000746221237,176,266,5.181278280542986,0.576726215716877,1.794552998876592
tf=1|ema=13|vwap=week|trend=0|sides=long|stop_atr=4.0|target_atr=0.0|exit_cross=True|min_bars=0|max_bars=0|confirm=False|entry=cross_or_pb|exit=cross|regime=|rs=20|dtrend=50,1052,47.52851711026616,0.4372776228165591,460.0160592030202,1.3156493177183455,2.8557002748261913,500,552,3.4461739543726235,0.2162455918708784,1.5274595786036695,855,43.74269005847953,0.23478697173557483,200.7428608339165,1.1558556142678806,1.4267346699943042,374,481,3.1722709551656925,0.17368342967226538,1.1270732621644945
tf=1|ema=13|vwap=week|trend=0|sides=long|stop_atr=0|target_atr=0.0|exit_cross=True|min_bars=7|max_bars=0|confirm=False|entry=cross|exit=close_vwap|regime=|rs=20|dtrend=0,1078,42.20779220779221,0.4453639299610742,480.102316498038,1.3309137675309268,2.4830135716723176,455,623,3.078540507111936,0.2487559327911631,1.5270688216950559,809,43.016069221260814,0.2640578469060135,213.62279814696495,1.1909168831648382,1.61184652393512,348,461,3.0156056860321385,0.13920378652667864,0.9306203454343324
tf=1|ema=34|vwap=roll50|trend=0|sides=long|stop_atr=4.0|target_atr=0.0|exit_cross=True|min_bars=0|max_bars=0|confirm=False|entry=cross|exit=close_vwap|regime=spy50|rs=0|dtrend=50,467,35.54603854389722,0.7752464008718776,362.0400692071668,1.476940339516001,2.1221176160064283,166,301,6.4128301213419,0.5280459680516169,1.5265718686079268,410,33.90243902439025,0.5211266186349034,213.66191364031036,1.3560939190513268,1.644880729242294,139,271,6.008028455284553,0.4098201991747207,1.3530838829560692
tf=1|ema=21|vwap=roll50|trend=0|sides=long|stop_atr=0|target_atr=0.0|exit_cross=True|min_bars=7|max_bars=0|confirm=False|entry=cross_or_pb|exit=close_vwap|regime=spy50|rs=20|dtrend=50,448,37.05357142857143,0.8074911479320591,361.7560342735625,1.4981106476128756,2.035631394304692,166,282,5.87016369047619,0.5739488137145203,1.5259999955689423,366,36.885245901639344,0.5439876927595075,199.09949554997976,1.3324830044185014,1.4679356675672783,135,231,5.870104735883424,0.5116237127463354,1.444902289884524
tf=1|ema=34|vwap=roll35|trend=0|sides=long|stop_atr=0|target_atr=0.0|exit_cross=True|min_bars=7|max_bars=0|confirm=False|entry=cross_or_pb|exit=cross|regime=spy50|rs=0|dtrend=50,920,45.54347826086956,0.36268205429629075,333.6674899525875,1.2531676978357924,1.9656172691117186,419,501,4.101630434782609,0.25710387169677,1.5227054519163228,710,45.2112676056338,0.38631828216158565,274.2859803347258,1.2575428424087463,1.954156635591099,321,389,4.469600938967136,0.1599459565574929,0.8617187372792067
tf=1|ema=34|vwap=roll35|trend=0|sides=long|stop_atr=4.0|target_atr=0.0|exit_cross=True|min_bars=7|max_bars=0|confirm=False|entry=cross|exit=close_vwap|regime=spyvw|rs=20|dtrend=0,458,39.301310043668124,0.7754115741100821,355.1385009424176,1.4996746218671535,2.1439458348929383,180,278,5.268195050946143,0.5076657224650624,1.5221686570785975,338,40.532544378698226,0.8583072210672609,290.10784072073415,1.597363675322028,2.5114849079074544,137,201,5.201923076923077,0.4980025030011033,1.6270015624679037
tf=1|ema=21|vwap=week|trend=0|sides=long|stop_atr=0|target_atr=0.0|exit_cross=True|min_bars=0|max_bars=0|confirm=False|entry=cross_or_pb|exit=close_vwap|regime=spy50|rs=0|dtrend=50,1164,36.94158075601374,0.2088834030107194,243.1402811044774,1.2606360258181297,2.03228492742266,430,734,2.1704968499427264,0.14735616066340124,1.5217317526209164,985,35.83756345177665,0.2106905928723723,207.5302339792867,1.2400249517843611,1.7984619282432703,353,632,2.146404399323181,0.1481894405555738,1.3651247508822706
tf=1|ema=34|vwap=roll35|trend=0|sides=long|stop_atr=4.0|target_atr=0.0|exit_cross=True|min_bars=7|max_bars=0|confirm=False|entry=cross|exit=close_vwap|regime=|rs=20|dtrend=50,592,36.99324324324324,0.6510707781707856,385.4339006771051,1.4347548430865076,2.1373646291467865,219,373,5.0061233108108105,0.43298147230897066,1.5202221627153125,444,39.414414414414416,0.7535957855410222,334.59652878021393,1.4851986766082634,2.2228720483502205,175,269,5.113175675675675,0.5367194094015851,1.680278532276352
tf=1|ema=34|vwap=roll35|trend=0|sides=long|stop_atr=0|target_atr=0.0|exit_cross=True|min_bars=7|max_bars=0|confirm=False|entry=cross_or_pb|exit=cross|regime=spy50|rs=20|dtrend=50,686,45.04373177842566,0.43069861339505544,295.45924878900803,1.294884659534776,1.9018956475503281,309,377,3.8564139941690962,0.31807728968858373,1.516838966897952,534,47.19101123595506,0.6287482352446856,335.75155762066214,1.4242841473726529,2.6602475154861707,252,282,4.213249063670412,0.40267805137731966,1.8129600102308867
tf=1|ema=21|vwap=week|trend=0|sides=long|stop_atr=4.0|target_atr=0.0|exit_cross=True|min_bars=7|max_bars=0|confirm=False|entry=cross|exit=close_vwap|regime=spy50|rs=20|dtrend=50,663,43.288084464555055,0.4435529367763241,294.07559708270287,1.3642234645425966,2.2090824380411207,287,376,3.123240321769733,0.2825007852080913,1.5160767593200817,570,43.50877192982456,0.36306243641217284,206.9455887549385,1.2825212422216303,1.854821872337249,248,322,3.0956871345029238,0.29832925752096295,1.6413760641111126
tf=1|ema=21|vwap=roll35|trend=0|sides=long|stop_atr=4.0|target_atr=0.0|exit_cross=True|min_bars=7|max_bars=0|confirm=False|entry=cross|exit=cross|regime=spyvw|rs=0|dtrend=50,537,37.98882681564246,0.6362713303682597,341.67770440775547,1.366298199204389,1.8914896378813149,204,333,6.423494723774054,0.47931547250635154,1.5144228141815834,404,37.62376237623762,-0.10792125938980704,-43.60018879348204,0.9453279767974562,-0.35892588251621815,152,252,6.417079207920793,-0.28882210160608685,-1.0182473037790505
tf=1|ema=34|vwap=roll35|trend=0|sides=long|stop_atr=4.0|target_atr=0.0|exit_cross=True|min_bars=7|max_bars=0|confirm=False|entry=cross|exit=cross|regime=spy50|rs=0|dtrend=0,1170,43.41880341880342,0.3612309089895019,422.6401635177172,1.2319270097746173,2.1321678564991595,508,662,4.050641025641026,0.23662190130660493,1.5130043899227776,1090,42.93577981651376,0.21871845519401997,238.40311616148176,1.1289171669626974,1.3359967869024685,468,622,4.507071865443425,0.039506517863868176,0.2570296066177455
tf=1|ema=34|vwap=week|trend=0|sides=long|stop_atr=4.0|target_atr=0.0|exit_cross=True|min_bars=0|max_bars=0|confirm=False|entry=cross_or_pb|exit=close_vwap|regime=spy50|rs=20|dtrend=0,621,40.74074074074074,0.2790475585192576,173.28853384045897,1.4094769332290602,2.1192114941993685,253,368,1.80240203972088,0.18369592109040023,1.5116016478064076,528,36.36363636363637,0.1151469392781396,60.7975839388577,1.1717259568852783,0.9038272014623716,192,336,1.633838383838384,0.06945683006847383,0.5840696162349346
tf=1|ema=21|vwap=week|trend=0|sides=long|stop_atr=4.0|target_atr=0.0|exit_cross=True|min_bars=7|max_bars=0|confirm=False|entry=cross|exit=close_vwap|regime=spy50|rs=20|dtrend=0,707,42.998585572843,0.4674714279446578,330.502299556873,1.376956554020258,2.1537870491773363,304,403,3.079090051862329,0.30548253328822,1.5115989995298877,621,44.12238325281803,0.37380029409912297,232.12998263555536,1.2970302651278527,2.034968270681718,274,347,3.0570316693505095,0.3029826352162992,1.7777265595780638
tf=1|ema=13|vwap=week|trend=0|sides=long|stop_atr=4.0|target_atr=0.0|exit_cross=True|min_bars=7|max_bars=0|confirm=False|entry=cross|exit=close_vwap|regime=|rs=20|dtrend=0,1079,42.16867469879518,0.4564086338497096,492.4649159238367,1.3422668009689842,2.568835161394164,455,624,3.0510117392647516,0.24401956003134678,1.5112927856449787,810,42.839506172839506,0.20674914615998263,167.4668083895859,1.1468443719834378,1.2738277717932522,347,463,2.980504115226337,0.07585532232522865,0.5112408027162834
tf=1|ema=34|vwap=week|trend=0|sides=long|stop_atr=0|target_atr=0.0|exit_cross=True|min_bars=0|max_bars=0|confirm=False|entry=cross_or_pb|exit=close_vwap|regime=spy50|rs=20|dtrend=0,620,40.645161290322584,0.28187237311693003,174.76087133249663,1.415017604566149,2.128828702942162,252,368,1.8112231182795702,0.18503850135336924,1.5111952318022148,528,36.36363636363637,0.11844851527233492,62.54081606379284,1.1775239083893017,0.9311016502543019,192,336,1.6349431818181819,0.07210165450976695,0.6069630666872214
tf=1|ema=21|vwap=roll35|trend=0|sides=long|stop_atr=4.0|target_atr=0.0|exit_cross=True|min_bars=0|max_bars=0|confirm=False|entry=cross|exit=cross|regime=spyvw|rs=0|dtrend=50,548,37.956204379562045,0.6301234813293353,345.3076677684757,1.3773041788038476,1.9289292873715238,208,340,6.211678832116788,0.46389334830774076,1.5093447714073538,422,36.492890995260666,-0.13320157528099202,-56.21106476857863,0.9299658170912704,-0.4708072593139806,154,268,6.082148499210112,-0.2957340370096455,-1.111355651080175
tf=1|ema=34|vwap=roll50|trend=0|sides=long|stop_atr=0|target_atr=0.0|exit_cross=True|min_bars=7|max_bars=0|confirm=False|entry=cross_or_pb|exit=close_vwap|regime=spy50|rs=20|dtrend=0,469,37.953091684434966,0.7545243716208221,353.87193029016555,1.4574701047657652,2.0740093410317018,178,291,5.973880597014926,0.519003750399813,1.5092537900020786,398,36.18090452261306,0.5364261836172418,213.49762107966222,1.3261699361903143,1.4990989724569177,144,254,5.833333333333333,0.48769945014008365,1.417892992669499
tf=1|ema=21|vwap=roll35|trend=0|sides=long|stop_atr=0|target_atr=0.0|exit_cross=True|min_bars=0|max_bars=0|confirm=False|entry=cross|exit=cross|regime=|rs=0|dtrend=50,797,38.393977415307404,0.5859007962153964,466.9629345836709,1.3258574041596227,2.173795490646412,306,491,6.409347553324968,0.3774922142394609,1.5091486059658772,632,37.81645569620253,0.16941625171718586,107.07107108526147,1.0902891550729532,0.6699862708495814,239,393,6.063884493670886,0.03160239602895327,0.13215502832805248
tf=1|ema=34|vwap=roll50|trend=0|sides=long|stop_atr=0|target_atr=0.0|exit_cross=True|min_bars=0|max_bars=0|confirm=False|entry=cross_or_pb|exit=close_vwap|regime=spy50|rs=0|dtrend=0,844,31.872037914691944,0.5241130694205549,442.3514305909483,1.3762810430768475,2.1558496116267793,269,575,5.027004344391784,0.34931009527821444,1.5086972870007915,800,29.375,0.08696828225953979,69.57462580763183,1.0639156646730068,0.4546036247399932,235,565,4.757552083333334,0.004681261337838497,0.025761644556289768
tf=1|ema=34|vwap=roll50|trend=0|sides=long|stop_atr=4.0|target_atr=0.0|exit_cross=True|min_bars=7|max_bars=0|confirm=False|entry=cross|exit=close_vwap|regime=spy50|rs=0|dtrend=0,630,36.507936507936506,0.7067613258223469,445.25963526807845,1.4025606517210016,2.180388880726092,230,400,6.500462962962963,0.4671325700129247,1.5085811448144095,630,34.285714285714285,0.02229004469718725,14.042728159227968,1.0132180115408402,0.09479205380915325,216,414,6.009854497354497,-0.10182874591792163,-0.4526414457895897
tf=1|ema=34|vwap=week|trend=0|sides=long|stop_atr=4.0|target_atr=0.0|exit_cross=True|min_bars=7|max_bars=0|confirm=False|entry=cross|exit=close_vwap|regime=spy50|rs=0|dtrend=50,661,44.93192133131619,0.4506126640903299,297.85497096370807,1.4623874324344537,2.3443201315952202,297,364,2.810955622793747,0.2635381711288432,1.5078864717466498,540,41.851851851851855,0.17010753389717248,91.85806830447314,1.1651906448787615,1.064302334743362,226,314,2.64945987654321,0.11630949296107572,0.7971671304970047
tf=1|ema=21|vwap=roll50|trend=0|sides=long|stop_atr=0|target_atr=0.0|exit_cross=True|min_bars=0|max_bars=0|confirm=False|entry=cross|exit=close_vwap|regime=spy50|rs=20|dtrend=0,322,34.161490683229815,0.9333663968993365,300.5439798015864,1.5133541450586312,1.7719201765431651,110,212,5.967003105590062,0.7598260386393327,1.5071224659063178,293,34.47098976109215,0.6532474890228122,191.40151428368398,1.3985281463063,1.6005319893882461,101,192,6.249146757679181,0.6075932108632754,1.540377455603219
tf=1|ema=21|vwap=roll50|trend=0|sides=long|stop_atr=0|target_atr=0.0|exit_cross=True|min_bars=0|max_bars=0|confirm=False|entry=cross_or_pb|exit=close_vwap|regime=spy50|rs=0|dtrend=50,659,30.349013657056144,0.544369812771377,358.7397066163374,1.3958807781879954,1.9285347276304516,200,459,5.061899342438038,0.40297139880188315,1.5066305168497727,531,30.131826741996232,0.27596486824726324,146.53734503929675,1.2014499228227222,1.1040873969346863,160,371,5.019617074701821,0.2327845059479863,0.9756031801308461
tf=1|ema=13|vwap=week|trend=0|sides=long|stop_atr=4.0|target_atr=0.0|exit_cross=True|min_bars=0|max_bars=0|confirm=False|entry=cross_or_pb|exit=close_vwap|regime=|rs=20|dtrend=50,1115,37.219730941704036,0.32400625531957106,361.2669746813217,1.3306902955373685,2.464014426798539,415,700,2.3103139013452916,0.18413039001317946,1.5065689848563997,872,36.92660550458716,0.19020131957101727,165.85555066592704,1.173134244615863,1.3880697662966148,322,550,2.29286123853211,0.1117379792257975,0.8783544617204597
tf=1|ema=21|vwap=roll35|trend=0|sides=long|stop_atr=0|target_atr=0.0|exit_cross=True|min_bars=7|max_bars=0|confirm=False|entry=cross|exit=cross|regime=|rs=0|dtrend=50,773,39.06856403622251,0.5874950686477012,454.133688064673,1.3114117480059362,2.093976071802252,302,471,6.719545062526951,0.39219549883227683,1.5061885118063592,600,39.0,0.21633848787390958,129.80309272434573,1.1108646272421927,0.7783144231612498,234,366,6.458472222222223,0.059635353742796895,0.22604107815069743
tf=1|ema=21|vwap=roll50|trend=0|sides=long|stop_atr=0|target_atr=0.0|exit_cross=True|min_bars=7|max_bars=0|confirm=False|entry=cross|exit=close_vwap|regime=|rs=20|dtrend=50,323,37.15170278637771,1.0860891441613973,350.80679356413134,1.579079075675307,2.0349722025395725,120,203,6.917440660474715,0.7598034105003469,1.503760183683852,298,36.91275167785235,0.9079184210604058,270.5596894760009,1.5090416812867262,1.6557552939286218,110,188,6.9014261744966445,0.8261293798894919,1.6248605731987507
tf=1|ema=21|vwap=roll50|trend=0|sides=long|stop_atr=4.0|target_atr=0.0|exit_cross=True|min_bars=7|max_bars=0|confirm=False|entry=cross_or_pb|exit=close_vwap|regime=|rs=20|dtrend=50,486,37.03703703703704,0.8703112455700839,422.97126534706075,1.524008608386474,2.259612884568003,180,306,5.977451989026063,0.5441996401801356,1.5028382527268909,404,34.9009900990099,0.520952115863762,210.46465480895984,1.3032914998681262,1.2507468683704281,141,263,5.87654702970297,0.4461717311053482,1.1514070303984032
tf=1|ema=13|vwap=week|trend=0|sides=long|stop_atr=4.0|target_atr=0.0|exit_cross=True|min_bars=0|max_bars=0|confirm=False|entry=cross|exit=close_vwap|regime=spy50|rs=0|dtrend=50,1137,35.180299032541775,0.26937383905555196,306.27805500616256,1.2839132883063467,1.8997130146270602,400,737,2.275322486074465,0.2017856197025047,1.498522631064137,984,36.17886178861789,0.07992726528032029,78.64842903583516,1.0793826917333949,0.696193949413827,356,628,2.2836212737127366,0.006713994692969013,0.062057451479974934
tf=1|ema=34|vwap=roll50|trend=0|sides=long|stop_atr=4.0|target_atr=0.0|exit_cross=True|min_bars=7|max_bars=0|confirm=False|entry=cross_or_pb|exit=close_vwap|regime=spy50|rs=20|dtrend=50,439,38.041002277904326,0.8096671078533721,355.4438603476304,1.4978218499708615,2.138360153419781,167,272,6.055144267274108,0.5369686942140757,1.4980452540241025,357,36.97478991596638,0.5719540689587429,204.18760261827123,1.3452947698852815,1.5006814105895951,132,225,6.081816059757236,0.4969284514719897,1.3576344288196731
tf=1|ema=13|vwap=week|trend=0|sides=long|stop_atr=4.0|target_atr=0.0|exit_cross=True|min_bars=0|max_bars=0|confirm=False|entry=cross_or_pb|exit=close_vwap|regime=spyvw|rs=0|dtrend=50,1008,40.07936507936508,0.42018730135868915,423.5487997695587,1.4582682944333623,2.690947797853958,404,604,2.3934771825396823,0.22050023682479428,1.4974708362165245,818,35.45232273838631,0.07986464300129427,65.3292779750587,1.0833323746317898,0.6460009801875995,290,528,2.252903422982885,0.018414986584973807,0.16156853440124017
tf=1|ema=34|vwap=roll35|trend=0|sides=long|stop_atr=0|target_atr=0.0|exit_cross=True|min_bars=7|max_bars=0|confirm=False|entry=cross_or_pb|exit=close_vwap|regime=|rs=20|dtrend=50,618,37.702265372168284,0.6215164163291402,384.0971452914087,1.419004840873117,2.1104063209787696,233,385,4.9636596548004315,0.4115143050384616,1.4969435951632843,487,38.19301848049281,0.6380792862093261,310.74461238394184,1.4135807670503886,2.035431684260729,186,301,4.930441478439425,0.46508775503253585,1.580661246003353
tf=1|ema=21|vwap=roll50|trend=0|sides=long|stop_atr=0|target_atr=0.0|exit_cross=True|min_bars=0|max_bars=0|confirm=False|entry=cross|exit=close_vwap|regime=spy50|rs=0|dtrend=50,446,32.95964125560538,0.7376633671115727,328.9978617317614,1.4482827326252106,1.8453794709326874,147,299,6.1692825112107625,0.5695782273853817,1.4960960020330882,385,33.76623376623377,0.48815879871775625,187.94113750633613,1.3198971661703771,1.5068394282645152,130,255,6.1258658008658005,0.4168821836969913,1.3379368599875123
tf=1|ema=21|vwap=roll50|trend=0|sides=long|stop_atr=4.0|target_atr=0.0|exit_cross=True|min_bars=0|max_bars=0|confirm=False|entry=cross_or_pb|exit=close_vwap|regime=|rs=0|dtrend=50,718,30.64066852367688,0.6021458011714026,432.34068524106704,1.4318657902928682,2.217447469388943,220,498,5.1905176415970296,0.3812857651627819,1.4938423039542323,580,29.655172413793103,0.3662357724813332,212.41674803917326,1.261200403925777,1.2564308948594278,172,408,5.015876436781609,0.291937120236383,1.0762568932442893
tf=1|ema=21|vwap=roll50|trend=0|sides=long|stop_atr=4.0|target_atr=0.0|exit_cross=True|min_bars=7|max_bars=0|confirm=False|entry=cross|exit=cross|regime=|rs=0|dtrend=50,494,39.068825910931174,1.0524994905845593,519.9347483487722,1.4832899847541,2.4742825969419715,193,301,9.87424089068826,0.5934260195237904,1.4934542593101778,427,35.831381733021075,0.3957886301087516,169.00174505643693,1.1826304136525534,0.9416751863841244,153,274,8.41090944574551,0.24140525153894904,0.6151740030224239
tf=1|ema=21|vwap=roll50|trend=0|sides=long|stop_atr=4.0|target_atr=0.0|exit_cross=True|min_bars=7|max_bars=0|confirm=False|entry=cross_or_pb|exit=close_vwap|regime=spy50|rs=20|dtrend=50,449,36.97104677060133,0.8156141851353967,366.2107691257931,1.503139271769334,2.0593632780429405,166,283,5.793893838158872,0.5610894654379789,1.4921550497185816,367,36.51226158038147,0.5355905617355231,196.561736156937,1.3276281690181622,1.4536777228749584,134,233,5.818119891008174,0.4888206872921491,1.3856158198130257
tf=1|ema=13|vwap=week|trend=0|sides=long|stop_atr=0|target_atr=0.0|exit_cross=True|min_bars=7|max_bars=0|confirm=False|entry=cross|exit=close_vwap|regime=|rs=20|dtrend=50,879,42.43458475540387,0.41113695302679765,361.38938171055514,1.3085998981822753,2.1924044154732254,373,506,3.1015358361774745,0.2558883866727629,1.492133547593366,696,42.09770114942529,0.2271356431097459,158.08640760438314,1.1584982675982778,1.2584926600596602,293,403,3.089679118773947,0.14403307945774746,0.8614083353833446
tf=1|ema=13|vwap=week|trend=0|sides=long|stop_atr=0|target_atr=0.0|exit_cross=True|min_bars=0|max_bars=0|confirm=False|entry=cross|exit=close_vwap|regime=spy50|rs=0|dtrend=50,1137,35.26824978012313,0.26588518641137615,302.3114569497347,1.2790856621685769,1.8691968241825485,401,736,2.279793315743184,0.20134342781498973,1.4913838357875748,984,36.28048780487805,0.09779744050436552,96.23268145629567,1.0970691828498746,0.8372838978164528,357,627,2.2956470189701896,0.03233571849561058,0.29390017787343437
tf=1|ema=34|vwap=week|trend=0|sides=long|stop_atr=0|target_atr=0.0|exit_cross=True|min_bars=0|max_bars=0|confirm=False|entry=cross_or_pb|exit=close_vwap|regime=spyvw|rs=0|dtrend=0,1090,40.091743119266056,0.3060059381962213,333.5464726338812,1.404617277144898,2.6913661002063143,437,653,1.712461773700306,0.14831485537394884,1.4909354879319503,829,36.55006031363088,0.17302142143644758,143.43475837081505,1.2779400704653698,1.6456527561803291,303,526,1.2925713711298754,0.09204673854042587,0.9812925894416187
tf=1|ema=21|vwap=week|trend=0|sides=long|stop_atr=0|target_atr=0.0|exit_cross=True|min_bars=7|max_bars=0|confirm=False|entry=cross|exit=close_vwap|regime=spy50|rs=20|dtrend=50,663,43.43891402714932,0.43144970883140105,286.05115695521886,1.3505887698883385,2.119610225347329,288,375,3.1812468577174458,0.28092466530669935,1.4898797956904983,565,43.716814159292035,0.3377095494003245,190.80589541118334,1.2560104685509947,1.6884539295776277,247,318,3.1403392330383477,0.297537271259387,1.6074325173740414
tf=1|ema=21|vwap=roll50|trend=0|sides=long|stop_atr=4.0|target_atr=0.0|exit_cross=True|min_bars=0|max_bars=0|confirm=False|entry=cross|exit=close_vwap|regime=|rs=20|dtrend=50,330,34.84848484848485,1.041814866468898,343.79890593473635,1.5799522597117013,2.004283374319516,115,215,6.299368686868688,0.7346488123964566,1.4896296961320015,311,35.69131832797428,0.908626643274715,282.5828860584363,1.5661537089208502,1.792956778793988,111,200,6.27625937834941,0.8136699943077582,1.73792487006087
tf=1|ema=13|vwap=week|trend=0|sides=long|stop_atr=4.0|target_atr=0.0|exit_cross=True|min_bars=0|max_bars=0|confirm=False|entry=cross|exit=cross|regime=|rs=0|dtrend=50,1370,46.42335766423358,0.39850066897339603,545.9459164935525,1.305088581220311,2.990510602932524,636,734,3.3523114355231147,0.1840952284227486,1.4886585900438358,1118,42.039355992844364,0.04287443342677885,47.93361657113876,1.0297141744355314,0.3233093509808121,470,648,3.1257453786523555,-0.010261684244952938,-0.08283583399368581
tf=1|ema=21|vwap=week|trend=0|sides=long|stop_atr=4.0|target_atr=0.0|exit_cross=True|min_bars=0|max_bars=0|confirm=False|entry=cross|exit=close_vwap|regime=spy50|rs=0|dtrend=50,992,37.70161290322581,0.23292864794892154,231.0652187653302,1.28027040080211,1.9864711046360164,374,618,2.2352150537634405,0.16574897873690567,1.487916001051051,841,38.16884661117717,0.24622825784022306,207.07796484362763,1.283108284957146,2.0288500461001426,321,520,2.250198176773682,0.1719782492490077,1.5227407538362938
tf=1|ema=21|vwap=roll35|trend=0|sides=long|stop_atr=4.0|target_atr=0.0|exit_cross=True|min_bars=7|max_bars=0|confirm=False|entry=cross|exit=cross|regime=|rs=0|dtrend=50,774,38.50129198966408,0.5978065026180945,462.70223302640517,1.325069092800021,2.186290037558218,298,476,6.51884151593454,0.37771225929206537,1.4878308455818745,600,38.5,0.23172171077489198,139.03302646493518,1.1215019960213402,0.8503588670403778,231,369,6.318472222222223,0.04232744626981533,0.16323704805147876
tf=1|ema=34|vwap=week|trend=0|sides=long|stop_atr=4.0|target_atr=0.0|exit_cross=True|min_bars=0|max_bars=0|confirm=False|entry=cross_or_pb|exit=close_vwap|regime=spyvw|rs=0|dtrend=0,1090,40.091743119266056,0.3079998299707304,335.7198146680961,1.4083302404356781,2.715308642347949,437,653,1.7081422018348624,0.1476060340761875,1.4869315353116097,829,36.55006031363088,0.17128633543660618,141.99637207694653,1.2743880620359442,1.6285854208367496,303,526,1.2921190188982707,0.08687449455736575,0.9245188598309397
tf=1|ema=34|vwap=roll35|trend=0|sides=long|stop_atr=4.0|target_atr=0.0|exit_cross=True|min_bars=7|max_bars=0|confirm=False|entry=cross|exit=cross|regime=spy50|rs=0|dtrend=50,904,44.469026548672566,0.3605451362798407,325.932803196976,1.2569771777388332,1.9961184948145203,402,502,3.7637352507374633,0.24512621024749634,1.4864227534105239,693,43.43434343434343,0.3546737477503734,245.78890719100878,1.2362729831122734,1.8264592539127993,301,392,4.107744107744107,0.13838224387458942,0.7608374057147907
tf=1|ema=13|vwap=week|trend=0|sides=long|stop_atr=4.0|target_atr=0.0|exit_cross=True|min_bars=0|max_bars=0|confirm=False|entry=cross_or_pb|exit=cross|regime=spy50|rs=20|dtrend=0,984,46.13821138211382,0.3843364057009174,378.1870232097027,1.2660718764480605,2.3410167372327337,454,530,3.3961297425474255,0.2274790189426992,1.4860683304447024,861,43.786295005807204,0.20864942939940426,179.6471587128871,1.1396738300563265,1.2846779946035851,377,484,3.16715060007743,0.14877692121215136,0.971481093869239
tf=1|ema=13|vwap=week|trend=0|sides=long|stop_atr=4.0|target_atr=0.0|exit_cross=True|min_bars=0|max_bars=0|confirm=False|entry=cross_or_pb|exit=close_vwap|regime=spy50|rs=0|dtrend=0,1837,33.532934131736525,0.19673135832201333,361.3955052375385,1.224743157816522,2.0158615029774296,616,1221,1.9750499001996007,0.13669442226634326,1.4859417657554672,1781,34.47501403705783,0.12801940278862609,228.00255636654305,1.1461497675787538,1.5569636877450437,614,1167,1.9203396967995507,0.06268285348376858,0.8190929938110934
tf=1|ema=34|vwap=roll50|trend=0|sides=long|stop_atr=0|target_atr=0.0|exit_cross=True|min_bars=7|max_bars=0|confirm=False|entry=cross|exit=close_vwap|regime=spy50|rs=0|dtrend=50,455,38.02197802197802,0.762695230956263,347.0263300850997,1.428335394843279,1.995503466172955,173,282,7.081410256410256,0.5349163927420181,1.4855334377438245,403,35.732009925558316,0.44052631977926976,177.53210687104573,1.2693423001970892,1.2993790672228185,144,259,6.629239040529363,0.3304738288080986,1.0180114152709152
tf=1|ema=34|vwap=week|trend=0|sides=long|stop_atr=0|target_atr=0.0|exit_cross=True|min_bars=7|max_bars=0|confirm=False|entry=cross|exit=close_vwap|regime=spy50|rs=20|dtrend=0,495,46.26262626262626,0.5705075352171127,282.4012299324708,1.5420339330760038,2.1769337575380625,229,266,2.9329124579124577,0.35534339566309636,1.4848448625252177,396,44.44444444444444,0.19724325496819117,78.1083289674037,1.1836588687612681,1.024814141214067,176,220,2.7349537037037037,0.15114709759449038,0.8617917157886932
tf=1|ema=13|vwap=week|trend=0|sides=long|stop_atr=4.0|target_atr=0.0|exit_cross=True|min_bars=0|max_bars=0|confirm=False|entry=cross|exit=close_vwap|regime=|rs=20|dtrend=0,1156,37.9757785467128,0.31799469915087253,367.60187221840863,1.3098200261893498,2.44683529769561,439,717,2.3795415224913494,0.1777323949562243,1.4836264135065553,868,39.74654377880184,0.18588501303956928,161.34819131834615,1.1715218312395586,1.4302778037406656,345,523,2.258976574500768,0.08103690396572286,0.6764567662520771
tf=1|ema=13|vwap=week|trend=0|sides=long|stop_atr=0|target_atr=0.0|exit_cross=True|min_bars=0|max_bars=0|confirm=False|entry=cross_or_pb|exit=close_vwap|regime=|rs=20|dtrend=50,1113,37.28661275831087,0.3172741826007093,353.12616523458945,1.3210993065411207,2.3977673784179827,415,698,2.3159254267744833,0.182179128878005,1.4823817690618677,872,37.04128440366973,0.23736925040648088,206.98598635445134,1.2213646989373723,1.7252064770384836,323,549,2.305093654434251,0.16238264907718855,1.2705884524113646
tf=1|ema=21|vwap=roll50|trend=0|sides=long|stop_atr=4.0|target_atr=0.0|exit_cross=True|min_bars=0|max_bars=0|confirm=False|entry=cross|exit=cross|regime=spy50|rs=20|dtrend=50,308,37.33766233766234,1.2361025596021158,380.71958835745164,1.5312405777735394,2.084171995287635,115,193,9.323187229437229,0.8282165670414355,1.481949229676483,285,36.14035087719298,0.433823183934935,123.63960742145647,1.204931083242352,0.9675656541965894,103,182,8.328070175438597,0.34125457758193356,0.7916706259624701
tf=1|ema=34|vwap=roll50|trend=0|sides=long|stop_atr=4.0|target_atr=0.0|exit_cross=True|min_bars=7|max_bars=0|confirm=False|entry=cross|exit=close_vwap|regime=spy50|rs=20|dtrend=0,344,37.2093023255814,0.9135416487390857,314.25832716624546,1.497614400832084,1.9572791605313111,128,216,6.578851744186046,0.6576106077289285,1.4816857267919537,304,36.8421052631579,0.677092137124547,205.83600968586228,1.385142572494059,1.570917998728444,112,192,6.668174342105263,0.5428124656450493,1.3056245703197105
tf=1|ema=13|vwap=week|trend=0|sides=long|stop_atr=4.0|target_atr=0.0|exit_cross=True|min_bars=7|max_bars=0|confirm=False|entry=cross|exit=close_vwap|regime=|rs=20|dtrend=50,880,42.38636363636363,0.42055442795379605,370.0878965993406,1.3182947738381028,2.2702687758853775,373,507,3.0735795454545456,0.25111232593437544,1.4808211637241218,697,41.89383070301291,0.16223731437065778,113.07940811634847,1.1111062753284142,0.9088559881307077,292,405,3.0510521281683407,0.07241443659451216,0.4373162990622586
tf=1|ema=21|vwap=roll50|trend=0|sides=long|stop_atr=4.0|target_atr=0.0|exit_cross=True|min_bars=0|max_bars=0|confirm=False|entry=cross|exit=cross|regime=|rs=0|dtrend=50,509,38.70333988212181,0.9983997744340164,508.1854851869143,1.474071307082696,2.4451049999428167,197,312,9.486902423051736,0.5631345668936732,1.4764084929960746,449,34.96659242761692,0.3595208888275987,161.42487908359183,1.173097941837406,0.9025015330054679,157,292,7.9546213808463255,0.22170902866313869,0.5956177611500232
tf=1|ema=34|vwap=roll35|trend=0|sides=long|stop_atr=0|target_atr=0.0|exit_cross=True|min_bars=0|max_bars=0|confirm=False|entry=cross_or_pb|exit=cross|regime=spy50|rs=0|dtrend=0,1378,44.339622641509436,0.3047693269381346,419.9721325207495,1.2198143096582166,2.0476786218794985,611,767,3.7323415578132555,0.205337555528254,1.4744021525657915,1271,42.64358772619984,0.12862608805120715,163.4837579130843,1.0835997335290926,0.8994950133019247,542,729,4.1715184893784425,-0.018037151917920047,-0.1341591498176232
tf=1|ema=34|vwap=roll35|trend=0|sides=long|stop_atr=4.0|target_atr=0.0|exit_cross=True|min_bars=7|max_bars=0|confirm=False|entry=cross|exit=close_vwap|regime=spyvw|rs=20|dtrend=50,381,40.15748031496063,0.8253009847017703,314.4396751713745,1.5482712040256745,2.032039080123097,153,228,5.330161854768154,0.5686724488102247,1.4743182226188176,284,41.54929577464789,0.6502639918719698,184.67497369163942,1.4418486521785723,1.9305232421715268,118,166,5.207159624413145,0.36775876425836324,1.1671876711401434
tf=1|ema=13|vwap=week|trend=0|sides=long|stop_atr=0|target_atr=0.0|exit_cross=True|min_bars=0|max_bars=0|confirm=False|entry=cross_or_pb|exit=close_vwap|regime=spyvw|rs=0|dtrend=50,1004,40.2390438247012,0.4163791410666208,418.04465763088723,1.450052839817512,2.646309027364899,404,600,2.4046314741035855,0.2185742333227584,1.4736005092767186,817,35.49571603427172,0.06618294350315297,54.071464842075976,1.0679957614510118,0.5296658907597371,290,527,2.2581599347205223,0.014327068782228966,0.12454938567692331
tf=1|ema=34|vwap=roll50|trend=0|sides=long|stop_atr=0|target_atr=0.0|exit_cross=True|min_bars=7|max_bars=0|confirm=False|entry=cross_or_pb|exit=close_vwap|regime=spy50|rs=0|dtrend=50,590,37.11864406779661,0.667853614112103,394.03363232614083,1.4216433931839376,2.123316204850856,219,371,6.30204802259887,0.43620421736711606,1.4720025667488208,496,33.66935483870968,0.2829663033540081,140.351286463588,1.1799428162683845,0.9779492665311157,167,329,5.926663306451613,0.20678889412339324,0.7484087284524746
tf=1|ema=13|vwap=week|trend=0|sides=long|stop_atr=0|target_atr=0.0|exit_cross=True|min_bars=0|max_bars=0|confirm=False|entry=cross_or_pb|exit=close_vwap|regime=spy50|rs=0|dtrend=0,1831,33.642818132168216,0.19443464071514416,356.009827149429,1.2209413710492687,1.9803059241531347,616,1215,1.982750773711997,0.13615131493287744,1.4708052795879292,1775,34.59154929577465,0.1284822592122188,228.05601010168837,1.1468442289297587,1.5644866485444577,614,1161,1.927981220657277,0.06721944442745653,0.8798937858393672
tf=1|ema=34|vwap=roll35|trend=0|sides=long|stop_atr=4.0|target_atr=0.0|exit_cross=True|min_bars=7|max_bars=0|confirm=False|entry=cross|exit=close_vwap|regime=spy50|rs=20|dtrend=50,541,35.67467652495379,0.604204855201786,326.8748266641662,1.3926218448734247,1.8465504457275859,193,348,4.89579482439926,0.45230341982922806,1.4703727873534782,407,39.55773955773956,0.8264340863102961,336.3586731282905,1.530959761710581,2.27123465951043,161,246,5.171068796068796,0.5989010047543598,1.7508009930764485
tf=1|ema=34|vwap=roll50|trend=0|sides=long|stop_atr=0|target_atr=0.0|exit_cross=True|min_bars=7|max_bars=0|confirm=False|entry=cross|exit=close_vwap|regime=spy50|rs=20|dtrend=0,344,37.5,0.8883435050056414,305.59016572194065,1.4760006018602037,1.8906256457086525,129,215,6.6669089147286815,0.6545168959424477,1.468513284032007,304,36.8421052631579,0.6236217776758423,189.58102041345606,1.344257083744752,1.4334986585917535,112,192,6.69298245614035,0.5220782034422086,1.250148405532926
tf=1|ema=21|vwap=roll50|trend=0|sides=long|stop_atr=4.0|target_atr=0.0|exit_cross=True|min_bars=0|max_bars=0|confirm=False|entry=cross|exit=close_vwap|regime=spy50|rs=20|dtrend=50,300,34.333333333333336,1.002141435803849,300.64243074115467,1.551105572079896,1.7901617231582816,103,197,6.041666666666667,0.7848794825915069,1.4645241171792496,271,36.162361623616235,0.7183934689334546,194.6846300809662,1.4444729215992032,1.6744929455035324,98,173,6.3516297662976635,0.6741615001678032,1.6266647335460338
tf=1|ema=34|vwap=roll35|trend=0|sides=long|stop_atr=4.0|target_atr=0.0|exit_cross=True|min_bars=0|max_bars=0|confirm=False|entry=cross|exit=close_vwap|regime=spyvw|rs=0|dtrend=50,537,38.17504655493482,0.6290273129379053,337.78766704765513,1.4931376403103125,2.09223161377367,205,332,4.50411235257604,0.41632637945326995,1.4639995024712886,402,37.3134328358209,0.4765665443921046,191.57975084562605,1.3955845337802923,1.8842682380879447,150,252,4.233830845771144,0.2638008373749418,1.1268710560910289
tf=1|ema=13|vwap=week|trend=0|sides=long|stop_atr=4.0|target_atr=0.0|exit_cross=True|min_bars=0|max_bars=0|confirm=False|entry=cross_or_pb|exit=cross|regime=|rs=0|dtrend=50,1420,46.478873239436616,0.3896284895598641,553.272455175007,1.298959763020538,3.006762790003186,660,760,3.3516725352112675,0.17578183893495586,1.4635779899303725,1156,42.64705882352941,0.13685909803651647,158.20911733021305,1.0964263052976537,1.0329034499553136,493,663,3.1586649365628605,0.07709334755311237,0.6222940103937097
tf=1|ema=21|vwap=roll35|trend=0|sides=long|stop_atr=4.0|target_atr=0.0|exit_cross=True|min_bars=0|max_bars=0|confirm=False|entry=cross|exit=cross|regime=|rs=0|dtrend=50,797,37.76662484316186,0.5881964013052937,468.7925318403191,1.3341946293202667,2.2334948439911537,301,496,6.241321622751987,0.3576078448592407,1.4620815608328184,632,37.34177215189873,0.18619420937971076,117.6747403279772,1.1016228397374261,0.7527353968421566,236,396,5.946795886075949,0.022340184503485995,0.09531895904582918
tf=1|ema=34|vwap=week|trend=0|sides=long|stop_atr=4.0|target_atr=0.0|exit_cross=True|min_bars=0|max_bars=0|confirm=False|entry=cross_or_pb|exit=cross|regime=|rs=0|dtrend=50,893,54.1993281075028,0.4140814782593571,369.77476008560586,1.350412063501954,2.8856254278241913,484,409,3.3861048898842854,0.18890587782676174,1.4569600825725684,676,52.071005917159766,0.22083557289964942,149.284847280163,1.158410847608247,1.25847557904505,352,324,3.3071375739644973,0.13104077123166255,0.7993560820957324
tf=1|ema=34|vwap=roll50|trend=0|sides=long|stop_atr=0|target_atr=0.0|exit_cross=True|min_bars=7|max_bars=0|confirm=False|entry=cross_or_pb|exit=close_vwap|regime=spy50|rs=20|dtrend=50,437,38.215102974828376,0.7758919807020496,339.0647955667957,1.4690623759792925,2.0292749334811084,167,270,6.1521739130434785,0.525342157583123,1.4552952284862473,356,37.07865168539326,0.5542867544326401,197.32608457801985,1.3290906785792405,1.4426160532176258,132,224,6.111306179775281,0.5059219656664431,1.3757243678826663
tf=1|ema=34|vwap=week|trend=0|sides=long|stop_atr=0|target_atr=0.0|exit_cross=True|min_bars=0|max_bars=0|confirm=False|entry=cross|exit=close_vwap|regime=spyvw|rs=0|dtrend=50,451,44.12416851441242,0.3026607272324907,136.4999879818533,1.5013154387761782,2.122471732143424,199,252,1.8897819660014783,0.19094413963388954,1.4534512753979936,330,39.09090909090909,0.14321401275269946,47.26062420839082,1.2516754078899428,1.165454554042947,129,201,1.5604797979797977,0.043163084272000184,0.3811395714380385
tf=1|ema=21|vwap=week|trend=0|sides=long|stop_atr=0|target_atr=0.0|exit_cross=True|min_bars=7|max_bars=0|confirm=False|entry=cross|exit=close_vwap|regime=spy50|rs=20|dtrend=0,707,43.14002828854314,0.4479423411167831,316.6952351695657,1.3554141371858823,2.0399945494401917,305,402,3.1345473833097595,0.2967053224414941,1.4530389386660973,616,44.31818181818182,0.3506335865126626,215.99028929180014,1.271921163450233,1.870445901167438,273,343,3.09767316017316,0.30229399016871195,1.7435806733337607
tf=1|ema=21|vwap=roll50|trend=0|sides=long|stop_atr=0|target_atr=0.0|exit_cross=True|min_bars=7|max_bars=0|confirm=False|entry=cross_or_pb|exit=close_vwap|regime=spy50|rs=0|dtrend=50,612,34.64052287581699,0.637650784044141,390.2422798350143,1.4096098096999015,2.011737690234226,212,400,6.012391067538126,0.43482393701273836,1.4498337982993046,498,34.136546184738954,0.3063043852054236,152.53958383230096,1.1946114381816966,1.062813484245489,170,328,5.791499330655958,0.2588864989879763,0.9425826785729243
tf=1|ema=34|vwap=week|trend=0|sides=long|stop_atr=0|target_atr=0.0|exit_cross=True|min_bars=7|max_bars=0|confirm=False|entry=cross_or_pb|exit=close_vwap|regime=|rs=20|dtrend=50,588,46.93877551020408,0.48287591179238165,283.93103613392043,1.444432464497125,2.3027677058502456,276,312,2.9190051020408165,0.2734986484866193,1.4496563695546332,453,43.70860927152318,0.2901097957583719,131.4197374785425,1.2560786022514636,1.376811220407437,198,255,2.7696835908756436,0.18797360148511172,0.9789393347666442
tf=1|ema=34|vwap=week|trend=0|sides=long|stop_atr=4.0|target_atr=0.0|exit_cross=True|min_bars=0|max_bars=0|confirm=False|entry=cross|exit=cross|regime=spy50|rs=0|dtrend=0,1032,52.325581395348834,0.3593480925984562,370.8472315616068,1.2800303017449293,2.5678151965968414,540,492,3.4808220284237725,0.18502987171096158,1.4493879251000175,967,50.15511892450879,0.1187465588244685,114.82792238326103,1.0766875135232818,0.7661108012681261,485,482,3.4454498448810753,0.06146662923776123,0.42204780555611127
tf=1|ema=21|vwap=roll50|trend=0|sides=long|stop_atr=0|target_atr=0.0|exit_cross=True|min_bars=0|max_bars=0|confirm=False|entry=cross|exit=close_vwap|regime=|rs=0|dtrend=50,496,33.66935483870968,0.7507101895581868,372.35225402086064,1.4534709602928093,2.033897658573695,167,329,6.313088037634407,0.50420307561805,1.4492535871554377,430,33.48837209302326,0.6777377123534389,291.4272163119787,1.4468394795869988,1.7660926044206728,144,286,6.056492248062016,0.5737219911246072,1.6072536611146695
tf=1|ema=34|vwap=roll50|trend=0|sides=long|stop_atr=4.0|target_atr=0.0|exit_cross=True|min_bars=7|max_bars=0|confirm=False|entry=cross_or_pb|exit=close_vwap|regime=|rs=20|dtrend=50,476,38.865546218487395,0.8802895891637263,419.01784444193373,1.5302985429577747,2.3841578190409174,185,291,6.322654061624649,0.5017428981366465,1.4478234929293263,397,36.02015113350126,0.5377872286814425,213.50152978653261,1.3112625675878329,1.2721901692449398,143,254,6.022145256087321,0.43355877227801787,1.099251949976322
tf=1|ema=21|vwap=roll50|trend=0|sides=long|stop_atr=0|target_atr=0.0|exit_cross=True|min_bars=7|max_bars=0|confirm=False|entry=cross|exit=close_vwap|regime=spy50|rs=20|dtrend=50,293,36.51877133105802,1.0099695143758876,295.9210677121351,1.5293795785840667,1.757049415055416,107,186,6.641353811149033,0.7948031683805012,1.4468598037032994,262,37.404580152671755,0.7928873706536378,207.7364911112531,1.4459444498744312,1.6389128834264335,98,164,6.953562340966921,0.7596603922282248,1.6347293964338903
tf=1|ema=34|vwap=roll50|trend=0|sides=long|stop_atr=0|target_atr=0.0|exit_cross=True|min_bars=7|max_bars=0|confirm=False|entry=cross_or_pb|exit=close_vwap|regime=|rs=20|dtrend=50,473,39.112050739957716,0.861198954276534,407.34710537280057,1.5099750586260694,2.3013386511724767,185,288,6.4179880197322055,0.5062248589124664,1.4447838695194337,395,36.20253164556962,0.515468160307917,203.6099233216272,1.2920318222669762,1.2079506669305307,143,252,6.0590717299578065,0.43710548331098503,1.1000345633183468
tf=1|ema=34|vwap=week|trend=0|sides=long|stop_atr=0|target_atr=0.0|exit_cross=True|min_bars=7|max_bars=0|confirm=False|entry=cross|exit=close_vwap|regime=|rs=0|dtrend=50,747,45.11378848728246,0.4166096683344501,311.2074222458342,1.4218770865735137,2.344467595195236,337,410,2.805388219544846,0.23112197097014542,1.4414708125865046,574,41.98606271777003,0.12887745605982653,73.97565977834041,1.1203592572338097,0.821773373093581,241,333,2.6671747967479673,0.07225101774347495,0.508289874310745
tf=1|ema=13|vwap=week|trend=0|sides=long|stop_atr=4.0|target_atr=0.0|exit_cross=True|min_bars=0|max_bars=0|confirm=False|entry=cross_or_pb|exit=close_vwap|regime=spyvw|rs=20|dtrend=0,931,39.097744360902254,0.40480058782866996,376.8693472684917,1.3912238099465097,2.663138674236993,364,567,2.388247404224848,0.19986464427216208,1.4387107383647677,665,38.34586466165413,0.17980684301245822,119.5715506032847,1.1785341945070467,1.2465359529404392,255,410,2.2269423558897246,0.07959289956957412,0.6008612673477827
tf=1|ema=34|vwap=week|trend=0|sides=long|stop_atr=0|target_atr=0.0|exit_cross=True|min_bars=7|max_bars=0|confirm=False|entry=cross|exit=close_vwap|regime=|rs=20|dtrend=0,644,46.8944099378882,0.5533195746651944,356.33780608438525,1.5097879537122605,2.470213951819277,302,342,2.887422360248447,0.2868795781933316,1.4363573298744883,474,44.936708860759495,0.15422656527372516,73.10339193974572,1.1384726734916457,0.8897944371906128,213,261,2.6748417721518987,0.04988661215004037,0.32234413016992175
tf=1|ema=34|vwap=roll35|trend=0|sides=long|stop_atr=0|target_atr=0.0|exit_cross=True|min_bars=7|max_bars=0|confirm=False|entry=cross|exit=close_vwap|regime=spy50|rs=20|dtrend=0,568,35.03521126760563,0.5496043703833455,312.17528237774025,1.351503364320053,1.7273828940464635,199,369,4.904636150234742,0.4297052463641978,1.4358469600801296,445,40.2247191011236,0.8315735249347602,370.0502185959683,1.553754460020213,2.4443313460628255,179,266,5.082865168539326,0.6059272130785872,1.8998226072542832
tf=1|ema=34|vwap=roll50|trend=0|sides=long|stop_atr=4.0|target_atr=0.0|exit_cross=True|min_bars=7|max_bars=0|confirm=False|entry=cross_or_pb|exit=close_vwap|regime=spy50|rs=0|dtrend=50,595,36.97478991596638,0.6732887435202146,400.6068023945277,1.4279408453953255,2.1659241333284918,220,375,6.211064425770307,0.4213070494456273,1.434929811441108,499,33.46693386773547,0.28837649522709263,143.8998711183192,1.185284905968927,1.0072900461972125,167,332,5.875417501670007,0.19559215675266256,0.7134200694109833
tf=1|ema=34|vwap=week|trend=0|sides=long|stop_atr=0|target_atr=0.0|exit_cross=True|min_bars=7|max_bars=0|confirm=False|entry=cross_or_pb|exit=close_vwap|regime=spy50|rs=20|dtrend=0,552,46.01449275362319,0.5163870792596296,285.04566775131553,1.4749662009711098,2.1413944391670103,254,298,2.95667270531401,0.3150732738146691,1.4348992707181107,473,42.706131078224104,0.22381134052660462,105.862764069084,1.1994134143724746,1.127016785381778,202,271,2.703312191684285,0.16430821763968562,0.9025073506707963
tf=1|ema=21|vwap=roll50|trend=0|sides=long|stop_atr=4.0|target_atr=0.0|exit_cross=True|min_bars=0|max_bars=0|confirm=False|entry=cross_or_pb|exit=close_vwap|regime=spy50|rs=0|dtrend=50,662,30.060422960725077,0.5408230481926586,358.02485790354,1.3962082194168963,1.9275169263963638,199,463,5.0144133937562945,0.3820493984948719,1.434693703356048,532,30.075187969924812,0.26513353378356763,141.051039972858,1.1924561655400352,1.0629389427233145,160,372,4.994752506265663,0.22111589379580507,0.9283023483947622
tf=1|ema=34|vwap=roll35|trend=0|sides=long|stop_atr=0|target_atr=0.0|exit_cross=True|min_bars=0|max_bars=0|confirm=False|entry=cross|exit=cross|regime=spy50|rs=20|dtrend=0,818,45.72127139364303,0.3620727682636665,296.17552443967924,1.282879217682367,1.927348848455532,374,444,3.2354828850855744,0.25458822491194355,1.4332389196014352,634,44.63722397476341,0.43001040432927407,272.6265963447597,1.3120911952594998,2.2176589436856364,283,351,3.5845162986330172,0.24637720919973016,1.3504378606598035
tf=1|ema=34|vwap=roll35|trend=0|sides=long|stop_atr=0|target_atr=0.0|exit_cross=True|min_bars=7|max_bars=0|confirm=False|entry=cross_or_pb|exit=close_vwap|regime=spy50|rs=20|dtrend=50,561,36.36363636363637,0.5737661856456783,321.88283014722555,1.3731044670992185,1.8061068478555613,204,357,4.882798573975045,0.42699475715023427,1.4318409347371965,439,38.95216400911162,0.7491347794618263,328.8701681837417,1.4897527447292658,2.198446336853924,171,268,5.039388762338648,0.5426864793160969,1.699196008176331
tf=1|ema=13|vwap=week|trend=0|sides=long|stop_atr=0|target_atr=0.0|exit_cross=True|min_bars=0|max_bars=0|confirm=False|entry=cross|exit=close_vwap|regime=|rs=20|dtrend=0,1156,38.062283737024224,0.30921569512993674,357.45334357020687,1.2985916561211621,2.3655534096013224,440,716,2.3838667820069204,0.17255558886522154,1.4316829057065177,868,39.86175115207373,0.23297511744242153,202.22240194002188,1.2202790850543517,1.7841457540370889,346,522,2.2712173579109063,0.13421194787695015,1.11511804118486
tf=1|ema=21|vwap=roll50|trend=0|sides=long|stop_atr=4.0|target_atr=0.0|exit_cross=True|min_bars=0|max_bars=0|confirm=False|entry=cross|exit=cross|regime=|rs=20|dtrend=50,338,38.16568047337278,1.260422087324724,426.02266551575667,1.555924294083866,2.2902279664542284,129,209,9.616000986193294,0.737872580546995,1.4308510252693842,325,36.30769230769231,0.6061495755618903,196.99861205761437,1.2831402442487245,1.1869199739741045,118,207,8.282692307692308,0.43332199674148575,0.9162575798336906
tf=1|ema=34|vwap=roll50|trend=0|sides=long|stop_atr=0|target_atr=0.0|exit_cross=True|min_bars=0|max_bars=0|confirm=False|entry=cross_or_pb|exit=close_vwap|regime=spy50|rs=0|dtrend=50,628,32.48407643312102,0.5566799921644247,349.59503507925865,1.3908132113080858,1.974914061797243,204,424,5.423102441613588,0.380027316560538,1.429739696912104,527,30.550284629981025,0.3163961401379729,166.74076585271172,1.2326377081444482,1.2205699142437045,161,366,5.188251106894371,0.23833427633243162,0.9647137998096923
tf=1|ema=34|vwap=roll35|trend=0|sides=long|stop_atr=0|target_atr=0.0|exit_cross=True|min_bars=7|max_bars=0|confirm=False|entry=cross|exit=cross|regime=spy50|rs=0|dtrend=50,902,45.1219512195122,0.34950104302963475,315.24994081273053,1.2429198281003002,1.8663324796662235,407,495,4.103981892091649,0.24491607210226865,1.429244540342687,690,45.36231884057971,0.3971122598806375,274.00745931763987,1.2625691837958124,1.9629088042670235,313,377,4.532246376811594,0.15895806233275633,0.836422426521941
tf=1|ema=13|vwap=week|trend=0|sides=long|stop_atr=0|target_atr=0.0|exit_cross=True|min_bars=0|max_bars=0|confirm=False|entry=cross|exit=close_vwap|regime=spy50|rs=0|dtrend=0,1532,34.46475195822455,0.20024752400316592,306.77920677285016,1.2182322067520661,1.7710410064929873,528,1004,2.04868363794604,0.15322577451918296,1.4280357774303991,1524,36.48293963254593,0.14855190138478444,226.39309771041147,1.1663168489075157,1.6775106325116058,556,968,2.0121937882764653,0.0802933780434506,0.9730811306855192
tf=1|ema=34|vwap=roll50|trend=0|sides=long|stop_atr=4.0|target_atr=0.0|exit_cross=True|min_bars=0|max_bars=0|confirm=False|entry=cross_or_pb|exit=close_vwap|regime=spy50|rs=0|dtrend=50,632,32.120253164556964,0.566378986468687,357.95151944821015,1.4047492621409923,2.033963984518931,203,429,5.361946202531645,0.375138180760586,1.4253652411779287,528,30.492424242424242,0.309379842251981,163.35255670904596,1.2265714684345983,1.1970206420525222,161,367,5.175268308080809,0.22698840288378616,0.92113237358909
tf=1|ema=21|vwap=roll50|trend=0|sides=long|stop_atr=4.0|target_atr=0.0|exit_cross=True|min_bars=0|max_bars=0|confirm=False|entry=cross|exit=close_vwap|regime=spy50|rs=20|dtrend=0,322,33.850931677018636,0.9114501145819902,293.48693689540085,1.4980765553268443,1.7286184283827895,109,213,5.919254658385094,0.7197045786178082,1.4251857977452236,293,34.47098976109215,0.631798639468485,185.11700136426612,1.3804642916432752,1.5461700057671348,101,192,6.216154721274175,0.5831996767207631,1.4753262425985418
tf=1|ema=21|vwap=roll50|trend=0|sides=long|stop_atr=4.0|target_atr=0.0|exit_cross=True|min_bars=7|max_bars=0|confirm=False|entry=cross|exit=close_vwap|regime=|rs=20|dtrend=50,323,36.8421052631579,1.0717773726013662,346.18409135024126,1.570173297118806,2.008570725192767,119,204,6.836171310629515,0.7207096071750683,1.424868728778445,298,36.91275167785235,0.9167308419695548,273.18579090692737,1.5165346529047354,1.6758525695397026,110,188,6.863394854586129,0.8226608877306703,1.6195205773550359
tf=1|ema=34|vwap=roll35|trend=0|sides=long|stop_atr=4.0|target_atr=0.0|exit_cross=True|min_bars=7|max_bars=0|confirm=False|entry=cross|exit=cross|regime=spyvw|rs=20|dtrend=50,461,47.288503253796094,0.44096051937680414,203.2827994327067,1.3065851449831951,1.6868334292457146,218,243,3.642534345625452,0.35189358961897166,1.423323379932639,344,47.383720930232556,0.4609936655594087,158.5818209524366,1.3149618557756042,1.8047313216573846,163,181,3.909035852713178,0.17466641264341093,0.7291115783731411
tf=1|ema=13|vwap=week|trend=0|sides=long|stop_atr=0|target_atr=0.0|exit_cross=True|min_bars=0|max_bars=0|confirm=False|entry=cross_or_pb|exit=close_vwap|regime=spyvw|rs=20|dtrend=0,929,39.181916038751346,0.39823038091469226,369.9560238697491,1.381649995080523,2.603755207224494,364,565,2.3950484391819162,0.19868631779247267,1.4224793031867,665,38.34586466165413,0.18187884674918403,120.94943308820739,1.180963836727405,1.2604668395475975,255,410,2.2284461152882207,0.0879065425548346,0.6646769428203742
tf=1|ema=21|vwap=week|trend=0|sides=long|stop_atr=4.0|target_atr=0.0|exit_cross=True|min_bars=0|max_bars=0|confirm=False|entry=cross_or_pb|exit=close_vwap|regime=spy50|rs=0|dtrend=50,1171,36.806148590947906,0.19714210085395126,230.8534000999769,1.2435083591658371,1.9291488476942003,431,740,2.1538215200683175,0.13688508761370874,1.4210908124562533,986,35.801217038539555,0.21596519868437736,212.94168590279608,1.2478348600719493,1.8524298768170784,353,633,2.1413962136578775,0.14601687862780716,1.3495163712994527
tf=1|ema=34|vwap=roll50|trend=0|sides=long|stop_atr=4.0|target_atr=0.0|exit_cross=True|min_bars=7|max_bars=0|confirm=False|entry=cross|exit=close_vwap|regime=spy50|rs=0|dtrend=50,456,37.719298245614034,0.7657049598141981,349.16146167527427,1.4330728805824662,2.017626858124619,172,284,6.99625365497076,0.5093774585838198,1.4203161580741586,403,35.235732009925556,0.4459907958113656,179.73429071198035,1.2752668641175864,1.3224603626577978,142,261,6.5373242349048795,0.3191962682679033,0.9849975815069526
tf=1|ema=34|vwap=week|trend=0|sides=long|stop_atr=0|target_atr=0.0|exit_cross=True|min_bars=7|max_bars=0|confirm=False|entry=cross|exit=close_vwap|regime=|rs=20|dtrend=50,532,46.99248120300752,0.4618563544952631,245.70758059147994,1.4427168224036275,2.2045637891945282,250,282,2.893013784461153,0.2641442860064344,1.4174713625718587,389,44.473007712082264,0.17347256579676687,67.48082809494231,1.1553060565531044,0.8707225944713681,173,216,2.763817480719794,0.09200653294754166,0.5122719111055677
tf=1|ema=21|vwap=week|trend=0|sides=long|stop_atr=0|target_atr=0.0|exit_cross=True|min_bars=0|max_bars=0|confirm=False|entry=cross_or_pb|exit=close_vwap|regime=|rs=0|dtrend=50,1304,38.57361963190184,0.24252613382278648,316.25407850491354,1.3018766674565871,2.410573768873637,503,801,2.1478463701431494,0.13328417065610343,1.4151518296998962,1042,36.18042226487524,0.2285230108687075,238.12097732519325,1.2592829008274045,2.016463405596215,377,665,2.136316378758797,0.1611879061347797,1.5397581930539401
tf=1|ema=21|vwap=roll50|trend=0|sides=long|stop_atr=4.0|target_atr=0.0|exit_cross=True|min_bars=7|max_bars=0|confirm=False|entry=cross_or_pb|exit=close_vwap|regime=spy50|rs=0|dtrend=50,614,34.69055374592834,0.6423546081025613,394.4057293749726,1.4128761020630756,2.0337431015179193,213,401,5.952768729641694,0.4232989071810416,1.4145287539460796,501,33.73253493013972,0.29562447063495934,148.10785978811464,1.188047603510966,1.035494193475789,169,332,5.723719228210245,0.24110364659069017,0.8844547371731422
tf=1|ema=21|vwap=week|trend=0|sides=long|stop_atr=4.0|target_atr=0.0|exit_cross=True|min_bars=7|max_bars=0|confirm=False|entry=cross|exit=close_vwap|regime=|rs=20|dtrend=0,923,45.7204767063922,0.4896137391759767,451.9134812594265,1.4012843387302456,2.6776955868931926,422,501,3.0937612856626946,0.23420288977617706,1.4125718867931047,707,44.6958981612447,0.35772030799172655,252.90825775015068,1.2850582858982245,2.1408411148929893,316,391,2.991572371522867,0.23246995921854452,1.509618088007937
tf=1|ema=21|vwap=week|trend=0|sides=long|stop_atr=4.0|target_atr=0.0|exit_cross=True|min_bars=7|max_bars=0|confirm=False|entry=cross|exit=cross|regime=|rs=0|dtrend=50,1098,51.548269581056466,0.4316286510172726,473.9282588169653,1.3304952933541916,3.11656417264747,566,532,3.7624848208864607,0.1778305714323139,1.4097569775134389,885,48.58757062146893,0.25412326725073714,224.89909151690236,1.170224394422494,1.592871245345838,430,455,3.560499058380415,0.1650243350262689,1.098062531462275
tf=1|ema=13|vwap=week|trend=0|sides=long|stop_atr=4.0|target_atr=0.0|exit_cross=True|min_bars=0|max_bars=0|confirm=False|entry=cross|exit=close_vwap|regime=spy50|rs=0|dtrend=0,1533,34.37703848662753,0.19772814786973392,303.11725068430206,1.2163048994880608,1.7575755456568538,527,1006,2.042509241139378,0.1492838617708157,1.3985442395961833,1524,36.41732283464567,0.1373615248133866,209.33896381560112,1.153919658934975,1.5712835240514025,555,969,2.0042104111986005,0.06432013697158295,0.7897008408823166
tf=1|ema=21|vwap=roll50|trend=0|sides=long|stop_atr=4.0|target_atr=0.0|exit_cross=True|min_bars=0|max_bars=0|confirm=False|entry=cross|exit=close_vwap|regime=spy50|rs=0|dtrend=50,446,32.73542600896861,0.7219104003011609,321.9720385343178,1.43647465908103,1.8052201421400205,146,300,6.132847533632287,0.5323420194175271,1.3956693572047225,385,33.76623376623377,0.4851483397544095,186.78211080544767,1.3172984063153585,1.4984331302579412,130,255,6.092099567099567,0.4094538548425161,1.3138258283955895
tf=1|ema=34|vwap=week|trend=0|sides=long|stop_atr=4.0|target_atr=0.0|exit_cross=True|min_bars=0|max_bars=0|confirm=False|entry=cross_or_pb|exit=close_vwap|regime=spyvw|rs=20|dtrend=0,514,43.57976653696498,0.3637693133177573,186.97742704532726,1.4918376844432566,2.1791189105096525,224,290,1.8931582360570687,0.20953583969376793,1.3881578106110977,380,41.31578947368421,0.2777127757327831,105.53085477845757,1.4640063077667487,1.763354105495902,157,223,1.5330043859649123,0.1818544593022668,1.2617972459886273
tf=1|ema=34|vwap=roll35|trend=0|sides=long|stop_atr=4.0|target_atr=0.0|exit_cross=True|min_bars=7|max_bars=0|confirm=False|entry=cross|exit=cross|regime=spyvw|rs=0|dtrend=50,612,48.03921568627451,0.3941410567906262,241.21432675586325,1.2815792858487867,1.8409936444268429,294,318,3.8742510893246194,0.2763769328924278,1.3869760416816626,459,45.969498910675384,0.3759699480462225,172.57020615321613,1.268087842813105,1.7545261722604137,211,248,4.10965867828613,0.09782064366895761,0.4919213450835247
tf=1|ema=21|vwap=week|trend=0|sides=long|stop_atr=4.0|target_atr=0.0|exit_cross=True|min_bars=7|max_bars=0|confirm=False|entry=cross_or_pb|exit=close_vwap|regime=|rs=20|dtrend=50,845,45.20710059171598,0.42690502901728433,360.73474951960526,1.3477065031832778,2.4024334631832374,382,463,3.0847633136094674,0.22684755939175508,1.386955645191311,691,43.41534008683068,0.39506010584151285,272.9865331364854,1.3075611693583729,2.148214953684645,300,391,3.046369995176074,0.3071842589748088,1.8009812048858262
tf=1|ema=34|vwap=week|trend=0|sides=long|stop_atr=0|target_atr=0.0|exit_cross=True|min_bars=0|max_bars=0|confirm=False|entry=cross_or_pb|exit=close_vwap|regime=spy50|rs=0|dtrend=50,843,37.841043890865954,0.19078628460717717,160.83283792385035,1.3110690194368726,1.9377532922709901,319,524,1.704626334519573,0.12452156769928446,1.3854216048385855,693,32.75613275613276,0.07254465133505415,50.27344337519253,1.1122335776251784,0.6886488834306904,227,466,1.5905483405483405,0.022337538417494744,0.22967731934160496
tf=1|ema=34|vwap=roll35|trend=0|sides=long|stop_atr=4.0|target_atr=0.0|exit_cross=True|min_bars=7|max_bars=0|confirm=False|entry=cross_or_pb|exit=close_vwap|regime=spy50|rs=20|dtrend=50,564,36.347517730496456,0.5740494733655256,323.76390297815647,1.3758299541682222,1.8226167476169837,205,359,4.8361406619385345,0.4096089637108514,1.3847978595123127,442,38.46153846153846,0.7195979155944161,318.0622786927319,1.4685377659499224,2.1349686560907015,170,272,4.964460784313726,0.512446957313262,1.620113875796602
tf=1|ema=34|vwap=week|trend=0|sides=long|stop_atr=4.0|target_atr=0.0|exit_cross=True|min_bars=7|max_bars=0|confirm=False|entry=cross|exit=close_vwap|regime=spy50|rs=20|dtrend=0,497,46.07645875251509,0.5487465672014166,272.72704389910405,1.5139228187558695,2.1054118363668897,229,268,2.881203890006707,0.32935412703872535,1.3839947509115478,397,44.08060453400504,0.15469108290286213,61.412359912436266,1.1397711323104662,0.800900988484839,175,222,2.7029806884970617,0.11145165529579278,0.6334486729725864
tf=1|ema=34|vwap=week|trend=0|sides=long|stop_atr=0|target_atr=0.0|exit_cross=True|min_bars=7|max_bars=0|confirm=False|entry=cross_or_pb|exit=close_vwap|regime=|rs=20|dtrend=0,740,46.21621621621622,0.503053521687892,372.25960604904003,1.4352898344572371,2.3871845423211213,342,398,2.892173423423423,0.26007477187019623,1.3839807623391602,566,43.639575971731446,0.22332128755091196,126.39984875381617,1.1967623846345792,1.2601052757612576,247,319,2.6766048292108366,0.10753705782216125,0.6731901613195493
tf=1|ema=34|vwap=roll35|trend=0|sides=long|stop_atr=4.0|target_atr=0.0|exit_cross=True|min_bars=0|max_bars=0|confirm=False|entry=cross|exit=close_vwap|regime=spyvw|rs=20|dtrend=0,475,36.421052631578945,0.6269632559878281,297.80754659421837,1.4479180700707157,1.8563565435976885,173,302,4.48219298245614,0.4355397286752554,1.379913554340052,353,39.376770538243626,0.7313280474293001,258.1588007425429,1.5734056430149594,2.334796757445163,139,214,4.390344664778093,0.41156284411879146,1.473521449545098
tf=1|ema=21|vwap=week|trend=0|sides=long|stop_atr=4.0|target_atr=0.0|exit_cross=True|min_bars=7|max_bars=0|confirm=False|entry=cross|exit=close_vwap|regime=spy50|rs=0|dtrend=0,1262,41.28367670364501,0.2928858846501351,369.6219864284705,1.2543764716473311,2.056660657375829,521,741,2.849907554146857,0.18094608403616566,1.371448606479619,1275,40.31372549019608,0.21096058980918547,268.97475200671147,1.1759003543876525,1.7264156347664446,514,761,2.731176470588235,0.15817168943663582,1.394474735055453
tf=1|ema=34|vwap=roll50|trend=0|sides=long|stop_atr=0|target_atr=0.0|exit_cross=True|min_bars=7|max_bars=0|confirm=False|entry=cross|exit=close_vwap|regime=|rs=0|dtrend=50,508,38.58267716535433,0.8010881199139976,406.9527649163108,1.4538597401533255,2.2676888933855137,196,312,7.236384514435696,0.45121849778911777,1.3697864957976884,446,35.426008968609864,0.574477125732874,256.2167980768618,1.3439958609029183,1.4836051195855553,158,288,6.550355007473842,0.4426249123597137,1.224049788839974
tf=1|ema=21|vwap=roll50|trend=0|sides=long|stop_atr=0|target_atr=0.0|exit_cross=True|min_bars=7|max_bars=0|confirm=False|entry=cross|exit=close_vwap|regime=spy50|rs=20|dtrend=0,315,35.87301587301587,0.897954867700495,282.8557833256559,1.46542370203036,1.6602206695753243,113,202,6.4939153439153445,0.7073214457270975,1.367509383310848,284,35.91549295774648,0.723875136863104,205.58053886912154,1.4007786768923502,1.5803134545847592,102,182,6.808978873239437,0.6825678627797384,1.5513626559590268
tf=1|ema=34|vwap=week|trend=0|sides=long|stop_atr=0|target_atr=0.0|exit_cross=True|min_bars=7|max_bars=0|confirm=False|entry=cross_or_pb|exit=close_vwap|regime=spy50|rs=0|dtrend=0,1076,43.58736059479554,0.3571428059926465,384.2856592480876,1.333462155682821,2.2306483595308935,469,607,2.7189048946716237,0.2011287992508922,1.3659110197797555,1042,39.53934740882917,0.2559753778749268,266.7263437456737,1.2333680702043244,1.8545954681346304,412,630,2.4717690339091494,0.20805283647180906,1.6420186385004905
tf=1|ema=34|vwap=roll35|trend=0|sides=long|stop_atr=0|target_atr=0.0|exit_cross=True|min_bars=7|max_bars=0|confirm=False|entry=cross|exit=cross|regime=spyvw|rs=20|dtrend=0,554,47.83393501805054,0.3306682926015573,183.19023410126275,1.2142293320975106,1.3528435331388209,265,289,4.088372442839951,0.3112278401245707,1.3650724450404548,403,49.37965260545906,0.6866138437223265,276.70537902009755,1.4889673470231013,2.7631791578180525,199,204,4.428246484698098,0.31603413870547076,1.3844687802479716
tf=1|ema=34|vwap=week|trend=0|sides=long|stop_atr=0|target_atr=0.0|exit_cross=True|min_bars=0|max_bars=0|confirm=False|entry=cross|exit=close_vwap|regime=|rs=20|dtrend=0,697,43.18507890961263,0.272389943526426,189.85579063791894,1.4537129587682882,2.313826566349067,301,396,1.7168818747011,0.14734159316358866,1.357792397725162,506,40.11857707509881,0.07841398388199383,39.67747584428888,1.1284605824144596,0.8123322033776306,203,303,1.5263504611330698,0.05033096472649326,0.5539802256807267
tf=1|ema=21|vwap=roll50|trend=0|sides=long|stop_atr=4.0|target_atr=0.0|exit_cross=True|min_bars=7|max_bars=0|confirm=False|entry=cross|exit=close_vwap|regime=spy50|rs=20|dtrend=50,293,36.177474402730375,0.9865720733164792,289.0656174817284,1.5138181792547967,1.7156375379765223,106,187,6.552616609783845,0.7457798987550551,1.355294698574026,262,37.404580152671755,0.7999362958835918,209.58330952150104,1.451699763208488,1.6583096717788781,98,164,6.911418575063613,0.7515836198314519,1.6179191715286478
tf=1|ema=34|vwap=week|trend=0|sides=long|stop_atr=4.0|target_atr=0.0|exit_cross=True|min_bars=7|max_bars=0|confirm=False|entry=cross_or_pb|exit=close_vwap|regime=spy50|rs=0|dtrend=50,749,45.393858477970625,0.4066267775731169,304.56345640226453,1.410791651349137,2.3254185471223874,340,409,2.840565198041833,0.2149486174160214,1.3545889973332728,624,40.705128205128204,0.2058656909732485,128.46019116730707,1.1952678110397663,1.2551744003720833,254,370,2.6424278846153846,0.13973976784623837,0.9289945837076944
tf=1|ema=34|vwap=roll35|trend=0|sides=long|stop_atr=4.0|target_atr=0.0|exit_cross=True|min_bars=7|max_bars=0|confirm=False|entry=cross|exit=cross|regime=spy50|rs=20|dtrend=0,707,44.13012729844413,0.3891413913012496,275.12296364998343,1.2616339399915404,1.7716008313977734,312,395,3.6442126355492688,0.27530036229012717,1.3529073777519343,557,45.062836624775585,0.524506902614351,292.1503447561935,1.339690478984747,2.295467858326419,251,306,3.976436265709156,0.30669450405557,1.4267396608676528
tf=1|ema=34|vwap=roll35|trend=0|sides=long|stop_atr=4.0|target_atr=0.0|exit_cross=True|min_bars=7|max_bars=0|confirm=False|entry=cross|exit=cross|regime=|rs=20|dtrend=0,894,45.30201342281879,0.3859097450537979,345.0033120780953,1.251648758038132,2.021773584153332,405,489,3.856217375093214,0.2340329894157781,1.3514102384188265,654,44.64831804281346,0.4705053598020014,307.71050531050895,1.2940105594521278,2.2240427216926446,292,362,4.034913353720692,0.22636909694328813,1.1590233725563301
tf=1|ema=34|vwap=week|trend=0|sides=long|stop_atr=0|target_atr=0.0|exit_cross=True|min_bars=0|max_bars=0|confirm=False|entry=cross_or_pb|exit=close_vwap|regime=spyvw|rs=20|dtrend=0,513,43.46978557504873,0.36119709351759516,185.29410897452632,1.4902345781608188,2.153276783864356,223,290,1.9053768680961665,0.20557673056293144,1.3505398832131104,380,41.31578947368421,0.2815666535748594,106.99532835844656,1.4734943024060299,1.79064667295512,157,223,1.5335526315789474,0.18679585729853432,1.2983787948072738
tf=1|ema=21|vwap=week|trend=0|sides=long|stop_atr=4.0|target_atr=0.0|exit_cross=True|min_bars=7|max_bars=0|confirm=False|entry=cross_or_pb|exit=close_vwap|regime=spy50|rs=0|dtrend=50,1051,41.674595623215986,0.3126455002179491,328.5904207290645,1.2784587582613596,2.09463047207479,438,613,3.0093165239454485,0.18611366565721335,1.349316790738413,891,40.62850729517396,0.25910600739027506,230.86345258473511,1.2159252530482088,1.725530950768262,362,529,2.9586139169472503,0.19135563718155818,1.3755481778692586
tf=1|ema=21|vwap=week|trend=0|sides=long|stop_atr=4.0|target_atr=0.0|exit_cross=True|min_bars=0|max_bars=0|confirm=False|entry=cross_or_pb|exit=close_vwap|regime=|rs=0|dtrend=50,1312,38.49085365853659,0.23455951973487704,307.7420898921587,1.2895350937620216,2.3445856929227813,505,807,2.133765243902439,0.1255713561547237,1.340859050338878,1044,36.111111111111114,0.23008466818211312,240.20839358212612,1.2620156393793607,2.040351787949423,377,667,2.129509897828863,0.15619530824167846,1.496382110375438
tf=1|ema=34|vwap=week|trend=0|sides=long|stop_atr=4.0|target_atr=0.0|exit_cross=True|min_bars=7|max_bars=0|confirm=False|entry=cross_or_pb|exit=close_vwap|regime=|rs=20|dtrend=50,592,46.95945945945946,0.4636433306016344,274.4768517161676,1.4204480141930111,2.2198617782106336,278,314,2.8792933558558556,0.25160599276145734,1.340227145791795,454,43.392070484581495,0.260846670218991,118.42438827942192,1.226178624977874,1.2483404680581627,197,257,2.7349486049926575,0.15942343917892207,0.8371467598003297
tf=1|ema=13|vwap=week|trend=0|sides=long|stop_atr=4.0|target_atr=0.0|exit_cross=True|min_bars=0|max_bars=0|confirm=False|entry=cross_or_pb|exit=close_vwap|regime=spy50|rs=0|dtrend=50,1355,33.94833948339483,0.2182985700851822,295.79456246542185,1.2407302678569072,1.800617468532929,460,895,2.1702337023370237,0.15349005159060106,1.3385051714745593,1134,34.39153439153439,0.08302895991849979,94.15484054757876,1.084950439254183,0.763168843203449,390,744,2.1662624926513816,0.017431438188282987,0.17037073805428285
tf=1|ema=34|vwap=roll35|trend=0|sides=long|stop_atr=0|target_atr=0.0|exit_cross=True|min_bars=0|max_bars=0|confirm=False|entry=cross_or_pb|exit=cross|regime=spy50|rs=20|dtrend=0,839,45.411203814064365,0.3253531203676179,272.9712679884314,1.2528678459721536,1.7684420471758093,381,458,3.2018275725069523,0.23260409937722035,1.3383116553662662,662,44.259818731117825,0.4027415545110719,266.6149090863296,1.294955546510722,2.151351488110869,293,369,3.5138469284994964,0.2280166160898105,1.2940974480973604
tf=1|ema=34|vwap=roll50|trend=0|sides=long|stop_atr=0|target_atr=0.0|exit_cross=True|min_bars=0|max_bars=0|confirm=False|entry=cross|exit=close_vwap|regime=|rs=0|dtrend=50,522,36.206896551724135,0.7677169589437516,400.7482525686383,1.4699606414593003,2.274901510846517,189,333,6.57455300127714,0.42244385004246804,1.3376329587422209,455,34.285714285714285,0.6598307145707307,300.2229751296825,1.441911202160032,1.7925826882995035,156,299,5.966849816849816,0.5379053539684272,1.5704929327861075
tf=1|ema=21|vwap=roll50|trend=0|sides=long|stop_atr=4.0|target_atr=0.0|exit_cross=True|min_bars=0|max_bars=0|confirm=False|entry=cross|exit=close_vwap|regime=|rs=0|dtrend=50,496,33.46774193548387,0.7309830352908264,362.5675855042499,1.4380779001404973,1.9787351955866381,166,330,6.279905913978495,0.46625058981894757,1.3376252824473382,430,33.48837209302326,0.6822262424930906,293.357284272029,1.451133869850076,1.7799725687995878,144,286,6.026065891472869,0.5711630746760615,1.6009911913068064
tf=1|ema=34|vwap=week|trend=0|sides=long|stop_atr=4.0|target_atr=0.0|exit_cross=True|min_bars=7|max_bars=0|confirm=False|entry=cross_or_pb|exit=close_vwap|regime=spy50|rs=20|dtrend=0,554,46.02888086642599,0.4993764142831032,276.6545335128392,1.4541575434174085,2.081138409659241,255,299,2.906889290012034,0.29221364745259953,1.3373543089699205,474,42.40506329113924,0.20246188752302752,95.96693468591505,1.1783246933764693,1.0306301448009232,201,273,2.674490154711674,0.1446040837204034,0.8027950068758296
tf=1|ema=34|vwap=week|trend=0|sides=long|stop_atr=4.0|target_atr=0.0|exit_cross=True|min_bars=0|max_bars=0|confirm=False|entry=cross_or_pb|exit=close_vwap|regime=spy50|rs=0|dtrend=50,844,37.91469194312796,0.18757780845420655,158.31567033535032,1.3043480564928849,1.908572542296725,320,524,1.6983116113744077,0.11975408384234648,1.333695502422849,694,32.70893371757925,0.06833305807664176,47.423142305189394,1.1052009735292736,0.6483873083012258,227,467,1.5873559077809798,0.015918269333964275,0.16359143650691502
tf=1|ema=34|vwap=week|trend=0|sides=long|stop_atr=4.0|target_atr=0.0|exit_cross=True|min_bars=0|max_bars=0|confirm=False|entry=cross|exit=close_vwap|regime=spyvw|rs=0|dtrend=50,451,44.12416851441242,0.2867862178266328,129.3405842398114,1.4628513440187025,1.9981098022194903,199,252,1.873059866962306,0.17589286073261004,1.332595595765666,330,39.09090909090909,0.13695659905571844,45.19567768838709,1.238061203987976,1.109163432359459,129,201,1.559722222222222,0.03410680518943507,0.29929223596197396
tf=1|ema=21|vwap=week|trend=0|sides=long|stop_atr=0|target_atr=0.0|exit_cross=True|min_bars=7|max_bars=0|confirm=False|entry=cross|exit=close_vwap|regime=|rs=20|dtrend=0,922,45.98698481561822,0.4688517783471088,432.28133963603426,1.3763009388419984,2.5236801090257015,424,498,3.1447035430224153,0.22438649921768397,1.3321777680729663,701,45.07845934379458,0.34040911870287655,238.62679221071645,1.2654912390942858,1.9957849737489948,316,385,3.0356038991916314,0.23816188161580068,1.5216235221085057
tf=1|ema=34|vwap=roll35|trend=0|sides=long|stop_atr=4.0|target_atr=0.0|exit_cross=True|min_bars=7|max_bars=0|confirm=False|entry=cross_or_pb|exit=cross|regime=|rs=20|dtrend=0,921,45.27687296416938,0.3696011456770787,340.4026551685895,1.2423596050855448,1.986626537850708,417,504,3.803881650380022,0.22455737863071634,1.3316326075320313,698,44.412607449856736,0.40524226539227703,282.85910124380933,1.2530112732796,2.0147497306501307,310,388,3.9271131805157595,0.17803133509403365,0.9591621786997081
tf=1|ema=13|vwap=week|trend=0|sides=long|stop_atr=0|target_atr=0.0|exit_cross=True|min_bars=0|max_bars=0|confirm=False|entry=cross_or_pb|exit=close_vwap|regime=spy50|rs=0|dtrend=50,1351,34.048852701702444,0.21503282003176538,290.50933986291506,1.2355810172011685,1.7627721564610985,460,891,2.178016284233901,0.15296775656900985,1.3265882592846425,1133,34.510150044130626,0.09954697672916117,112.78672463413962,1.1017990726900426,0.9012086251830363,391,742,2.1786554869079144,0.04065847163454039,0.3915190331571356
tf=1|ema=34|vwap=week|trend=0|sides=long|stop_atr=0|target_atr=0.0|exit_cross=True|min_bars=0|max_bars=0|confirm=False|entry=cross_or_pb|exit=close_vwap|regime=|rs=0|dtrend=50,963,39.56386292834891,0.22653892685631674,218.15698656263302,1.3655121854541767,2.2591361788296522,381,582,1.6691329179646939,0.12101364585059582,1.3223440669412645,748,33.55614973262032,0.07705456625625323,57.636815559677416,1.1166831318336083,0.760414922118628,251,497,1.5771501782531197,0.03118869894565275,0.334688532385206
tf=1|ema=34|vwap=roll35|trend=0|sides=long|stop_atr=4.0|target_atr=0.0|exit_cross=True|min_bars=0|max_bars=0|confirm=False|entry=cross|exit=close_vwap|regime=spyvw|rs=20|dtrend=50,392,38.52040816326531,0.7151390609136865,280.33451187816513,1.5095017678980072,1.8358610909786544,151,241,4.671024659863946,0.48971220559038314,1.318989903666102,294,39.1156462585034,0.6124364549983518,180.0563177695154,1.4583751379248886,1.929030935335294,115,179,4.565476190476191,0.3731244499487874,1.2601403075825328
tf=1|ema=34|vwap=roll50|trend=0|sides=long|stop_atr=0|target_atr=0.0|exit_cross=True|min_bars=0|max_bars=0|confirm=False|entry=cross_or_pb|exit=close_vwap|regime=|rs=0|dtrend=50,683,33.08931185944363,0.6004749565911822,410.1243953517774,1.4131509457788947,2.2036710794263805,226,457,5.6120668618838465,0.3361357428259565,1.3186914654630373,575,30.608695652173914,0.3602740950813565,207.15760467177998,1.2551944118732783,1.2217699863125389,176,399,5.15927536231884,0.272045785682572,0.9889997373122804
tf=1|ema=34|vwap=week|trend=0|sides=long|stop_atr=4.0|target_atr=0.0|exit_cross=True|min_bars=0|max_bars=0|confirm=False|entry=cross_or_pb|exit=close_vwap|regime=|rs=0|dtrend=50,965,39.689119170984455,0.22884303728833857,220.8335309832467,1.3688673862293903,2.2876347179189263,383,582,1.6651986183074268,0.12040482368747142,1.3186581007272593,749,33.511348464619495,0.07191992741632024,53.86802563482386,1.108227637436448,0.7091802491779534,251,498,1.5740987983978638,0.022803175298911186,0.24433506676534933
tf=1|ema=13|vwap=week|trend=0|sides=long|stop_atr=0|target_atr=0.0|exit_cross=True|min_bars=7|max_bars=0|confirm=False|entry=cross_or_pb|exit=close_vwap|regime=|rs=0|dtrend=50,1361,41.29316678912564,0.31894852078139185,434.0889367834743,1.2634000783221178,2.1279190954223193,562,799,2.9557004653441097,0.1822926111116931,1.3143857110717205,1074,39.57169459962756,0.1163456190885352,124.9551949010868,1.086898802044419,0.8393116908546521,425,649,2.9821927374301676,0.04602660789586289,0.35878375459264594
tf=1|ema=34|vwap=week|trend=0|sides=long|stop_atr=0|target_atr=0.0|exit_cross=True|min_bars=0|max_bars=0|confirm=False|entry=cross|exit=close_vwap|regime=|rs=0|dtrend=50,809,40.54388133498146,0.2157098060384032,174.50923308506822,1.3820606092500127,2.2003996190687194,328,481,1.6276266996291717,0.11821326791923212,1.3119742765922504,608,35.526315789473685,0.05918647539677629,35.985377041239985,1.0969078731283513,0.6557654068666237,216,392,1.5574972587719298,0.031020458746892177,0.36985848198993887
tf=1|ema=34|vwap=week|trend=0|sides=long|stop_atr=0|target_atr=0.0|exit_cross=True|min_bars=0|max_bars=0|confirm=False|entry=cross|exit=close_vwap|regime=|rs=0|dtrend=0,1407,40.79601990049751,0.2120490366048449,298.35299450301676,1.3625215448931487,2.733757005355226,574,833,1.4724887467424779,0.09134943209602885,1.311496847095583,1108,36.73285198555957,0.10320280362877664,114.34870642068451,1.1746318362520631,1.2642857897710944,407,701,1.1994584837545126,0.06604993023554592,0.8905878326704088
tf=1|ema=34|vwap=roll50|trend=0|sides=long|stop_atr=4.0|target_atr=0.0|exit_cross=True|min_bars=0|max_bars=0|confirm=False|entry=cross_or_pb|exit=close_vwap|regime=|rs=0|dtrend=50,687,32.89665211062591,0.6106866361334509,419.54171902368074,1.4253590883919314,2.263929307811061,226,461,5.56507763221737,0.33135538210829796,1.3109569994068249,577,30.502599653379548,0.3558547926800187,205.3282153763708,1.252109429427028,1.2128224445940767,176,401,5.136626227614095,0.26443481731470325,0.9660586884679754
tf=1|ema=34|vwap=roll35|trend=0|sides=long|stop_atr=0|target_atr=0.0|exit_cross=True|min_bars=7|max_bars=0|confirm=False|entry=cross|exit=cross|regime=|rs=20|dtrend=0,890,46.17977528089887,0.3783560717964506,336.736903898841,1.2379826239309546,1.820261233103868,411,479,4.271629213483146,0.2510396443374133,1.3069542282095443,652,46.31901840490798,0.5398873559569901,352.00655608395755,1.3442117953893256,2.5109978157764097,302,350,4.357809304703477,0.26592277327226055,1.3329116355373618
tf=1|ema=34|vwap=roll50|trend=0|sides=long|stop_atr=4.0|target_atr=0.0|exit_cross=True|min_bars=0|max_bars=0|confirm=False|entry=cross|exit=close_vwap|regime=|rs=0|dtrend=50,522,36.015325670498086,0.7700394436498945,401.9605895852449,1.4730519962946789,2.2899346253979616,188,334,6.53815453384419,0.40981186256604196,1.2999601655785575,455,34.065934065934066,0.6671602348552093,303.5579068591202,1.4499085206657805,1.8165159795185482,155,300,5.919505494505494,0.5425690395567004,1.5870984616589436
tf=1|ema=13|vwap=week|trend=0|sides=long|stop_atr=4.0|target_atr=0.0|exit_cross=True|min_bars=0|max_bars=0|confirm=False|entry=cross_or_pb|exit=close_vwap|regime=|rs=20|dtrend=0,1387,36.1211247296323,0.2656785243822401,368.49611331816703,1.2651203519617433,2.2940400562572334,501,886,2.236571737563086,0.1377961353601612,1.2978610082179987,1035,37.391304347826086,0.17611863585664217,182.28278811162463,1.168479016688333,1.464318622773732,387,648,2.1390096618357486,0.08616812280203796,0.7768498111341704
tf=1|ema=34|vwap=roll35|trend=0|sides=long|stop_atr=0|target_atr=0.0|exit_cross=True|min_bars=0|max_bars=0|confirm=False|entry=cross|exit=cross|regime=spy50|rs=0|dtrend=0,1352,44.15680473372781,0.2837877117064487,383.68098622711864,1.2038250739031586,1.895765962860149,597,755,3.7320636094674557,0.1814244283471907,1.295194313277217,1247,42.662389735364876,0.14817615221972474,184.77566181799673,1.0966169493238334,1.0249226809733598,532,715,4.185645549318364,-0.0038909368037758603,-0.02863699058989196
tf=1|ema=21|vwap=roll50|trend=0|sides=long|stop_atr=0|target_atr=0.0|exit_cross=True|min_bars=7|max_bars=0|confirm=False|entry=cross_or_pb|exit=close_vwap|regime=|rs=0|dtrend=50,663,35.14328808446456,0.6158987811466662,408.3408919002396,1.3791104594533408,2.05420483446162,233,430,6.16955756661639,0.36238066864666413,1.294820845295441,540,33.148148148148145,0.35409521766908747,191.21141754130724,1.219204755755245,1.0881451970941987,179,361,5.8210648148148145,0.28521794136266443,0.9383510610299624
tf=1|ema=34|vwap=roll35|trend=0|sides=long|stop_atr=0|target_atr=0.0|exit_cross=True|min_bars=7|max_bars=0|confirm=False|entry=cross_or_pb|exit=cross|regime=|rs=20|dtrend=0,912,46.16228070175438,0.3649750150661986,332.85721374037314,1.2307859241962775,1.7940633140361921,421,491,4.2167854532163735,0.24232074953101376,1.29022139231668,690,45.94202898550725,0.4818125927078373,332.4506889684077,1.3080096914358674,2.344741321462258,317,373,4.265157004830918,0.22069417670708497,1.1577850551344222
tf=1|ema=34|vwap=roll35|trend=0|sides=long|stop_atr=4.0|target_atr=0.0|exit_cross=True|min_bars=7|max_bars=0|confirm=False|entry=cross|exit=close_vwap|regime=spy50|rs=20|dtrend=0,570,34.91228070175438,0.5198932456539321,296.3391500227413,1.327826647722079,1.6361474296602427,199,371,4.8597222222222225,0.38523593011627144,1.2892281479409586,447,39.82102908277405,0.7980107656793398,356.7108122586649,1.526024271293762,2.3630255639842503,178,269,5.016126025354213,0.5669846786625495,1.7888314439848034
tf=1|ema=21|vwap=roll50|trend=0|sides=long|stop_atr=4.0|target_atr=0.0|exit_cross=True|min_bars=7|max_bars=0|confirm=False|entry=cross|exit=close_vwap|regime=spy50|rs=20|dtrend=0,315,35.55555555555556,0.8793013980275831,276.9799403786887,1.4538079873216727,1.625559281374944,112,203,6.4111111111111105,0.6664540751170048,1.2870261701514172,284,35.91549295774648,0.7195434987210176,204.350353636769,1.397427307168691,1.5741521410450685,102,182,6.761590375586854,0.6620495683617046,1.5037324872833209
tf=1|ema=34|vwap=week|trend=0|sides=long|stop_atr=4.0|target_atr=0.0|exit_cross=True|min_bars=0|max_bars=0|confirm=False|entry=cross|exit=close_vwap|regime=|rs=20|dtrend=0,698,43.12320916905444,0.26296769009005877,183.551447682861,1.4321364308767097,2.2368816240555898,301,397,1.706184336198663,0.13888954721844082,1.2854482184950105,506,40.11857707509881,0.07382315047304672,37.35451413936164,1.120036933746862,0.7621472360809209,203,303,1.5254446640316206,0.04307316806121557,0.47169769368399056
tf=1|ema=34|vwap=week|trend=0|sides=long|stop_atr=4.0|target_atr=0.0|exit_cross=True|min_bars=7|max_bars=0|confirm=False|entry=cross|exit=close_vwap|regime=|rs=20|dtrend=0,647,46.67697063369397,0.524912433856604,339.6183447052228,1.4745183855995148,2.3501328531729593,302,345,2.8468572900566715,0.2556515112340312,1.2848281701115296,476,44.53781512605042,0.11829478366308852,56.30831702363014,1.1038681668815142,0.6831124489816982,212,264,2.639618347338936,0.01641851829154057,0.10614236128771753
tf=1|ema=34|vwap=roll35|trend=0|sides=long|stop_atr=4.0|target_atr=0.0|exit_cross=True|min_bars=0|max_bars=0|confirm=False|entry=cross_or_pb|exit=cross|regime=spyvw|rs=20|dtrend=0,699,47.35336194563662,0.2638606076755562,184.43856476521375,1.199682601858153,1.4104768542716497,331,368,3.0278969957081543,0.21979351026648417,1.2804250568443944,522,44.06130268199234,0.34997989767933924,182.6895065886151,1.2637076185474434,1.8226402498992003,230,292,3.248004469987229,0.11817116538603838,0.676115193556168
tf=1|ema=21|vwap=roll50|trend=0|sides=long|stop_atr=0|target_atr=0.0|exit_cross=True|min_bars=7|max_bars=0|confirm=False|entry=cross|exit=close_vwap|regime=spy50|rs=0|dtrend=50,435,34.252873563218394,0.6753944362714333,293.7965797780735,1.3792593340648698,1.6367423966481474,149,286,6.7028735632183905,0.5024140518270457,1.2802487702305378,376,35.638297872340424,0.5200183501687201,195.52689966343877,1.3127795427956173,1.4484331667143757,134,242,6.686502659574468,0.4516613510340283,1.313136249033721
tf=1|ema=34|vwap=roll35|trend=0|sides=long|stop_atr=0|target_atr=0.0|exit_cross=True|min_bars=7|max_bars=0|confirm=False|entry=cross_or_pb|exit=close_vwap|regime=spy50|rs=20|dtrend=0,593,35.750421585160204,0.4977821075617214,295.1847897841008,1.3165362129662546,1.6229767466919705,212,381,4.837197863968522,0.3688891625345591,1.280176863457708,484,39.256198347107436,0.712078882834131,344.64617929171936,1.4777766365239615,2.2602996229369388,190,294,4.883264462809917,0.5083802142279887,1.7244232216582656
tf=1|ema=34|vwap=roll50|trend=0|sides=long|stop_atr=4.0|target_atr=0.0|exit_cross=True|min_bars=7|max_bars=0|confirm=False|entry=cross|exit=close_vwap|regime=|rs=0|dtrend=50,509,38.31041257367387,0.7939880850165859,404.13993527344223,1.4502128216871997,2.260446687791529,195,314,7.157580222658807,0.4199841963408367,1.2790699871018718,446,34.97757847533632,0.586766740551435,261.69796628593997,1.3558773746368338,1.5217080566838657,156,290,6.46477952167414,0.4392812432545661,1.2174241088644087
tf=1|ema=21|vwap=week|trend=0|sides=long|stop_atr=0|target_atr=0.0|exit_cross=True|min_bars=0|max_bars=0|confirm=False|entry=cross|exit=close_vwap|regime=|rs=0|dtrend=50,1111,39.78397839783978,0.2425674836321666,269.4924743153371,1.2973088359916496,2.2456020186208185,442,669,2.227722772277228,0.13003548095878412,1.274714476681628,879,38.33902161547213,0.2486535064886389,218.56643220351359,1.2834990798887562,2.098882352062268,337,542,2.2371065604853997,0.1803378891107139,1.639992706254501
tf=1|ema=34|vwap=week|trend=0|sides=long|stop_atr=4.0|target_atr=0.0|exit_cross=True|min_bars=0|max_bars=0|confirm=False|entry=cross_or_pb|exit=close_vwap|regime=|rs=20|dtrend=0,837,41.45758661887694,0.26356407919266056,220.6031342842569,1.3865632593093216,2.2265819633669537,347,490,1.7265033851055358,0.13652445589284737,1.2673881563762543,640,37.65625,0.11602286174638435,74.25463151768598,1.173882629910924,1.0344113338215557,241,399,1.551953125,0.06868256800475211,0.6644170098288981
tf=1|ema=34|vwap=roll35|trend=0|sides=long|stop_atr=4.0|target_atr=0.0|exit_cross=True|min_bars=7|max_bars=0|confirm=False|entry=cross_or_pb|exit=cross|regime=spy50|rs=20|dtrend=0,730,44.10958904109589,0.3543742650982046,258.69321352168936,1.2373282753035222,1.6580216300143886,322,408,3.6113013698630136,0.25019266506641,1.2643437093922152,589,45.16129032258065,0.4756513795328847,280.1586625448691,1.3088727908482352,2.1758539516366753,266,323,3.8759903791737402,0.274502783224141,1.3356580517988657
tf=1|ema=34|vwap=week|trend=0|sides=long|stop_atr=4.0|target_atr=0.0|exit_cross=True|min_bars=7|max_bars=0|confirm=False|entry=cross_or_pb|exit=close_vwap|regime=|rs=20|dtrend=0,744,46.236559139784944,0.48425668332051824,360.28697239046556,1.4133268277364854,2.306001855126327,344,400,2.854670698924731,0.23644036289993065,1.2635493032278764,568,43.309859154929576,0.20493822800968145,116.40491350949907,1.1791437001989704,1.1708247471568343,246,322,2.6453198356807515,0.09061166815120743,0.5741371132373057
tf=1|ema=13|vwap=week|trend=0|sides=long|stop_atr=4.0|target_atr=0.0|exit_cross=True|min_bars=7|max_bars=0|confirm=False|entry=cross_or_pb|exit=close_vwap|regime=|rs=0|dtrend=50,1364,41.27565982404692,0.32091138328798513,437.7231268048117,1.266114192086542,2.1605118074473166,563,801,2.934445259042033,0.17301004699008746,1.2583498175413852,1079,39.57367933271548,0.10968441099857218,118.34947946745937,1.0824961628587277,0.8041969127427614,427,652,2.944547420451035,0.02521272587062874,0.19952374587816984
tf=1|ema=13|vwap=week|trend=0|sides=long|stop_atr=4.0|target_atr=0.0|exit_cross=True|min_bars=0|max_bars=0|confirm=False|entry=cross|exit=close_vwap|regime=|rs=0|dtrend=50,1294,37.17156105100464,0.26332595145029847,340.7437811766862,1.280611260654859,2.0597164539469626,481,813,2.266325347758887,0.15125811142374662,1.2565923403935633,1045,36.17224880382775,0.07719502218207787,80.66879818027138,1.0740054887818846,0.680924474570171,378,667,2.2838915470494414,-0.0043094047674910015,-0.04091983062606578
tf=1|ema=34|vwap=week|trend=0|sides=long|stop_atr=4.0|target_atr=0.0|exit_cross=True|min_bars=7|max_bars=0|confirm=False|entry=cross|exit=close_vwap|regime=|rs=20|dtrend=50,535,46.728971962616825,0.4332556571991847,231.7917766015638,1.4074276200892035,2.074272099107903,250,285,2.8450155763239877,0.23244698745725303,1.2517269779849565,390,44.1025641025641,0.13106560694178085,51.115586707294526,1.1140313078915218,0.6570077484257653,172,218,2.7257478632478636,0.04819566598794869,0.26767623299500415
tf=1|ema=34|vwap=roll35|trend=0|sides=long|stop_atr=0|target_atr=0.0|exit_cross=True|min_bars=7|max_bars=0|confirm=False|entry=cross_or_pb|exit=cross|regime=spy50|rs=0|dtrend=0,1193,44.59346186085499,0.3331607877618753,397.4608197999172,1.2034876110512,1.8385217494121104,532,661,4.500908074881252,0.21039806169143102,1.2443680297367006,1107,44.986449864498645,0.24059126408929019,266.3345293468442,1.1376144794670326,1.3981618796544748,498,609,5.055066245106895,0.049817568428670696,0.30786190429201654
tf=1|ema=13|vwap=week|trend=0|sides=long|stop_atr=0|target_atr=0.0|exit_cross=True|min_bars=0|max_bars=0|confirm=False|entry=cross|exit=close_vwap|regime=|rs=0|dtrend=50,1294,37.24884080370943,0.25922735584405476,335.4401984622069,1.2749338625416162,2.020807570117987,482,812,2.2704147346728494,0.14987885077304663,1.2414532086211012,1045,36.26794258373206,0.10070971277061455,105.2416498452922,1.0971149251126586,0.8771080239177945,379,666,2.295334928229665,0.027657663867291495,0.2592812823871554
tf=1|ema=13|vwap=week|trend=0|sides=long|stop_atr=0|target_atr=0.0|exit_cross=True|min_bars=0|max_bars=0|confirm=False|entry=cross_or_pb|exit=close_vwap|regime=|rs=20|dtrend=0,1385,36.17328519855596,0.25597303504844615,354.5226535420979,1.2526834292365272,2.1947478351214658,501,884,2.241245487364621,0.13258457485589487,1.2400989891698118,1035,37.48792270531401,0.21556677890580164,223.11161616750468,1.2106179296320563,1.7852872581792611,388,647,2.149436392914654,0.1294284467834442,1.162089191614547
tf=1|ema=34|vwap=week|trend=0|sides=long|stop_atr=4.0|target_atr=0.0|exit_cross=True|min_bars=0|max_bars=0|confirm=False|entry=cross|exit=close_vwap|regime=|rs=0|dtrend=0,1408,40.76704545454545,0.209641691919003,295.1755022219562,1.357281225388456,2.705438433046812,574,834,1.4694306344696968,0.08582920170437948,1.2329130005428244,1108,36.73285198555957,0.1008805062520956,111.77560092732193,1.1700340554843276,1.2349425725404013,407,701,1.1969389290012034,0.061916925342249504,0.8335883367894986
tf=1|ema=34|vwap=week|trend=0|sides=long|stop_atr=4.0|target_atr=0.0|exit_cross=True|min_bars=7|max_bars=0|confirm=False|entry=cross|exit=close_vwap|regime=spy50|rs=0|dtrend=0,903,43.30011074197121,0.3585027952572997,323.72802411734165,1.3351860614234345,2.020389547816326,391,512,2.631275378368402,0.2011743033722686,1.2321774322369705,852,40.72769953051643,0.2785900429402431,237.35871658508708,1.2570459949475943,1.8561044596012177,347,505,2.449530516431925,0.23505078784637543,1.7119248163119127
tf=1|ema=34|vwap=week|trend=0|sides=long|stop_atr=4.0|target_atr=0.0|exit_cross=True|min_bars=0|max_bars=0|confirm=False|entry=cross_or_pb|exit=cross|regime=spy50|rs=0|dtrend=0,1100,53.27272727272727,0.3490408687792888,383.9449556572177,1.259038263685319,2.459639567274324,586,514,3.5837878787878785,0.1606526818030013,1.2308666413223452,1045,50.813397129186605,0.1479215131814429,154.57798127460785,1.0950160461768892,0.9915534266840771,531,514,3.5727272727272728,0.08720973667716123,0.6210229599836966
tf=1|ema=21|vwap=week|trend=0|sides=long|stop_atr=0|target_atr=0.0|exit_cross=True|min_bars=7|max_bars=0|confirm=False|entry=cross_or_pb|exit=close_vwap|regime=spy50|rs=0|dtrend=50,1044,41.76245210727969,0.2733972598394824,285.42673927241964,1.244365911038709,1.9029782635220756,436,608,3.0344827586206895,0.16065317423798095,1.2208602905945365,882,40.816326530612244,0.2312204181329689,203.9364087932786,1.1867384168797805,1.497388173635453,360,522,3.005479969765685,0.18146691077560634,1.2713547922276032
tf=1|ema=13|vwap=week|trend=0|sides=long|stop_atr=0|target_atr=0.0|exit_cross=True|min_bars=7|max_bars=0|confirm=False|entry=cross|exit=close_vwap|regime=|rs=0|dtrend=50,1205,40.829875518672196,0.32433831609945235,390.8276708998401,1.2610024957300028,1.9887464520989746,492,713,2.9779045643153528,0.18405031140172617,1.2200027491762906,968,40.082644628099175,0.04960468076562407,48.0173309811241,1.0360532125703508,0.34827018118362973,388,580,3.0177772038567494,-0.011143613024741409,-0.08443138796715359
tf=1|ema=21|vwap=roll50|trend=0|sides=long|stop_atr=0|target_atr=0.0|exit_cross=True|min_bars=7|max_bars=0|confirm=False|entry=cross|exit=close_vwap|regime=|rs=0|dtrend=50,485,35.05154639175258,0.6907906380358492,335.03345944738686,1.3811991062155813,1.807100842488917,170,315,6.877319587628866,0.437350541020986,1.21817616335795,417,35.25179856115108,0.6596016824659063,275.0539015882829,1.396753990521983,1.610609392902261,147,270,6.635691446842525,0.5579078857582807,1.4594869068197696
tf=1|ema=34|vwap=week|trend=0|sides=long|stop_atr=0|target_atr=0.0|exit_cross=True|min_bars=0|max_bars=0|confirm=False|entry=cross_or_pb|exit=close_vwap|regime=|rs=20|dtrend=0,835,41.31736526946108,0.25761778943773,215.11085418050456,1.3762872975749003,2.1631525911700615,345,490,1.7312874251497006,0.13169354057938204,1.2135695547097731,640,37.65625,0.12018180077729926,76.91635249747154,1.181245298862357,1.0733405544850831,241,399,1.5529947916666669,0.07370350646086758,0.7145035874948826
tf=1|ema=21|vwap=week|trend=0|sides=long|stop_atr=0|target_atr=0.0|exit_cross=True|min_bars=7|max_bars=0|confirm=False|entry=cross_or_pb|exit=close_vwap|regime=|rs=20|dtrend=50,841,45.18430439952438,0.3896224274840497,327.6724615140858,1.3097199761770844,2.148426381887606,380,461,3.119203329369798,0.20115368502126113,1.2062826972152507,683,43.48462664714495,0.3705124652185199,253.0600137442491,1.280269617791841,1.9611812519712848,297,386,3.0935822352367013,0.30620611629737216,1.7551321983318022
tf=1|ema=34|vwap=roll50|trend=0|sides=long|stop_atr=0|target_atr=0.0|exit_cross=True|min_bars=7|max_bars=0|confirm=False|entry=cross_or_pb|exit=close_vwap|regime=|rs=0|dtrend=50,639,37.715179968701094,0.6489673052213282,414.69010803642874,1.3953070205681655,2.1822410953740112,241,398,6.505542514345332,0.3332924403050821,1.2023680705173392,541,33.271719038817004,0.3128121132776096,169.2313532831868,1.1914564916813148,0.9654536467585425,180,361,5.898259396179913,0.22637364045056427,0.7466460574699112
tf=1|ema=21|vwap=roll50|trend=0|sides=long|stop_atr=4.0|target_atr=0.0|exit_cross=True|min_bars=7|max_bars=0|confirm=False|entry=cross_or_pb|exit=close_vwap|regime=|rs=0|dtrend=50,666,35.13513513513514,0.6073221672279498,404.47656337381466,1.3734009122626403,2.03579363691323,234,432,6.113551051051051,0.33410927215579866,1.1983218305675098,543,32.78084714548803,0.34541247977495293,187.55897651779944,1.2142774798234581,1.0703851855556175,178,365,5.757826887661142,0.27066458929413784,0.8968602854065462
tf=1|ema=21|vwap=roll50|trend=0|sides=long|stop_atr=4.0|target_atr=0.0|exit_cross=True|min_bars=7|max_bars=0|confirm=False|entry=cross|exit=close_vwap|regime=spy50|rs=0|dtrend=50,435,34.02298850574713,0.6616185824986526,287.8040833869139,1.370221583666969,1.6048576879731282,148,287,6.63352490421456,0.4703318185773361,1.1978973357370475,376,35.37234042553192,0.5112955694258168,192.24713410410712,1.3072261088275352,1.4286385403073598,133,243,6.60438829787234,0.4315376457281378,1.2554001179714271
tf=1|ema=34|vwap=week|trend=0|sides=long|stop_atr=4.0|target_atr=0.0|exit_cross=True|min_bars=0|max_bars=0|confirm=False|entry=cross|exit=close_vwap|regime=|rs=0|dtrend=50,810,40.49382716049383,0.2067098859237372,167.43500759822714,1.360981847970958,2.1039676863842556,328,482,1.6185185185185185,0.10758900827677477,1.191703622357008,608,35.526315789473685,0.053435394660644384,32.48871995367178,1.0866752769617039,0.5897238389303853,216,392,1.5564007675438596,0.02223648107636283,0.26363581006455283
tf=1|ema=34|vwap=roll35|trend=0|sides=long|stop_atr=4.0|target_atr=0.0|exit_cross=True|min_bars=7|max_bars=0|confirm=False|entry=cross_or_pb|exit=close_vwap|regime=spy50|rs=20|dtrend=0,596,35.738255033557046,0.4852564611287544,289.2128508327376,1.3079522184180532,1.590764212825065,213,383,4.793414429530201,0.3413658784229619,1.191301357209049,487,38.809034907597535,0.6850626333023729,333.6255024182556,1.4577079578274539,2.1966391438366504,189,298,4.81613620807666,0.48011291436001946,1.6431211072593568
tf=1|ema=34|vwap=week|trend=0|sides=long|stop_atr=0|target_atr=0.0|exit_cross=True|min_bars=0|max_bars=0|confirm=False|entry=cross|exit=close_vwap|regime=spyvw|rs=20|dtrend=0,414,46.3768115942029,0.3323092019503144,137.57600960743014,1.5248551638130137,2.0617687282957586,192,222,1.8828502415458936,0.1749291999522147,1.186201302764917,292,43.15068493150685,0.14578263117576915,42.56852830332459,1.2574398999539076,1.1814939695658615,126,166,1.4630422374429226,0.05304296948388175,0.4563310613938264
tf=1|ema=21|vwap=week|trend=0|sides=long|stop_atr=4.0|target_atr=0.0|exit_cross=True|min_bars=0|max_bars=0|confirm=False|entry=cross|exit=close_vwap|regime=|rs=0|dtrend=50,1111,39.69396939693969,0.23232966540401434,258.11825826385996,1.2813811671565738,2.150656072465977,441,670,2.2152715271527152,0.11966267036616923,1.1735300168067366,880,38.18181818181818,0.2496779834215806,219.71662541099093,1.2856562098868347,2.1188114460066814,336,544,2.2292140151515154,0.17441966291834593,1.5908271247954764
tf=1|ema=13|vwap=week|trend=0|sides=long|stop_atr=4.0|target_atr=0.0|exit_cross=True|min_bars=0|max_bars=0|confirm=False|entry=cross_or_pb|exit=close_vwap|regime=|rs=0|dtrend=50,1524,35.76115485564304,0.23159076748136198,352.9443296415957,1.2565633475542752,2.039523738095377,545,979,2.1622648731408574,0.12467328445370009,1.168377302260188,1207,34.71416735708368,0.09943018022714532,120.01222753416441,1.0982785686124148,0.9247540791184125,419,788,2.183547362607015,0.023803761181453983,0.23875894822226534
tf=1|ema=13|vwap=week|trend=0|sides=long|stop_atr=4.0|target_atr=0.0|exit_cross=True|min_bars=7|max_bars=0|confirm=False|entry=cross|exit=close_vwap|regime=|rs=0|dtrend=50,1206,40.79601990049751,0.32498922202601016,391.9370017633683,1.2618747453524966,2.0083031832887857,492,714,2.9523562741846328,0.1744416902280744,1.164786119231595,972,40.02057613168724,0.0426619565456185,41.46742176234118,1.0312153093939802,0.30473031979596754,389,583,2.9762088477366255,-0.03262915591405087,-0.2512952217326891
tf=1|ema=34|vwap=week|trend=0|sides=long|stop_atr=4.0|target_atr=0.0|exit_cross=True|min_bars=0|max_bars=0|confirm=False|entry=cross|exit=close_vwap|regime=spyvw|rs=20|dtrend=0,414,46.3768115942029,0.3220763614138819,133.33961362534708,1.5006025257060667,2.005524799605242,192,222,1.8647342995169083,0.1697514772299145,1.1624181370316666,292,43.15068493150685,0.13871089651822213,40.50358178332086,1.2419305589832057,1.1173274690188804,126,166,1.4621860730593608,0.04280813353440747,0.3654913414733212
tf=1|ema=34|vwap=week|trend=0|sides=long|stop_atr=0|target_atr=0.0|exit_cross=True|min_bars=0|max_bars=0|confirm=False|entry=cross|exit=close_vwap|regime=spy50|rs=0|dtrend=0,974,37.16632443531827,0.14653576679060604,142.72583685405027,1.2435516234874482,1.6220555004588861,362,612,1.4453713210130046,0.09737312638436933,1.1496863958642387,909,35.203520352035206,0.15729637004454558,142.98240037049194,1.2691034460535198,1.6431793503921723,320,589,1.287862119545288,0.10443547754458475,1.1980544059929972
tf=1|ema=13|vwap=week|trend=0|sides=long|stop_atr=0|target_atr=0.0|exit_cross=True|min_bars=0|max_bars=0|confirm=False|entry=cross_or_pb|exit=close_vwap|regime=|rs=0|dtrend=50,1520,35.85526315789474,0.22784350156647204,346.32212238103756,1.2506999046443312,1.9947674723616406,545,975,2.1692982456140353,0.12328981159276672,1.149179608035744,1206,34.82587064676617,0.12075680834600795,145.6327108652856,1.1199868164821853,1.1105416142149063,420,786,2.195308181315644,0.052423544866825614,0.5198939666904941
tf=1|ema=34|vwap=week|trend=0|sides=long|stop_atr=0|target_atr=0.0|exit_cross=True|min_bars=7|max_bars=0|confirm=False|entry=cross_or_pb|exit=close_vwap|regime=|rs=0|dtrend=50,853,45.60375146541618,0.3709384136378578,316.41046683309264,1.3633111562517986,2.279997234177126,389,464,2.832014458772958,0.1677766213728379,1.1469770977668319,664,41.265060240963855,0.19204618386873268,127.5186660888385,1.1766561975136032,1.1911620851697533,274,390,2.684174196787149,0.11866504996352391,0.8072058313261489
tf=1|ema=34|vwap=week|trend=0|sides=long|stop_atr=4.0|target_atr=0.0|exit_cross=True|min_bars=7|max_bars=0|confirm=False|entry=cross_or_pb|exit=close_vwap|regime=spy50|rs=0|dtrend=0,1081,43.47826086956522,0.33022792034481757,356.9763818927478,1.3015691541606558,2.0643225744645717,470,611,2.676996608078939,0.16555763021816855,1.1235491478352515,1047,39.25501432664756,0.2364663571663912,247.58027595321158,1.2135268848804999,1.7259928373839188,411,636,2.434813753581662,0.18878481255637963,1.5017980919099168
tf=1|ema=21|vwap=roll50|trend=0|sides=long|stop_atr=4.0|target_atr=0.0|exit_cross=True|min_bars=7|max_bars=0|confirm=False|entry=cross|exit=close_vwap|regime=|rs=0|dtrend=50,485,34.845360824742265,0.672077955160745,325.9578082529613,1.368438265737751,1.758402524132029,169,316,6.8140893470790385,0.4011856196606962,1.116533424609122,417,35.01199040767386,0.6536053214619421,272.55341904962984,1.3932349943201965,1.6000224816032522,146,271,6.5609512390087925,0.5423587023280907,1.4202106688752922
tf=1|ema=34|vwap=roll50|trend=0|sides=long|stop_atr=4.0|target_atr=0.0|exit_cross=True|min_bars=7|max_bars=0|confirm=False|entry=cross_or_pb|exit=close_vwap|regime=|rs=0|dtrend=50,645,37.51937984496124,0.6419429612775812,414.0532100240399,1.3930648137679464,2.1896595030374644,242,403,6.416343669250646,0.3055890780452851,1.1157253631870738,545,33.027522935779814,0.3225872043349946,175.81002636257205,1.2003420497549435,1.0069061417826108,180,365,5.844113149847095,0.21958022022091359,0.7311810619293903
tf=1|ema=34|vwap=week|trend=0|sides=long|stop_atr=4.0|target_atr=0.0|exit_cross=True|min_bars=7|max_bars=0|confirm=False|entry=cross|exit=close_vwap|regime=|rs=0|dtrend=50,751,44.87350199733688,0.36613649022676054,274.9685041602972,1.3589196884800931,2.0648933755216916,337,414,2.756768752774079,0.1783241186240245,1.114047121669426,575,41.73913043478261,0.11310809835650353,65.03715655498952,1.1047374741449574,0.7254807056680692,240,335,2.628405797101449,0.052149997062543564,0.36900527563753266
tf=1|ema=34|vwap=roll35|trend=0|sides=long|stop_atr=4.0|target_atr=0.0|exit_cross=True|min_bars=7|max_bars=0|confirm=False|entry=cross_or_pb|exit=cross|regime=spyvw|rs=20|dtrend=0,624,47.27564102564103,0.27417897103924666,171.0876779284899,1.180077972810125,1.2768602024185234,295,329,3.6163194444444446,0.21230914847710047,1.076119496985718,465,46.02150537634409,0.45301194666012995,210.6505551969604,1.301879050167861,2.0023286510269083,214,251,3.867383512544803,0.1658171132258036,0.8045513220203592
tf=1|ema=34|vwap=week|trend=0|sides=long|stop_atr=4.0|target_atr=0.0|exit_cross=True|min_bars=0|max_bars=0|confirm=False|entry=cross|exit=close_vwap|regime=spy50|rs=0|dtrend=0,975,37.12820512820513,0.1426521993950245,139.08589441014888,1.2358752239059667,1.5826202681788115,362,613,1.4411965811965812,0.09050883148856695,1.07177070684749,909,35.203520352035206,0.15487915426271048,140.78515122480383,1.2638768283937887,1.6160937859233924,320,589,1.284928492849285,0.10133573183706113,1.1614046183348448
tf=1|ema=21|vwap=week|trend=0|sides=long|stop_atr=4.0|target_atr=0.0|exit_cross=True|min_bars=7|max_bars=0|confirm=False|entry=cross|exit=close_vwap|regime=|rs=20|dtrend=50,754,44.69496021220159,0.3796231544165463,286.23585843007595,1.3055496750560744,2.0500071563590274,337,417,3.0939434129089296,0.18152193456477078,1.0657187110713287,603,43.946932006633496,0.3473823283598408,209.471544000984,1.2662279683324211,1.8390477574919253,265,338,3.0683388612493094,0.270189964164905,1.5418597963086749
tf=1|ema=21|vwap=week|trend=0|sides=long|stop_atr=0|target_atr=0.0|exit_cross=True|min_bars=7|max_bars=0|confirm=False|entry=cross|exit=close_vwap|regime=spy50|rs=0|dtrend=50,925,41.189189189189186,0.26814993335798243,248.03868835613378,1.2340121875635024,1.6957734777408555,381,544,3.0454504504504505,0.15340391857541713,1.053976232798244,788,41.6243654822335,0.1968577066188145,155.12387281562582,1.158393607675665,1.2641482233721613,328,460,3.057688240270728,0.15175204785272906,1.052934585127257
tf=1|ema=34|vwap=roll35|trend=0|sides=long|stop_atr=4.0|target_atr=0.0|exit_cross=True|min_bars=0|max_bars=0|confirm=False|entry=cross|exit=cross|regime=spyvw|rs=20|dtrend=0,630,46.98412698412698,0.22465119906521142,141.5302554110832,1.1633512023227943,1.1129986484104388,296,334,3.063955026455026,0.19480498225280632,1.047722715761749,458,46.2882096069869,0.4448466350490816,203.73975885247938,1.332436903854594,2.1151805828872403,212,246,3.41712154294032,0.18242860019804974,0.9549909197073227
tf=1|ema=34|vwap=roll35|trend=0|sides=long|stop_atr=0|target_atr=0.0|exit_cross=True|min_bars=7|max_bars=0|confirm=False|entry=cross|exit=cross|regime=spy50|rs=20|dtrend=0,705,44.680851063829785,0.3523271346422742,248.39062992280333,1.2269481212786644,1.4800041047005315,315,390,3.918026004728132,0.2342863840627586,1.0446187331318542,556,46.76258992805755,0.6071507153764649,337.5757977493145,1.4016183982181731,2.6088287958112275,260,296,4.291741606714628,0.37157823648377813,1.6978359977704496
tf=1|ema=21|vwap=week|trend=0|sides=long|stop_atr=4.0|target_atr=0.0|exit_cross=True|min_bars=7|max_bars=0|confirm=False|entry=cross|exit=close_vwap|regime=spy50|rs=0|dtrend=50,926,41.144708423326136,0.275251741763554,254.88311287305098,1.24065073440472,1.7579278551247008,381,545,3.0051295896328294,0.1476907592263009,1.0237085181580365,794,41.30982367758186,0.2259314157527118,179.38954410765317,1.1871926328617821,1.486170100143453,328,466,3.013591519731318,0.16190221455621895,1.1483693660378465
tf=1|ema=34|vwap=roll35|trend=0|sides=long|stop_atr=0|target_atr=0.0|exit_cross=True|min_bars=7|max_bars=0|confirm=False|entry=cross|exit=cross|regime=spy50|rs=0|dtrend=0,1167,44.044558697514994,0.2929474431961352,341.86966620988983,1.1772228436757826,1.6014773510873628,514,653,4.512139388746072,0.17113754920213614,1.0026988499141205,1086,44.935543278084715,0.2509510359232944,272.5328250126977,1.143063645672251,1.435073089232192,488,598,5.087285144260282,0.05330372885633571,0.32413492679269074
tf=1|ema=34|vwap=week|trend=0|sides=long|stop_atr=0|target_atr=0.0|exit_cross=True|min_bars=0|max_bars=0|confirm=False|entry=cross_or_pb|exit=close_vwap|regime=spy50|rs=0|dtrend=0,1224,35.70261437908497,0.13218650918761826,161.79628724564475,1.2023503755556475,1.6131907276598352,437,787,1.4990808823529411,0.07542918705565811,0.9990731174800963,1182,32.48730964467005,0.09396229257231296,111.06342982047393,1.1433520785088835,1.050098133428162,384,798,1.325895375070502,0.04853976376623911,0.5938697476634636
tf=1|ema=34|vwap=week|trend=0|sides=long|stop_atr=0|target_atr=0.0|exit_cross=True|min_bars=0|max_bars=0|confirm=False|entry=cross|exit=close_vwap|regime=spyvw|rs=0|dtrend=0,794,43.19899244332494,0.24710184234623245,196.19886282290858,1.3958409157756666,2.198618834886247,343,451,1.626364399664148,0.09855628016346055,0.9843469019006427,601,38.76871880199667,0.14545844912745207,87.42052792559869,1.259499206958152,1.3099771561351354,233,368,1.1738075429839157,0.08631811479175247,0.8605134607866506
tf=1|ema=34|vwap=roll35|trend=0|sides=long|stop_atr=0|target_atr=0.0|exit_cross=True|min_bars=7|max_bars=0|confirm=False|entry=cross_or_pb|exit=cross|regime=spy50|rs=20|dtrend=0,725,44.689655172413794,0.32172224222808676,233.24862561536293,1.2062868021508935,1.3832459699698751,324,401,3.8803448275862067,0.21419206657615225,0.9785197350901481,582,46.735395189003434,0.5685217396720617,330.87965248913986,1.3790760074548463,2.5374168477232066,272,310,4.215922107674685,0.34386429539373586,1.6322802734586621
tf=1|ema=34|vwap=week|trend=0|sides=long|stop_atr=4.0|target_atr=0.0|exit_cross=True|min_bars=0|max_bars=0|confirm=False|entry=cross_or_pb|exit=close_vwap|regime=spy50|rs=0|dtrend=0,1227,35.696821515892424,0.13218009477189535,162.18497628511557,1.202775329722098,1.6233450257868016,438,789,1.494940233632165,0.07330473892784649,0.9770622485001487,1185,32.40506329113924,0.08699292093585091,103.08661130898334,1.1317002512723242,0.9731143230883789,384,801,1.321870604781997,0.04005453567517881,0.4904249778588505
tf=1|ema=34|vwap=week|trend=0|sides=long|stop_atr=4.0|target_atr=0.0|exit_cross=True|min_bars=0|max_bars=0|confirm=False|entry=cross|exit=close_vwap|regime=spyvw|rs=0|dtrend=0,794,43.19899244332494,0.246423087342819,195.6599313501983,1.3943248372132315,2.1985203929775214,343,451,1.620749370277078,0.09486903823802718,0.9506171391724885,601,38.76871880199667,0.1417747800381284,85.20664280291518,1.251276195893483,1.2752680556189804,233,368,1.1731835829173598,0.07888334590963378,0.7834104076442245
tf=1|ema=21|vwap=week|trend=0|sides=long|stop_atr=0|target_atr=0.0|exit_cross=True|min_bars=7|max_bars=0|confirm=False|entry=cross|exit=close_vwap|regime=|rs=20|dtrend=50,754,44.827586206896555,0.3473924910934737,261.9339382844792,1.272399647413275,1.8353569439148618,338,416,3.1466069849690546,0.1623998568831797,0.9331103944687018,597,44.38860971524288,0.32933932707484187,196.61557826368062,1.2466996709626859,1.704668134159637,265,332,3.120393634840871,0.278089733145499,1.5585835955964402
tf=1|ema=34|vwap=roll35|trend=0|sides=long|stop_atr=4.0|target_atr=0.0|exit_cross=True|min_bars=7|max_bars=0|confirm=False|entry=cross|exit=cross|regime=spyvw|rs=20|dtrend=0,557,46.49910233393178,0.22792046176790237,126.95169720472161,1.1449840773902424,0.9794768190299954,259,298,3.682899461400359,0.1839724477167636,0.855878267323711,404,47.02970297029703,0.5634345253145339,227.62754822707169,1.37908593755032,2.269981593544887,190,214,4.071782178217822,0.23483052360408485,1.0415531113679863
tf=1|ema=34|vwap=week|trend=0|sides=long|stop_atr=4.0|target_atr=0.0|exit_cross=True|min_bars=7|max_bars=0|confirm=False|entry=cross_or_pb|exit=close_vwap|regime=|rs=0|dtrend=50,858,45.45454545454545,0.3175347422069665,272.4448088135772,1.3003658346347606,1.9543070827836946,390,468,2.7836052836052834,0.1137802868234241,0.7787104475315353,666,40.990990990990994,0.18055658708174982,120.25068699644538,1.1655191278927686,1.1342873886976486,273,393,2.6438938938938943,0.1037934694388625,0.7151580990918851
tf=1|ema=21|vwap=week|trend=0|sides=long|stop_atr=4.0|target_atr=0.0|exit_cross=True|min_bars=7|max_bars=0|confirm=False|entry=cross_or_pb|exit=close_vwap|regime=|rs=0|dtrend=50,1179,42.917726887192536,0.24914779014339494,293.7452445790626,1.211218586542365,1.774035666738589,506,673,2.9801738761662424,0.07753103331909714,0.6027571973174202,940,41.170212765957444,0.2585775562186795,243.06290284555874,1.211996442876458,1.775032853465391,387,553,2.951285460992908,0.17820590960764782,1.323523249129854
tf=1|ema=21|vwap=week|trend=0|sides=long|stop_atr=0|target_atr=0.0|exit_cross=True|min_bars=7|max_bars=0|confirm=False|entry=cross_or_pb|exit=close_vwap|regime=|rs=0|dtrend=50,1172,43.003412969283275,0.23086522710819798,270.574046170808,1.1940391721714487,1.6351627611668107,504,668,3.006150455062571,0.07205107101815048,0.5590216853543398,930,41.39784946236559,0.2339889869180628,217.60975783379843,1.1863883723646074,1.5620253795517225,385,545,2.9998655913978496,0.17198603047003583,1.2460294169965156
tf=1|ema=21|vwap=week|trend=0|sides=long|stop_atr=4.0|target_atr=0.0|exit_cross=True|min_bars=7|max_bars=0|confirm=False|entry=cross|exit=close_vwap|regime=|rs=0|dtrend=50,1040,42.40384615384615,0.21971791465293689,228.50663123905437,1.1858784617793912,1.5023279325102223,441,599,2.978165064102564,0.051587730193847596,0.38582739355856155,831,41.51624548736462,0.2073599139118977,172.316088460787,1.1685685373479138,1.4004057896797433,345,486,2.9885178499799436,0.1378382507046482,1.0053100932044876
tf=1|ema=21|vwap=week|trend=0|sides=long|stop_atr=0|target_atr=0.0|exit_cross=True|min_bars=7|max_bars=0|confirm=False|entry=cross|exit=close_vwap|regime=|rs=0|dtrend=50,1039,42.4446583253128,0.19767538662562498,205.38472670402433,1.1647811636473346,1.328996422762436,441,598,3.015239011870388,0.043710434998085586,0.32134394945863004,824,41.99029126213592,0.18365794268836336,151.3341447752114,1.1454248348612917,1.2102304055547115,346,478,3.0376719255663427,0.1342329884802132,0.9581362165909966
