entry_time,exit_time,side,entry,exit,ret,reason,atr,mfe,mae,days,ticker,holdout,excess,rank,rv,opt_ret
2024-06-05 15:30:00-04:00,2024-06-13 12:30:00-04:00,1,165.7100067138672,158.3699951171875,-0.04529431717635346,cross,2.263072896454756,0.02293155294797744,-0.053044524704531915,7.875,AMD,False,-0.05664921895617281,10.0,0.3639516256403579,-0.4889582626724438
2024-06-28 12:30:00-04:00,2024-07-08 12:30:00-04:00,1,162.47000122070312,175.02000427246094,0.07624504805480725,cross,2.103106418423085,0.09324794597560349,-0.054348505968556005,10.0,AMD,False,0.06233195082035381,10.0,0.3305932876686814,0.8012013641083231
2024-07-12 12:30:00-04:00,2024-07-15 12:30:00-04:00,1,185.0,182.3800048828125,-0.015162135768581053,cross,2.836164981011058,0.010756786449535483,-0.026432429133234847,3.0,AMD,False,-0.019175477866584356,10.0,0.36776033611026215,-0.18988092344991503
2024-07-22 10:30:00-04:00,2024-07-24 14:30:00-04:00,1,155.1300048828125,146.46499633789062,-0.05685643184545475,cross,2.59634067254418,0.012376704109535064,-0.05743572088997306,2.1666666666666665,AMD,False,-0.03904214592784827,10.0,0.5268842480911786,-0.38758034456051593
2024-11-04 10:30:00-05:00,2024-11-13 11:30:00-05:00,1,142.77000427246094,141.7100067138672,-0.008424511640210186,cross,1.8182470614349235,0.055613939929942235,-0.016670202504655784,9.041666666666666,AMD,False,-0.053662048798316375,10.0,0.5061773988719368,-0.1924166547895939
2025-08-14 13:30:00-04:00,2025-08-15 13:30:00-04:00,1,180.61239624023438,177.47000122070312,-0.01839855671562829,cross,2.888325466620118,0.005135843747206659,-0.024153360074088748,1.0,AMD,True,-0.01708069093335518,10.0,0.4777176586456261,-0.16235804286140865
2025-09-02 10:30:00-04:00,2025-09-05 09:30:00-04:00,1,161.8300018310547,150.81584790963672,-0.0690600246974995,stop,1.8356923202363307,0.018043614508474803,-0.07130945074677364,2.9583333333333335,AMD,True,-0.08807632450577008,10.0,0.4803201243072558,-0.4871915008656882
2025-10-02 14:30:00-04:00,2025-10-06 12:30:00-04:00,1,169.82000732421875,211.07000732421875,0.2419042410841844,cross,1.9100529248303437,0.33411840647284596,-0.039335812309894136,3.9166666666666665,AMD,True,0.23854392574834293,10.0,0.34557799522041766,3.1520020408645024
2025-10-15 13:30:00-04:00,2025-10-20 12:30:00-04:00,1,231.7550048828125,241.5749969482422,0.04137229772187745,cross,4.834010145258515,0.047916961850098305,-0.016590801232738706,4.958333333333333,AMD,True,0.026369834668145242,10.0,1.0217880868770044,0.07264552479460717
2025-10-24 13:30:00-04:00,2025-10-27 13:30:00-04:00,1,251.27999877929688,255.6699981689453,0.01647054843590723,cross,3.7778362336615072,0.028613508740587656,-0.005889462679059099,3.0,AMD,True,0.008524254534021947,10.0,1.0563570105474542,-0.0026707485972543576
2025-11-17 10:30:00-05:00,2025-11-19 14:30:00-05:00,1,246.30999755859375,220.36000061035156,-0.10635502905061356,cross,5.167225402946748,0.0027201419982392228,-0.1067353885214456,2.1666666666666665,AMD,True,-0.08812694679283217,5.0,0.6387261722144492,-0.5497927128751554
2025-12-19 14:30:00-05:00,2025-12-22 14:30:00-05:00,1,214.5500030517578,214.38999938964844,-0.0017457639703262187,cross,3.0228157733446035,0.02598460437633876,-0.00577956409007796,3.0,AMD,True,-0.0077547639296144935,5.0,0.47363559047890286,-0.07009043046601005
2026-01-22 13:30:00-05:00,2026-01-26 12:30:00-05:00,1,253.94000244140625,253.42999267578125,-0.0030083868658805626,cross,4.075377379492649,0.051232612587797766,-0.014294734377857998,3.9583333333333335,AMD,True,-0.007440339747772694,3.0,0.4321166819593109,-0.09197432779328651
2026-03-02 10:30:00-05:00,2026-03-13 09:30:00-04:00,1,193.6699981689453,198.11500549316406,0.021951450231032843,cross,3.0637382347945836,0.08023962767514337,-0.02814063613243778,10.916666666666666,AMD,True,0.04144899572317717,5.0,0.8179948076748959,-0.06520788257929144
2026-04-09 11:30:00-04:00,2026-04-13 12:30:00-04:00,1,234.3800048828125,245.49989318847656,0.046443843647088756,cross,3.4415231471594336,0.06485193545346157,-0.004095941180422669,4.041666666666667,AMD,True,0.038365931896132355,6.0,0.524896504738928,0.26337979775291753
2026-04-15 15:30:00-04:00,2026-04-20 12:30:00-04:00,1,256.75,274.05999755859375,0.06641965942977113,cross,2.399808146457562,0.12019468491358332,-0.0005059915485029487,4.875,AMD,True,0.055469612528277756,6.0,0.4966212458953954,0.4396610038701616
2026-05-07 09:30:00-04:00,2026-05-11 12:30:00-04:00,1,417.19500732421875,463.79998779296875,0.11071030249777525,cross,9.280513024024211,0.12101052137550772,-0.038627070000934904,4.125,AMD,True,0.10354069550672762,6.0,0.9236096846053886,0.4233160486233283
2026-05-29 11:30:00-04:00,2026-06-05 13:30:00-04:00,1,512.97998046875,474.9988098144531,-0.07504025907519918,cross,8.619141720419462,0.0652267598086016,-0.08232286263912514,7.083333333333333,AMD,True,-0.05814040565280365,6.0,0.9334561204066559,-0.3986783658122037
2026-06-08 10:30:00-04:00,2026-06-10 14:30:00-04:00,1,487.3900146484375,454.9549865722656,-0.06754840497618275,cross,12.746659085723929,0.03522842568397966,-0.1029155340785769,2.1666666666666665,AMD,True,-0.05022041861759441,7.0,0.712341648200061,-0.36421606808646245
2026-07-09 15:30:00-04:00,2026-07-14 10:30:00-04:00,1,543.9000244140625,549.7999877929688,0.00984751445867682,cross,11.349747686077668,0.05570874505036216,-0.0311278160726578,4.791666666666667,AMD,True,0.010353452321283596,7.0,0.8397309837378331,-0.040643399001397684
2026-07-22 12:30:00-04:00,2026-07-27 09:30:00-04:00,1,556.155029296875,527.5050048828125,-0.0525144571294871,cross,10.951775820344007,0.00955658247479918,-0.06858702613815293,4.875,AMD,True,-0.04591320849143565,7.0,0.7297358704584267,-0.3294496280658017
2026-09-14 10:30:00-04:00,2026-09-21 12:30:00-04:00,1,487.3450012207031,612.635009765625,0.2560868855350832,cross,8.167539910924107,0.26397108555836524,-0.009531213005236738,7.083333333333333,AMD,True,0.23893534935866823,5.0,0.4979235119147781,2.267864983621446
2024-05-06 09:30:00-04:00,2024-05-07 09:30:00-04:00,1,103.81999969482422,109.23999786376953,0.05120572322170325,cross,1.6470147293294473,0.03949141288935576,-0.02041998413421031,1.0,ARM,False,0.043789669579671675,3.0,0.9361487547240467,0.17936352562801727
2024-06-05 15:30:00-04:00,2024-06-10 12:30:00-04:00,1,134.4824981689453,140.46499633789062,0.043485328949122715,cross,2.346301211426315,0.056568685684201814,-0.015410886435440418,4.875,ARM,False,0.04127432130351705,3.0,0.6307031987080136,0.1798164211590101
2024-06-13 09:30:00-04:00,2024-06-17 12:30:00-04:00,1,157.3350067138672,158.44000244140625,0.006023203231234065,cross,2.995852775870176,0.06581495080984023,-0.04236189188997841,4.125,ARM,False,0.0018439555205439504,3.0,0.5812119840899068,-0.03558058740066705
2024-07-05 12:30:00-04:00,2024-07-08 12:30:00-04:00,1,179.1699981689453,181.68089294433594,0.013014035837757842,cross,3.6976698372110737,0.04024114967656933,-0.01177652861480738,3.0,ARM,False,0.011243729574884509,3.0,0.6707925074115014,0.011073425172757778
2024-08-05 10:30:00-04:00,2024-08-12 12:30:00-04:00,1,104.12000274658203,117.1500015258789,0.12414404951573632,cross,4.650864348697177,0.17172490186094347,-0.0038417356447105755,7.083333333333333,ARM,False,0.0866314277264374,2.0,0.912036116861865,0.4616751777992534
2024-08-15 12:30:00-04:00,2024-08-19 12:30:00-04:00,1,130.77999877929688,129.8249969482422,-0.008302353876500135,cross,2.5654455436515664,0.01773977172253982,-0.0343324507239583,4.0,ARM,False,-0.015884970532586973,2.0,0.9967975714026465,-0.1084840757600738
2024-09-11 14:30:00-04:00,2024-09-17 15:30:00-04:00,1,137.52000427246094,136.8300018310547,-0.006017469604198022,cross,2.5205749749888677,0.09024133229906739,-0.013234491475239252,6.041666666666667,ARM,False,-0.0262896708930479,3.0,0.6784439969866635,-0.1305264946938206
2024-09-26 14:30:00-04:00,2024-10-02 09:30:00-04:00,1,149.3699951171875,135.3144172208342,-0.09509907180706578,stop,2.342596316058881,0.00923883596387487,-0.1109325340235151,5.791666666666667,ARM,False,-0.08688825894149699,3.0,0.6721148855811584,-0.534410473007159
2024-10-04 15:30:00-04:00,2024-10-07 15:30:00-04:00,1,140.33999633789062,140.69000244140625,0.0014939868366031792,cross,1.7267556404986315,0.03242128523933374,-0.00876439902832582,3.0,ARM,False,0.008627382411650508,3.0,0.5980050727938756,-0.0502961933379763
2024-10-09 14:30:00-04:00,2024-10-14 12:30:00-04:00,1,147.13499450683594,160.78280639648438,0.09175707614896711,cross,1.8296259983894079,0.09678190794034713,-0.01437448814582809,4.916666666666667,ARM,False,0.0790224813362882,3.0,0.43473546201136487,0.7706729632290679
2024-10-30 14:30:00-04:00,2024-10-31 09:30:00-04:00,1,154.7899932861328,142.82167061177148,-0.07831974412737142,stop,1.9947204457268888,0.004442881664679765,-0.08165902149942672,0.7916666666666666,ARM,False,-0.068769077415611,3.0,0.5217088027165959,-0.4820619121910569
2024-11-04 10:30:00-05:00,2024-11-07 10:30:00-05:00,1,142.0,152.58999633789062,0.07357743899922975,cross,2.2781664123944183,0.08908446405974901,-0.03232391787246924,3.0,ARM,False,0.03480733003981473,4.0,0.6186452023363956,0.40682841557547533
2024-11-18 10:30:00-05:00,2024-11-25 12:30:00-05:00,1,128.6999969482422,139.55999755859375,0.08338229112560891,cross,1.8994516400834804,0.1052059740946778,-0.010056692271476542,7.083333333333333,ARM,False,0.06862160708960119,4.0,0.5833632234447474,0.46378385207084216
2024-12-11 12:30:00-05:00,2024-12-19 11:30:00-05:00,1,141.4149932861328,134.25,-0.051666433025496006,cross,1.9124159619021717,0.10589404811706116,-0.0602128472503588,7.958333333333333,ARM,False,-0.023727345458651072,5.0,0.4188227574588103,-0.49226040353166334
2025-02-06 12:30:00-05:00,2025-02-07 12:30:00-05:00,1,167.4199981689453,162.08999633789062,-0.032836112109355775,cross,3.4332337792212924,0.03488231036771028,-0.03912609846284698,1.0,ARM,False,-0.02700270296201024,8.0,0.8873046678866771,-0.1720016048595424
2025-04-23 12:30:00-04:00,2025-04-28 12:30:00-04:00,1,105.66000366210938,110.54000091552734,0.04518585163998046,cross,2.257707252435947,0.08678778961876721,-0.009369727984583465,5.0,ARM,False,0.027042943332359237,8.0,1.1307057106781662,0.07157593794696049
2025-05-01 13:30:00-04:00,2025-05-05 12:30:00-04:00,1,117.8949966430664,121.38999938964844,0.028645047254747813,cross,1.7345067806287235,0.051528943132583827,-0.022180736572617876,3.9583333333333335,ARM,False,0.020895805586832572,8.0,1.1144088615213965,0.02596163175751154
2025-06-02 10:30:00-04:00,2025-06-09 12:30:00-04:00,1,125.22000122070312,139.8350067138672,0.11571462506540608,cross,1.8484716167489785,0.1285720517770359,-0.0017569175735381304,7.083333333333333,ARM,False,0.0965669167354214,7.0,0.5426265963508535,0.7777820205080515
2025-06-25 13:30:00-04:00,2025-06-30 12:30:00-04:00,1,159.8000030517578,163.52000427246094,0.022279106067965793,cross,1.7645840085047273,0.053191488345885274,-0.018898649654485844,4.958333333333333,ARM,False,0.007081828631129494,7.0,0.40920689634340374,0.11632882663279864
2025-07-25 10:30:00-04:00,2025-07-28 12:30:00-04:00,1,161.75,164.0,0.01291035548686248,cross,1.8316414561285135,0.0317156406974497,-0.0012209861319069093,3.0833333333333335,ARM,True,0.009881024571359087,7.0,0.4150733707880997,0.052156333884633144
2025-08-04 10:30:00-04:00,2025-08-07 13:30:00-04:00,1,139.5800018310547,134.9405059814453,-0.03423897255156183,cross,2.6974696837815064,0.008310672351999449,-0.03532030283634413,3.125,ARM,True,-0.035176401065001195,7.0,0.5818921416088768,-0.25761716311102656
2025-08-08 15:30:00-04:00,2025-08-11 15:30:00-04:00,1,138.42999267578125,141.72500610351562,0.022802742195123016,cross,1.5167054141521297,0.05779094432762788,-0.0029617021239071173,3.0,ARM,True,0.02437198503545257,7.0,0.5885656478098311,0.08305351940796935
2025-08-28 12:30:00-04:00,2025-08-29 15:30:00-04:00,1,143.3699951171875,138.22999572753906,-0.03685129081888516,cross,1.3836694703316426,0.00010462014479517556,-0.04226824136835916,1.125,ARM,True,-0.03134329546326342,7.0,0.3241861809817225,-0.37314771766743504
2025-09-02 10:30:00-04:00,2025-09-08 12:30:00-04:00,1,134.1699981689453,139.93499755859375,0.04196787261179813,cross,1.6535261757075994,0.0520235210762241,-0.029142160806963302,6.083333333333333,ARM,True,0.027611797077297884,8.0,0.3547221022946687,0.3521510902605691
2025-09-11 14:30:00-04:00,2025-09-15 12:30:00-04:00,1,156.25,153.0749969482422,-0.021320019531249956,cross,2.130370384554506,0.0056320312500000025,-0.04575996093750001,3.9166666666666665,ARM,True,-0.026302240476225647,8.0,0.49082954173983345,-0.21397897793586307
2025-10-02 13:30:00-04:00,2025-10-06 12:30:00-04:00,1,150.73500061035156,158.74000549316406,0.052106477264065254,cross,1.7235470134020274,0.06504788294741881,-0.000497541698600279,3.9583333333333335,ARM,True,0.04714019811233994,9.0,0.49740214658178206,0.3287463574832361
2025-10-13 10:30:00-04:00,2025-10-14 10:30:00-04:00,1,161.0,178.2100067138672,0.10589445163892652,cross,3.5959270688772227,0.12000004549204202,-0.0005589834651591463,1.0,ARM,True,0.1075588620883432,9.0,0.6577054731619714,0.614009711028968
2025-10-24 15:30:00-04:00,2025-10-27 15:30:00-04:00,1,171.1999969482422,177.6927947998047,0.03692522177161861,cross,2.352810289142764,0.06985985354592605,-0.003796693388264938,3.0,ARM,True,0.028093554042464164,9.0,0.6379979508179425,0.15807329757286204
2025-11-17 10:30:00-05:00,2025-11-20 13:30:00-05:00,1,143.31129455566406,136.8000030517578,-0.04643460111845665,cross,2.4626235499565996,0.0013167520740149374,-0.07027561291471118,3.125,ARM,True,-0.027849411780409894,9.0,0.40874919673210375,-0.4045875452180111
2025-12-09 10:30:00-05:00,2025-12-11 13:30:00-05:00,1,140.6999969482422,135.27000427246094,-0.03959269931454745,cross,1.4864860261535742,0.01492541683769999,-0.05407250798863239,2.125,ARM,True,-0.04459121268657196,10.0,0.33725964608187775,-0.39604649984253804
2026-02-24 13:30:00-05:00,2026-02-27 13:30:00-05:00,1,128.89999389648438,127.0199966430664,-0.01558492895606911,cross,1.9305094229576625,0.04150509198481456,-0.02093088087845174,3.0,ARM,True,-0.010869060392382668,10.0,0.539109424994926,-0.15724515052237464
2026-04-16 14:30:00-04:00,2026-04-20 12:30:00-04:00,1,161.18499755859375,170.16000366210938,0.05468139863794119,cross,2.5926178227624503,0.06759316584969643,0.0,3.9166666666666665,ARM,True,0.04344963886562214,7.0,0.8314274233142467,0.18573367502507332
2026-04-23 12:30:00-04:00,2026-04-27 12:30:00-04:00,1,208.5800018310547,214.3699951171875,0.026759100754167986,cross,4.302001128261662,0.13951476934158302,-0.04060792571841876,4.0,ARM,True,0.02236782593967812,7.0,0.7497366100822817,0.061604036619613334
2026-05-01 09:30:00-04:00,2026-05-05 15:30:00-04:00,1,208.0,208.8800048828125,0.003230792705829378,earnings,4.159158287180815,0.04000003521259021,-0.04639420142540562,4.25,ARM,True,-0.0015802585290060059,7.0,0.8609226593762096,-0.0641009557510187
2026-05-06 15:30:00-04:00,2026-05-07 15:30:00-04:00,1,238.7364044189453,210.85000610351562,-0.1178083199682165,cross,5.426562318921678,0.0017738913035545423,-0.11940536995514905,1.0,ARM,True,-0.11324338749238894,7.0,0.954317393319856,-0.4531952833067816
2026-05-20 14:30:00-04:00,2026-05-26 12:30:00-04:00,1,253.57000732421875,320.07501220703125,0.2612747287212801,cross,6.761935544028448,0.2813029321762883,-0.007689810857695933,5.916666666666667,ARM,True,0.24829054312123267,7.0,1.1602826849213221,0.9464973283833442
2026-05-29 12:30:00-04:00,2026-06-01 12:30:00-04:00,1,351.5050048828125,413.5,0.1753701633149033,cross,9.044574934194156,0.19966972029106156,-0.005710569332692983,3.0,ARM,True,0.17534370904803975,7.0,1.1466262551181814,0.6140147522204733
2026-06-08 10:30:00-04:00,2026-06-10 15:30:00-04:00,1,351.3900146484375,306.8800048828125,-0.12766839668212215,cross,12.398761156076972,0.03688207096050955,-0.15085804250488177,2.2083333333333335,ARM,True,-0.10551170772013496,4.0,1.2316720629396867,-0.4301016145268698
2026-07-22 14:30:00-04:00,2026-07-23 14:30:00-04:00,1,285.0299987792969,279.2330017089844,-0.0213381998215606,cross,5.523800446300031,0.005157356162504678,-0.03599624534107193,1.0,ARM,True,-0.006541726453141439,2.0,0.737357952361986,-0.13931451107114745
2026-09-14 10:30:00-04:00,2026-09-21 12:30:00-04:00,1,247.30499267578125,318.9649963378906,0.28876367556014604,cross,5.7818312357513975,0.296374984729179,-0.03749495600152519,7.083333333333333,ARM,True,0.2716121393837311,2.0,0.6274520631097984,2.0378542057246327
2024-10-09 15:30:00-04:00,2024-10-14 12:30:00-04:00,1,185.16029357910156,181.27999877929688,-0.02195640876777394,cross,1.880076766436196,0.006236266102113142,-0.04191125177332877,4.875,AVGO,False,-0.03411147537558312,9.0,0.3306903729447545,-0.2875509833858323
2024-11-04 10:30:00-05:00,2024-11-06 10:30:00-05:00,1,171.67999267578125,178.97000122070312,0.04146277292595835,cross,1.8572872690088524,0.04921892914723913,-0.01898878521618097,2.0,AVGO,False,0.012219157964328153,8.0,0.3497912826699836,0.3952531746900647
2024-11-06 14:30:00-05:00,2024-11-13 13:30:00-05:00,1,179.1699981689453,174.4250030517578,-0.027483201237259003,cross,1.9630968359474494,0.03265058973768298,-0.036669041315916195,6.958333333333333,AVGO,False,-0.04141132542720194,8.0,0.35384482658283356,-0.3489475155562717
2024-11-18 10:30:00-05:00,2024-11-20 15:30:00-05:00,1,165.30499267578125,161.72999572753906,-0.022626672554615257,cross,1.8060676145946872,0.006548527391329939,-0.02688964194897492,2.2083333333333335,AVGO,False,-0.024516427497478843,8.0,0.3607607795262366,-0.24568892300742717
2024-11-21 11:30:00-05:00,2024-11-22 11:30:00-05:00,1,165.75999450683594,162.75999450683594,-0.019098456198225033,cross,2.0636422733886968,0.001387614587056607,-0.02027027462415243,1.0,AVGO,False,-0.0221689029704204,8.0,0.34474948925338084,-0.20825475427945705
2025-02-05 12:30:00-05:00,2025-02-10 12:30:00-05:00,1,235.89999389648438,233.39999389648438,-0.01159771116864472,cross,3.5728070936123215,0.008604948194501638,-0.049978777410678465,5.0,AVGO,False,-0.01350646538285627,6.0,0.7234512848670636,-0.14365773274372562
2025-02-13 09:30:00-05:00,2025-02-14 09:30:00-05:00,1,236.09500122070312,234.7899932861328,-0.00652746956870287,cross,2.4593791067077233,0.003621405464403704,-0.022734073552151957,1.0,AVGO,False,-0.015560063118653322,6.0,0.7306694375629711,-0.06874151476000911
2025-02-14 10:30:00-05:00,2025-02-21 12:30:00-05:00,1,234.0399932861328,220.63999938964844,-0.058255145619927395,cross,2.8712060590255293,0.007135589965996392,-0.05994701410773018,7.083333333333333,AVGO,False,-0.05090560212337625,6.0,0.7322799595519672,-0.3822724634464435
2025-05-01 13:30:00-04:00,2025-05-05 12:30:00-04:00,1,199.75999450683594,201.97000122070312,0.010063309845012802,cross,2.5495630872986856,0.029635554323879987,-0.01341606302301701,3.9583333333333335,AVGO,False,0.0023140681770975613,9.0,0.9398102643943118,-0.034272324517100494
2025-06-26 09:30:00-04:00,2025-06-30 12:30:00-04:00,1,264.8399963378906,275.67999267578125,0.03993035979377002,cross,2.576003963864763,0.04857646281629413,-0.0026997294509036873,4.125,AVGO,False,0.028025402214401862,9.0,0.3432519486494872,0.3640278583516965
2026-02-17 10:30:00-05:00,2026-02-23 12:30:00-05:00,1,324.2850036621094,331.6600036621094,0.021742340585333975,cross,4.5784997000526415,0.04879960994416521,-0.004455979486872597,6.083333333333333,AVGO,True,0.01529054455248835,8.0,0.45066233914916265,0.0803488576551381
2024-05-17 12:30:00-04:00,2024-05-20 12:30:00-04:00,1,209.0500030517578,214.27000427246094,0.02397010832097768,cross,4.296873221490615,0.033341311260241646,-0.02549630113966106,3.0,COIN,False,0.019750903189293623,4.0,0.8713508378000598,0.04343054857011652
2024-06-05 13:30:00-04:00,2024-06-14 10:30:00-04:00,1,248.11000061035156,244.7100067138672,-0.014703574576278133,cross,5.208381116048648,0.06323765906769419,-0.05642658484365781,8.875,COIN,False,-0.030002177457406076,4.0,0.7743173093892993,-0.2079855850063368
2024-07-05 15:30:00-04:00,2024-07-10 14:30:00-04:00,1,224.9705047607422,217.8699951171875,-0.03256195809360041,cross,4.097918123307281,0.006567497760224805,-0.043719110042298115,4.958333333333333,COIN,False,-0.04197844942250095,4.0,0.5381721707890239,-0.2833893284603871
2024-08-05 10:30:00-04:00,2024-08-19 12:30:00-04:00,1,184.32000732421875,200.9199981689453,0.08906071063966048,cross,7.7833524782796815,0.12570528020970229,-0.037597697803800734,14.083333333333334,COIN,False,0.007449845442978664,4.0,0.8284947337003801,0.2365346400430024
2024-09-19 13:30:00-04:00,2024-09-23 12:30:00-04:00,1,171.23570251464844,170.0269012451172,-0.008059282916936361,cross,3.8383487826881715,0.01361277828228813,-0.034079975918952066,3.9583333333333335,COIN,False,-0.002961875135413905,4.0,0.6119321916382076,-0.11759498673317881
2024-09-26 14:30:00-04:00,2024-10-02 13:30:00-04:00,1,179.30999755859375,166.35000610351562,-0.0732770154009017,cross,3.3322754973767172,0.07328090774946694,-0.10769057956338302,5.958333333333333,COIN,False,-0.06618420124832824,4.0,0.6025751177900373,-0.4781243909279611
2024-10-11 15:30:00-04:00,2024-10-14 15:30:00-04:00,1,176.50999450683594,195.83999633789062,0.10851222272179084,cross,2.9254619882049955,0.11325140850531201,-0.004702293676761449,3.0,COIN,False,0.10079737382367082,4.0,0.6313327251204818,0.6393414628562037
2024-11-07 12:30:00-05:00,2024-11-11 12:30:00-05:00,1,257.30169677734375,324.3999938964844,0.2597767378122041,cross,6.777503780954021,0.27783847779846016,-0.017651272134586726,4.0,COIN,False,0.25374531077336726,3.0,1.4164464761066338,0.7903782635449865
2024-12-05 13:30:00-05:00,2024-12-11 09:30:00-05:00,1,329.7699890136719,311.8500061035156,-0.05534085425345758,cross,8.33113008498515,0.06058771765765436,-0.09476301980500845,5.833333333333333,COIN,False,-0.05280515971224087,3.0,1.086050435886818,-0.2922754683312777
2024-12-11 10:30:00-05:00,2024-12-12 14:30:00-05:00,1,319.15008544921875,309.760009765625,-0.03042213119064896,cross,8.113698793463065,0.013629683177613927,-0.032273178866523033,1.1666666666666667,COIN,False,-0.02775133996849788,3.0,0.9380023374922597,-0.1594614347348403
2025-03-05 15:30:00-05:00,2025-03-10 14:30:00-04:00,1,222.66000366210938,182.67511637219957,-0.180578220750358,stop,6.6641478816516315,0.017695151246764906,-0.2014730974244815,4.916666666666667,COIN,False,-0.13901004873089784,3.0,0.7016154648742366,-0.7700285595428398
2025-04-24 10:30:00-04:00,2025-04-28 12:30:00-04:00,1,198.64700317382812,199.60000610351562,0.003797469453156289,cross,4.1603913019348,0.06530675890442317,-0.001495099677152445,4.083333333333333,COIN,False,-0.003210717045199928,3.0,0.89704197718029,-0.060483533757158314
2025-05-01 13:30:00-04:00,2025-05-08 09:30:00-04:00,1,206.41000366210938,205.32000732421875,-0.006280734065946424,cross,3.313732234208543,0.01254782370979668,-0.06332060991391775,6.833333333333333,COIN,False,-0.013210483451571942,3.0,0.8353763064052866,-0.1399453987936503
2025-06-26 12:30:00-04:00,2025-06-30 12:30:00-04:00,1,372.4599914550781,353.1549987792969,-0.05283105063274851,cross,8.590430145981278,0.025613512226245305,-0.06926915208309148,4.0,COIN,False,-0.061572195839665556,5.0,0.8433722822406741,-0.29487370964938675
2025-07-10 11:30:00-04:00,2025-07-14 12:30:00-04:00,1,380.1589050292969,393.25140380859375,0.03343954253363568,cross,6.429253688008388,0.04824586436897915,-0.00830919237922112,4.041666666666667,COIN,True,0.03607738682725081,4.0,0.8833831877817211,0.07158636717198053
2025-07-16 15:30:00-04:00,2025-07-21 12:30:00-04:00,1,403.45001220703125,426.23779296875,0.055482290425672764,cross,6.761750333023572,0.10210676802632324,-0.02262982923923529,4.875,COIN,True,0.044851353912443215,4.0,0.8350656755438167,0.1768502270725587
2025-08-04 10:30:00-04:00,2025-08-11 12:30:00-04:00,1,323.20001220703125,331.07000732421875,0.023350231497349827,cross,8.993324764082011,0.032363833725284064,-0.09248119420415313,7.083333333333333,COIN,True,0.008844574973988828,4.0,0.7064863775590399,0.01198748490618673
2025-08-18 10:30:00-04:00,2025-08-20 14:30:00-04:00,1,312.8800048828125,299.8699951171875,-0.04258146753576608,cross,5.156863161118675,0.03646766646651933,-0.0684607935740641,2.1666666666666665,COIN,True,-0.031448500710171357,4.0,0.6761545454055604,-0.2639598322542357
2025-08-22 14:30:00-04:00,2025-08-29 14:30:00-04:00,1,321.25,304.9200134277344,-0.05183264302650781,cross,5.101445589518649,0.0023346303501945442,-0.06495717564445525,7.0,COIN,True,-0.050012198386379714,4.0,0.7513066818079337,-0.3494625555079607
2025-09-02 10:30:00-04:00,2025-09-05 12:30:00-04:00,1,308.2099914550781,294.92498779296875,-0.04410374105456494,cross,4.0829276240961825,0.024366535718617577,-0.050777049188443946,3.0833333333333335,COIN,True,-0.053940284814466,2.0,0.4716110498297519,-0.3538712592599016
2025-09-18 13:30:00-04:00,2025-09-24 15:30:00-04:00,1,346.4700012207031,322.36871337890625,-0.07056240874211861,cross,5.608236578032974,0.015643528757578684,-0.08303746042170401,6.083333333333333,COIN,True,-0.06677839840335287,2.0,0.4640064344722423,-0.5436453737287343
2025-10-02 13:30:00-04:00,2025-10-06 12:30:00-04:00,1,368.5,386.9800109863281,0.049149283544988154,cross,5.8297200850411235,0.06529171657691646,-0.004192709437542352,3.9583333333333335,COIN,True,0.04418300439326284,1.0,0.5620580562793368,0.26202233376008865
2025-10-24 13:30:00-04:00,2025-10-27 13:30:00-04:00,1,350.07000732421875,368.05999755859375,0.05038969308419927,cross,6.459450869915391,0.05758849155974133,-0.003056552409037905,3.0,COIN,True,0.04244339918231399,1.0,0.67617168945269,0.22606733268431878
2025-11-26 12:30:00-05:00,2025-12-02 10:30:00-05:00,1,259.1899108886719,268.6000061035156,0.035305792855052975,cross,4.911634926183476,0.07974876179408419,-0.02696831028825042,5.916666666666667,COIN,True,0.03435119419477173,1.0,0.7464947654177284,0.0834106088237827
2026-01-20 10:30:00-05:00,2026-01-23 13:30:00-05:00,1,232.03250122070312,219.252197265625,-0.05607980083756392,cross,4.403843884571144,0.0068416876434667095,-0.06715655863072079,3.125,COIN,True,-0.06352299311245935,5.0,0.522230138102816,-0.39728840454557257
2026-02-25 12:30:00-05:00,2026-03-02 12:30:00-05:00,1,183.5500030517578,182.80499267578125,-0.005058896015199154,cross,4.094837507146812,0.015254715364773075,-0.06396080249507596,5.0,COIN,True,0.002874960173381514,7.0,1.1931374553915164,-0.10967864880898637
2026-03-05 12:30:00-05:00,2026-03-10 10:30:00-04:00,1,205.69000244140625,196.2469024658203,-0.046909377526872964,cross,4.811496231088011,0.003986543126534681,-0.06349700669876335,4.875,COIN,True,-0.04562716340377104,4.0,1.2594947210146656,-0.23702268785536618
2026-03-10 13:30:00-04:00,2026-03-11 13:30:00-04:00,1,199.69000244140625,198.63900756835938,-0.0062631321558287425,cross,4.501737441272596,0.01707648665641104,-0.0359056441548653,1.0,COIN,True,0.0036600720840175302,4.0,1.0808979196566817,-0.06106741166905405
2026-04-15 15:30:00-04:00,2026-04-20 12:30:00-04:00,1,193.71499633789062,205.6999969482422,0.06086924521551518,cross,3.52121555260799,0.11529773287859313,-0.026920973783538527,4.875,COIN,True,0.049919198314021807,3.0,0.6947518738778777,0.25902621918888635
2026-05-01 11:30:00-04:00,2026-05-04 12:30:00-04:00,1,193.00999450683594,204.7830047607422,0.0599968944042909,cross,3.475794545311977,0.07098084346376177,-0.012020061817822225,3.0416666666666665,COIN,True,0.06877566563958237,4.0,0.6053309843826714,0.3224485043636123
2026-06-08 10:30:00-04:00,2026-06-09 14:30:00-04:00,1,159.72500610351562,154.52639770507812,-0.0335472418205347,cross,3.5553807045405494,0.03290023116742136,-0.06151204777956809,1.1666666666666667,COIN,True,-0.023687849411521245,5.0,0.7345515888752526,-0.19810535448904876
2026-06-12 11:30:00-04:00,2026-06-15 12:30:00-04:00,1,163.09500122070312,173.99009704589844,0.06580214441674925,cross,3.4906664353092234,0.06956069245403085,-0.028786948030769977,3.0416666666666665,COIN,True,0.04924655453174209,5.0,0.6490824838849643,0.3347109086784328
2026-07-20 10:30:00-04:00,2026-07-21 10:30:00-04:00,1,157.74000549316406,180.32000732421875,0.14214695730141347,cross,3.3440758283222323,0.14460502576552958,-0.006403003236035598,1.0,COIN,True,0.14059138710369934,5.0,0.5984008724461469,0.9532369013853308
2026-08-14 09:30:00-04:00,2026-08-17 12:30:00-04:00,1,151.39999389648438,150.61500549316406,-0.0061848641675443785,cross,2.2545710312991716,0.007793976103969369,-0.027410793023689428,3.125,COIN,True,-0.002023240711052864,6.0,0.7239897117805862,-0.0932047660093841
2026-08-18 10:30:00-04:00,2026-08-19 10:30:00-04:00,1,150.0800018310547,154.86000061035156,0.030849671648310095,cross,2.217976222214872,0.03744666210434855,-0.026919033153195993,1.0,COIN,True,0.02910637726501497,6.0,0.6257504310313403,0.14738310272548416
2026-08-27 14:30:00-04:00,2026-08-28 14:30:00-04:00,1,189.197998046875,176.47999572753906,-0.06822059667980718,cross,3.8233880076567024,0.012537179578169022,-0.06944048364098565,1.0,COIN,True,-0.0676747886221224,6.0,0.791841636838646,-0.3293436681147718
2026-08-31 10:30:00-04:00,2026-09-01 13:30:00-04:00,1,179.0500030517578,177.47500610351562,-0.009796408385354227,cross,3.574634985959448,0.060862327375630576,-0.01100251989458867,1.125,COIN,True,-0.005606213716974118,6.0,0.7348976834198497,-0.08601500814904184
2026-09-03 14:30:00-04:00,2026-09-10 09:30:00-04:00,1,191.5500030517578,170.46653481173416,-0.11106769983880804,stop,3.5139113733372747,0.008561729906134685,-0.1104672582876014,6.791666666666667,COIN,True,-0.0907397379839382,8.0,0.8287670476543362,-0.5423488255501767
2026-09-18 13:30:00-04:00,2026-09-21 13:30:00-04:00,1,195.0,202.55999755859375,0.037769218249198766,cross,4.278645829490674,0.0683589837489984,-0.011948727338741971,3.0,COIN,True,0.020104102125640178,8.0,0.9922416638249656,0.08761118573451121
2024-05-15 15:30:00-04:00,2024-05-20 12:30:00-04:00,1,18.479999542236328,20.5,0.10830738678574792,cross,0.38193033237834667,0.12770566389667626,-0.033549726582392414,4.875,HOOD,False,0.10501849107736005,6.0,0.5628237162911641,0.7051167294954885
2024-06-06 14:30:00-04:00,2024-06-10 12:30:00-04:00,1,22.975000381469727,23.040000915527344,0.0018291853309410086,cross,0.4802224358909137,0.031120789585038056,-0.039821536925314205,3.9166666666666665,HOOD,False,-0.0004569022682575632,6.0,0.7725245040181504,-0.0640621034144433
2024-06-12 14:30:00-04:00,2024-06-13 14:30:00-04:00,1,24.18000030517578,23.17009925842285,-0.04276596501269514,cross,0.4070034382281362,0.004135665020993384,-0.052109189949519186,1.0,HOOD,False,-0.041641961716488596,6.0,0.7163816146832056,-0.2413703832908044
2024-08-05 10:30:00-04:00,2024-08-07 15:30:00-04:00,1,15.0,17.049999237060547,0.13566661580403638,earnings,0.6404691518211608,0.17599995930989576,0.0,2.2083333333333335,HOOD,False,0.12346681756295308,7.0,0.6758883729154245,0.7847103897736092
2024-08-15 12:30:00-04:00,2024-08-19 12:30:00-04:00,1,19.934999465942383,19.860000610351562,-0.004762169932281734,cross,0.3101560920145145,0.012289984740253779,-0.026837214032843115,4.0,HOOD,False,-0.012344786588368573,7.0,0.6722922419626435,-0.09794820796988979
2024-09-11 12:30:00-04:00,2024-09-16 12:30:00-04:00,1,20.31999969482422,22.350000381469727,0.09890161009513088,cross,0.32125736777107977,0.10433075152916427,-0.00514758861192699,5.0,HOOD,False,0.07214518082643517,7.0,0.4815272985905945,0.7512272218683615
2024-09-27 14:30:00-04:00,2024-09-30 14:30:00-04:00,1,23.65999984741211,23.225000381469727,-0.019385438239551078,cross,0.289490692930453,0.019864721740727287,-0.024513944524369613,3.0,HOOD,False,-0.016024075743350963,7.0,0.43138623527018966,-0.2046676210706272
2024-10-10 12:30:00-04:00,2024-10-14 12:30:00-04:00,1,25.701099395751953,26.75,0.03981150724709537,cross,0.4467538817426262,0.055985931642065,-0.014049953179191554,4.0,HOOD,False,0.028463051875346923,7.0,0.48165966778393393,0.23850815745708198
2024-10-22 12:30:00-04:00,2024-10-23 14:30:00-04:00,1,27.104999542236328,26.43000030517578,-0.025903126672580434,cross,0.31522480516618495,0.018262344497075755,-0.030437147003277598,1.0833333333333333,HOOD,False,-0.01515986502673794,7.0,0.5030838831130079,-0.20577935629384125
2024-11-04 10:30:00-05:00,2024-11-06 10:30:00-05:00,1,24.459999084472656,28.25,0.15394689523243932,cross,0.5422336334898573,0.16013907893928336,-0.022894500691043485,2.0,HOOD,False,0.12470328027080912,6.0,0.7604425117568794,0.8080526816912252
2024-11-07 12:30:00-05:00,2024-11-11 12:30:00-05:00,1,29.91990089416504,33.7400016784668,0.12667758816496455,cross,0.6287022699450032,0.14405457636097463,-0.023726743353980395,4.0,HOOD,False,0.1206461611261277,6.0,0.9746106673812972,0.475410155118245
2024-11-22 12:30:00-05:00,2024-11-25 12:30:00-05:00,1,36.44499969482422,37.77989959716797,0.03562779293515328,cross,0.7847202519995541,0.09041026234692273,-0.007271213935174492,3.0,HOOD,False,0.0349058562880914,6.0,1.0412237756572933,0.07270556775315384
2024-12-06 13:30:00-05:00,2024-12-09 13:30:00-05:00,1,41.01499938964844,40.09000015258789,-0.023552706347083396,cross,0.8242821583302795,0.026209942190338564,-0.04327679477253932,3.0,HOOD,False,-0.019696158562116595,6.0,0.5579275531938072,-0.20172251717964984
2024-12-13 09:30:00-05:00,2024-12-16 12:30:00-05:00,1,39.349998474121094,43.224998474121094,0.097475226181989,cross,0.7773769626190822,0.09885650203783358,-0.00991103951134642,3.125,HOOD,False,0.09656825426440008,6.0,0.5968228885869188,0.5957709917777838
2025-01-15 15:30:00-05:00,2025-01-21 12:30:00-05:00,1,45.845001220703125,49.77199935913086,0.08465815320895531,cross,0.9896558975950408,0.09194023427540965,-0.012978540841098951,5.875,HOOD,False,0.07135127995817225,5.0,0.7850046598649811,0.33896536919524545
2025-01-24 12:30:00-05:00,2025-01-27 12:30:00-05:00,1,51.83869934082031,47.33417125081944,-0.08789508315757044,stop,0.7507546816668124,0.0011825563881446843,-0.09990025905858801,3.0,HOOD,False,-0.06856013076634537,5.0,0.5796443011069722,-0.5171037930699464
2025-02-14 11:30:00-05:00,2025-02-18 12:30:00-05:00,1,64.6500015258789,62.47999954223633,-0.034565381785396254,cross,1.5856090967045475,0.013302406652029308,-0.04470229135553627,4.041666666666667,HOOD,False,-0.03461490950110602,5.0,0.6813892730288301,-0.24806919255328308
2025-03-31 10:30:00-04:00,2025-04-03 15:30:00-04:00,1,40.290000915527344,38.03499984741211,-0.05696924837115558,cross,1.1244085012267129,0.08211957035280593,-0.07073721082294637,3.2083333333333335,HOOD,False,-0.03784449175377502,5.0,1.1103088355618391,-0.25931787620069324
2025-04-07 10:30:00-04:00,2025-04-14 12:30:00-04:00,1,33.415000915527344,43.025001525878906,0.2865954016773936,cross,1.8924610202240988,0.34929817106876127,-0.016010768599545533,7.083333333333333,HOOD,False,0.2103192824984076,4.0,0.9546351601336562,1.2891354375355522
2025-04-24 09:30:00-04:00,2025-04-28 12:30:00-04:00,1,45.09000015258789,48.06999969482422,0.06509003176207118,cross,1.0689136726520747,0.1326236310046478,-0.0024395788418565267,4.125,HOOD,False,0.04773444830471696,4.0,1.1967034266375356,0.1469864622303252
2025-05-16 13:30:00-04:00,2025-05-19 13:30:00-04:00,1,61.54999923706055,63.31999969482422,0.02775711583596452,cross,1.0306747462214356,0.03151913022670083,-0.030380175027361345,3.0,HOOD,False,0.02436812603936367,4.0,0.6239270551316273,0.10561238848063836
2025-06-05 09:30:00-04:00,2025-06-16 12:30:00-04:00,1,73.55000305175781,76.02999877929688,0.032718499315273486,cross,0.9673299798386676,0.05778381813266864,-0.06784507527011996,11.125,HOOD,False,0.023699516659785202,3.0,0.5294100142305167,0.07161437872073573
2025-06-25 09:30:00-04:00,2025-06-30 12:30:00-04:00,1,84.96499633789062,91.88999938964844,0.08050418819790572,cross,1.3349819853546003,0.08691817165343751,-0.03607361789109931,5.125,HOOD,False,0.06680147322720853,3.0,0.4912127726496939,0.5665057217448295
2025-07-10 09:30:00-04:00,2025-07-14 12:30:00-04:00,1,95.9000015258789,100.2750015258789,0.044620437230331045,cross,1.6740045479793721,0.06246087349803764,-0.0245964833981116,4.125,HOOD,True,0.045245200377635575,3.0,0.6773561752959579,0.17799704017187312
2025-07-16 15:30:00-04:00,2025-07-21 12:30:00-04:00,1,104.19999694824219,107.30000305175781,0.028750539292774158,cross,1.7730651616278548,0.08866894298909145,-0.014203414307912166,4.875,HOOD,True,0.018119602779544608,3.0,0.6504865701177481,0.08250433529409595
2025-08-04 10:30:00-04:00,2025-08-05 10:30:00-04:00,1,102.91000366210938,106.56999969482422,0.0345650170291697,cross,2.730572859584062,0.04265862630869588,-0.007579500349183199,1.0,HOOD,True,0.03384209062307775,2.0,0.49827387322037386,0.22044621702395895
2025-08-06 15:30:00-04:00,2025-08-11 12:30:00-04:00,1,105.0,116.9000015258789,0.11233334786551341,cross,1.8958737133797199,0.1178237915039062,-0.0006666637602306125,4.875,HOOD,True,0.1035973592138234,2.0,0.47760434027604615,0.8880696797207199
2025-08-25 09:30:00-04:00,2025-08-27 12:30:00-04:00,1,108.64209747314453,104.4395980834961,-0.03968205315795992,cross,2.023903036671091,0.01111816716604852,-0.04070334019033928,2.125,HOOD,True,-0.04269438566715478,2.0,0.5302734920194151,-0.29165519936024054
2025-09-02 10:30:00-04:00,2025-09-08 12:30:00-04:00,1,100.25499725341797,116.69999694824219,0.1630317205660644,cross,1.5810444138551327,0.1648267361448541,-0.045818147282666866,6.083333333333333,HOOD,True,0.14867564503156416,4.0,0.4775310323630832,1.3875876247620011
2025-09-11 13:30:00-04:00,2025-09-12 13:30:00-04:00,1,120.62000274658203,115.05999755859375,-0.0470952168909301,cross,2.044391569057468,0.0020726247248163965,-0.0544685752381181,1.0,HOOD,True,-0.04859417120821197,4.0,0.6962001661225707,-0.2657295875701938
2025-10-02 11:30:00-04:00,2025-10-06 12:30:00-04:00,1,142.94000244140625,148.94509887695312,0.0410113077723534,cross,2.3777408901739747,0.07618580665767416,-0.00870991392138698,4.041666666666667,HOOD,True,0.0347487137923056,4.0,0.7523853069471534,0.13566128085141949
2025-10-08 15:30:00-04:00,2025-10-10 15:30:00-04:00,1,150.8000030517578,140.78500366210938,-0.06741246145208013,cross,2.01930108864149,0.018300326758663887,-0.06757295911929673,2.0,HOOD,True,-0.042326630907200125,4.0,0.560135204314535,-0.42248301371787955
2025-11-26 14:30:00-05:00,2025-12-02 10:30:00-05:00,1,128.16319274902344,126.6500015258789,-0.012806753488950218,cross,2.7469272600765264,0.013941633014072696,-0.07258864217661876,5.833333333333333,HOOD,True,-0.013305875478629048,4.0,0.9434105209479089,-0.15154090053559088
2026-01-20 10:30:00-05:00,2026-01-28 13:30:00-05:00,1,107.11000061035156,104.53500366210938,-0.025040677187647464,cross,1.7860246386391245,0.030996169133653773,-0.0326766873313018,8.125,HOOD,True,-0.04157938883840551,2.0,0.47727689580555765,-0.2963252751493557
2026-03-04 14:30:00-05:00,2026-03-06 14:30:00-05:00,1,82.02999877929688,78.18000030517578,-0.047934030615794376,cross,1.7809435690778133,0.03303668322321873,-0.06887725966058267,2.0,HOOD,True,-0.030893771288600713,2.0,1.0063094156324803,-0.22621531801950057
2026-04-16 13:30:00-04:00,2026-04-20 12:30:00-04:00,1,86.22000122070312,90.25,0.04574088056413983,cross,1.814360428147912,0.08234746431917528,-0.006958924444749659,3.9583333333333335,HOOD,True,0.03583677802451557,4.0,0.7276521269318974,0.16958057392050452
2026-05-14 15:30:00-04:00,2026-05-15 15:30:00-04:00,1,80.69999694824219,77.2300033569336,-0.043998683054896626,cross,1.3719518494379204,0.007682810037523025,-0.05315977011602924,1.0,HOOD,True,-0.0333848419416235,3.0,0.7024822957242439,-0.25011119526305325
2026-05-18 10:30:00-04:00,2026-05-22 11:30:00-04:00,1,78.75499725341797,74.36499786376953,-0.05674248673417248,cross,1.5142912835718447,0.0013332913541437286,-0.07078911996280002,4.041666666666667,HOOD,True,-0.06810169987429926,3.0,0.6921122169324367,-0.3473875798941708
2026-07-01 14:30:00-04:00,2026-07-02 14:30:00-04:00,1,108.05500030517578,112.67400360107422,0.04174677972193008,cross,2.0884813677982543,0.11100830792378868,-0.00458102582188713,1.0,HOOD,True,0.04766272859464271,6.0,0.7764857136956386,0.1697298112788712
2026-07-02 15:30:00-04:00,2026-07-06 15:30:00-04:00,1,112.33999633789062,118.46949768066406,0.05356205752702203,cross,2.539339720233418,0.05616882137871326,-0.00827837552160915,4.0,HOOD,True,0.04017196392865874,6.0,0.7326894976786591,0.21104527042304144
2026-07-20 10:30:00-04:00,2026-07-24 11:30:00-04:00,1,100.79499816894531,95.08999633789062,-0.05760004895771087,cross,2.6978207122100137,0.07356516742129271,-0.0770375468099449,4.041666666666667,HOOD,True,-0.053456199844336805,6.0,0.6782826839120607,-0.35534816154811844
2026-08-07 10:30:00-04:00,2026-08-10 12:30:00-04:00,1,95.55000305175781,94.12999725341797,-0.015861389356216504,cross,1.6779958875815029,0.002093112944578923,-0.032967047883531775,3.0833333333333335,HOOD,True,-0.016133030387764036,7.0,0.6173235328170127,-0.15002080084818414
2026-08-13 12:30:00-04:00,2026-08-20 10:30:00-04:00,1,98.44999694824219,94.83000183105469,-0.03776988551955596,cross,1.4571789143824074,0.032097549619739096,-0.0712036030892036,6.916666666666667,HOOD,True,-0.024479898719702575,7.0,0.5628456209172498,-0.33071164291889854
2026-08-27 11:30:00-04:00,2026-08-28 13:30:00-04:00,1,111.23999786376953,105.44000244140625,-0.05313947800921637,cross,2.219309919342638,0.007461361443670267,-0.05384751868752469,1.0833333333333333,HOOD,True,-0.05123119341238669,7.0,0.7094927065281641,-0.29026759934797786
2026-09-03 14:30:00-04:00,2026-09-08 12:30:00-04:00,1,123.86499786376953,120.84500122070312,-0.025381356276192646,cross,2.506435749863901,0.01013930628528703,-0.03265650699315492,4.916666666666667,HOOD,True,-0.016775321552777944,6.0,0.9109170241962791,-0.19043801240956204
2026-09-18 11:30:00-04:00,2026-09-21 12:30:00-04:00,1,118.61499786376953,124.55999755859375,0.04912013490614486,cross,2.54320202674794,0.06571686497261076,-0.004931914977096996,3.0416666666666665,HOOD,True,0.03350102282285883,6.0,0.9891181255419723,0.13491453492860406
2024-05-15 15:30:00-04:00,2024-05-20 12:30:00-04:00,1,145.75999450683594,166.0989990234375,0.13853763229352822,cross,3.1117064082649444,0.14217881823312295,-0.015196188401247146,4.875,MSTR,False,0.13524873658514036,2.0,1.1671517774987685,0.42847274306409844
2024-06-05 14:30:00-04:00,2024-06-13 15:30:00-04:00,1,168.60000610351562,147.33299255371094,-0.1271388658357897,cross,3.8471680568656565,0.028883547206763893,-0.13207006372309005,8.041666666666666,MSTR,False,-0.14404643616768542,1.0,0.983451572871299,-0.5601357451170055
2024-08-05 10:30:00-04:00,2024-08-13 09:30:00-04:00,1,123.36800384521484,132.0,0.06896948873076847,cross,6.87238709711431,0.15183841575164925,-0.001333387672339037,7.958333333333333,MSTR,False,0.026677898245404008,1.0,1.0488155281871163,0.14014850857331274
2024-09-10 15:30:00-04:00,2024-09-16 12:30:00-04:00,1,127.44000244140625,135.95449829101562,0.06581179917211732,cross,2.651631120376291,0.12209665144778903,-0.048179529755356554,5.875,MSTR,False,0.04277855543901754,1.0,0.8074491525181681,0.22671771694883724
2024-10-11 13:30:00-04:00,2024-10-14 13:30:00-04:00,1,205.79649353027344,207.72999572753906,0.008395214486398461,cross,5.7221372605850505,0.10376027307321323,-0.0017322505488400752,3.0,MSTR,False,-8.703390516295872e-05,1.0,0.8734491037824157,-0.025961227847704382
2024-11-04 10:30:00-05:00,2024-11-06 10:30:00-05:00,1,230.03500366210938,245.5272979736328,0.06634755174164508,cross,7.81687711187059,0.13547941856144252,-0.04005910488051734,2.0,MSTR,False,0.03710393678001489,2.0,0.9536974765283734,0.23029448562848764
2024-11-06 13:30:00-05:00,2024-11-11 12:30:00-05:00,1,258.17999267578125,320.32000732421875,0.23968485712009457,cross,8.626232934591092,0.25764978471738087,-0.02122548564179705,4.958333333333333,MSTR,False,0.22514787512061651,2.0,1.0384368708147833,0.9647768531522622
2024-12-09 09:30:00-05:00,2024-12-16 12:30:00-05:00,1,394.2300109863281,432.9471130371094,0.09720942336154093,cross,11.777271281753153,0.09879991134939115,-0.09684707437121898,7.125,MSTR,False,0.09842713342983578,2.0,1.5611983054931318,0.14944985325080973
2025-01-13 10:30:00-05:00,2025-01-21 12:30:00-05:00,1,316.6549987792969,392.0815124511719,0.23719776716819185,cross,11.050066478845212,0.25880405942434725,-0.023195595360938737,8.083333333333334,MSTR,False,0.19292035939270502,2.0,1.1606629185955548,0.8135778697506826
2025-01-27 10:30:00-05:00,2025-02-05 15:30:00-05:00,1,347.25,339.19000244140625,-0.02421093609386249,earnings,9.879871238674966,0.025528250708693356,-0.11009327261631574,9.208333333333334,MSTR,False,-0.032107529602710905,2.0,0.9747840134175286,-0.24177907925798658
2025-02-14 14:30:00-05:00,2025-02-18 14:30:00-05:00,1,338.8500061035156,329.5450134277344,-0.02846050614778106,cross,6.299671633008152,0.008056604454999006,-0.03560573181078974,4.0,MSTR,False,-0.026936202822823163,2.0,0.5285570639679897,-0.2499322234746323
2025-03-05 13:30:00-05:00,2025-03-17 12:30:00-04:00,1,292.6499938964844,287.7300109863281,-0.01781183329153435,cross,12.929720942390157,0.09666840640676244,-0.20891850560323189,11.916666666666666,MSTR,False,0.008825127289072476,2.0,0.9636516637367869,-0.25900910458747173
2025-03-31 10:30:00-04:00,2025-04-04 09:30:00-04:00,1,284.8999938964844,285.0,-0.0006489782181183781,cross,8.520099422374845,0.12134084964838365,-0.031133714662030965,3.9583333333333335,MSTR,False,0.044515261387995775,2.0,1.199811803455834,-0.08067360418653269
2025-04-24 09:30:00-04:00,2025-04-28 12:30:00-04:00,1,345.0,359.54998779296875,0.04117387766077896,cross,7.374153308992203,0.08211590310801631,-0.00510112375452898,4.125,MSTR,False,0.02381829420342474,2.0,1.317268970819276,0.049032758093276785
2025-07-03 11:30:00-04:00,2025-07-07 15:30:00-04:00,1,407.5199890136719,399.29998779296875,-0.021170792702949748,cross,7.219787045169642,0.003055127768772703,-0.028194912014462004,4.166666666666667,MSTR,True,-0.011475087903395798,2.0,0.5216411264046467,-0.20929627547086838
2025-07-10 12:30:00-04:00,2025-07-14 12:30:00-04:00,1,416.0199890136719,445.110107421875,0.06892480932748424,cross,5.757214594609461,0.09715882528521003,-0.002331621667994499,4.0,MSTR,True,0.07164235042940315,2.0,0.5170057008313059,0.4486885541617469
2025-08-04 10:30:00-04:00,2025-08-11 12:30:00-04:00,1,385.20001220703125,410.2799987792969,0.06410899734547792,cross,8.434206526739732,0.07436338131585907,-0.03166927502690886,7.083333333333333,MSTR,True,0.049603340822116926,3.0,0.5643246317069914,0.33550132108998
2025-08-18 10:30:00-04:00,2025-08-20 09:30:00-04:00,1,363.3299865722656,327.6919514120008,-0.09908723881142278,stop,5.939672526710805,0.011573548138745116,-0.10395505576074848,1.9583333333333333,MSTR,True,-0.0928818696844157,3.0,0.5146325238690143,-0.5929261029810258
2025-08-22 13:30:00-04:00,2025-08-28 10:30:00-04:00,1,356.875,339.8599853515625,-0.04867779936514882,cross,6.528996832873209,0.006935218503721474,-0.049331029033493845,5.875,MSTR,True,-0.04841463455993711,3.0,0.6238447201855585,-0.3543067760110379
2025-09-02 10:30:00-04:00,2025-09-03 10:30:00-04:00,1,343.4200134277344,341.6199951171875,-0.006241448489214706,cross,4.5354140706040225,0.015083549220323178,-0.0140225164657799,1.0,MSTR,True,-0.010792192236153686,3.0,0.5259467912651419,-0.07548912765531146
2025-09-12 14:30:00-04:00,2025-09-24 15:30:00-04:00,1,332.95001220703125,324.8399963378906,-0.025358058482658152,cross,4.3536729104785605,0.07598734604411717,-0.03754317327439349,12.041666666666666,MSTR,True,-0.028858400406697737,3.0,0.46885248284497133,-0.3562351483394425
2025-10-02 13:30:00-04:00,2025-10-06 12:30:00-04:00,1,347.1499938964844,356.0199890136719,0.024550900974039558,cross,6.067416798940656,0.05185078587490155,-0.007921647841998891,3.9583333333333335,MSTR,True,0.01958462182231424,6.0,0.518693851529113,0.10315764798773697
2026-02-20 13:30:00-05:00,2026-03-02 12:30:00-05:00,1,131.72999572753906,137.54989624023438,0.043180526087109095,cross,3.087137138147523,0.06384273844131916,-0.10119179104226927,9.958333333333334,MSTR,True,0.0432679172959447,5.0,1.3001681293594003,-0.029018886719119896
2026-04-09 13:30:00-04:00,2026-04-13 12:30:00-04:00,1,130.82000732421875,130.43499755859375,-0.0039430495648177235,cross,2.8837707332390172,0.01116030708865301,-0.04418289317448576,3.9583333333333335,MSTR,True,-0.005530699485856937,2.0,0.5607701806447456,-0.09505308511371513
2026-04-16 11:30:00-04:00,2026-04-17 11:30:00-04:00,1,142.49000549316406,168.0800018310547,0.17859151765994075,cross,2.5654548538360693,0.21517226239461995,-0.0003860476696588844,1.0,MSTR,True,0.16452130193045222,2.0,0.5321091672466616,1.4063017923016936
2026-04-17 14:30:00-04:00,2026-04-20 14:30:00-04:00,1,163.86000061035156,169.84829711914062,0.03554520008839035,cross,4.183213177907333,0.03777616513090143,-0.019681472546704604,3.0,MSTR,True,0.03764433963207081,2.0,0.6611287609701415,0.14259486196864524
2026-04-23 12:30:00-04:00,2026-04-24 12:30:00-04:00,1,179.25,169.97999572753906,-0.05271550500675559,cross,4.019568184035754,0.0050203756973501434,-0.05712635247777198,1.0,MSTR,True,-0.05633433933007792,2.0,0.757514162204084,-0.2752856265895247
2026-05-01 11:30:00-04:00,2026-05-04 12:30:00-04:00,1,177.75,183.5399932861328,0.03157380189104264,cross,3.4391662458246555,0.04247540394800464,-0.016231231045622407,3.0416666666666665,MSTR,True,0.04035257312633411,1.0,0.7262205581278846,0.10333803182462442
2026-05-29 11:30:00-04:00,2026-06-02 09:30:00-04:00,1,158.41000366210938,138.9929549993684,-0.12357463678971803,stop,3.236174777123494,0.023041435591844683,-0.15339942232177484,3.9166666666666665,MSTR,True,-0.12386537256090369,1.0,0.6364301135828918,-0.6320814550994154
2026-06-08 10:30:00-04:00,2026-06-10 11:30:00-04:00,1,126.08999633789062,118.12870025634766,-0.0641397915200872,cross,3.8620169827728352,0.023078782985378687,-0.09425010231823716,2.0416666666666665,MSTR,True,-0.049391108567897524,2.0,0.7170317646140684,-0.34695273527760706
2026-06-12 15:30:00-04:00,2026-06-15 15:30:00-04:00,1,123.69999694824219,131.52000427246094,0.06221752236979239,cross,2.7954329488779743,0.10145516056082782,-0.002014542600825453,3.0,MSTR,True,0.04473728546700417,2.0,0.7116800302699163,0.2808755692031113
2026-08-27 13:30:00-04:00,2026-09-02 09:30:00-04:00,1,139.35000610351562,123.3499984741211,-0.1158188512995757,cross,3.058977745524018,0.0028704261138476905,-0.1130857989571683,5.833333333333333,MSTR,True,-0.10376833261740048,5.0,0.7972774801235862,-0.5566154893692731
2026-09-03 14:30:00-04:00,2026-09-08 12:30:00-04:00,1,141.0500030517578,137.42999267578125,-0.026664730929840674,cross,2.834482676568262,0.027437043838754338,-0.04019849731491831,4.916666666666667,MSTR,True,-0.018058696206425973,4.0,1.0520773051205066,-0.18589138691275597
2026-09-18 09:30:00-04:00,2026-09-21 12:30:00-04:00,1,136.5800018310547,166.0742950439453,0.21494884183245333,cross,2.728835718049638,0.24103088100457315,-0.0010983244491312716,3.125,MSTR,True,0.20111738115199052,4.0,1.1166935279019274,0.8035835357260859
2024-08-14 14:30:00-04:00,2024-08-19 12:30:00-04:00,1,101.02999877929688,106.19000244140625,0.05007397529897595,cross,1.4636500672430321,0.08353956788462091,-0.008809258640027018,4.916666666666667,MU,False,0.025375264434324474,8.0,0.6356812915447732,0.21928216067831152
2024-09-30 09:30:00-04:00,2024-10-02 09:30:00-04:00,1,106.627197265625,100.52999877929688,-0.05818239476124509,cross,1.8030897755810944,0.001135745686842382,-0.07209412815258331,2.0,MU,False,-0.05327452680969236,9.0,0.7307939070654987,-0.31731460434195224
2024-10-10 12:30:00-04:00,2024-10-14 12:30:00-04:00,1,105.70999908447266,107.12000274658203,0.012338413341415833,cross,1.1620523786567665,0.02837952914560815,-0.007662449773994218,4.0,MU,False,0.0009899579696673877,10.0,0.6399420578471021,-0.0015993030323537827
2024-11-06 14:30:00-05:00,2024-11-12 09:30:00-05:00,1,111.44000244140625,105.0,-0.05878896536539757,stop,1.0720792209476306,0.025664039372713665,-0.07663317236570921,5.791666666666667,MU,False,-0.07259006433509796,9.0,0.46471641862275087,-0.47651968990059557
2024-11-18 10:30:00-05:00,2024-11-25 12:30:00-05:00,1,96.93569946289062,104.20999908447266,0.07404252470336592,cross,1.055031499392591,0.09762965115418787,-0.0043915433531598325,7.083333333333333,MU,False,0.0592818406673582,9.0,0.4519329312803268,0.5428397335850128
2024-12-11 15:30:00-05:00,2024-12-12 15:30:00-05:00,1,102.4000015258789,98.48999786376953,-0.03918362894380645,cross,1.1898570150062113,0.002539083323790381,-0.045312493364326745,1.0,MU,False,-0.03397862945421859,10.0,0.41525061201248914,-0.32697947940187255
2025-02-13 11:30:00-05:00,2025-02-18 12:30:00-05:00,1,95.2500991821289,105.25,0.10398572603845968,cross,1.3445342993792797,0.11207236487194927,-0.009029909678475612,5.041666666666667,MU,False,0.09848018805637426,9.0,0.5967170812221841,0.6256447787820125
2025-04-23 13:30:00-04:00,2025-04-28 12:30:00-04:00,1,73.80999755859375,77.05999755859375,0.04303197544370596,cross,1.4597791967291234,0.0877930303654253,-0.017341807636299555,4.958333333333333,MU,False,0.028502317865876425,9.0,1.14419772635941,0.062391737470969044
2025-05-01 12:30:00-04:00,2025-05-05 12:30:00-04:00,1,78.69560241699219,79.95999908447266,0.015066929137675156,cross,1.1683181134388756,0.03779621301063818,-0.013413748607581932,4.0,MU,False,0.005447228129442094,7.0,1.1743226251977439,-0.02714390605903605
2025-05-16 12:30:00-04:00,2025-05-19 12:30:00-04:00,1,97.76000213623047,98.4800033569336,0.006364987775877907,cross,1.1704715293824042,0.008081023918416586,-0.020560577867311136,3.0,MU,False,0.003139063272180943,7.0,0.46289706244516293,-0.009041649074466807
2025-06-02 10:30:00-04:00,2025-06-03 10:30:00-04:00,1,95.52999877929688,99.9000015258789,0.04474482154739745,cross,1.1579420952138222,0.04721032339432907,-0.0025645883001998993,1.0,MU,False,0.035723112681289027,8.0,0.41375141295585804,0.3682223057639402
2025-06-04 13:30:00-04:00,2025-06-09 12:30:00-04:00,1,103.06999969482422,110.66000366210938,0.07263931298882398,cross,1.1264277631245667,0.09178227527391458,-0.004462977450612637,4.958333333333333,MU,False,0.06838695150529694,8.0,0.4222057119374223,0.595930441732281
2025-06-26 09:30:00-04:00,2025-06-27 09:30:00-04:00,1,128.2519989013672,125.23500061035156,-0.024523986502041684,cross,1.286547163008428,0.005364466409355284,-0.03479086504742401,1.0,MU,False,-0.030911636070699355,8.0,0.31438381449071423,-0.2726634694028389
2025-07-24 13:30:00-04:00,2025-07-29 10:30:00-04:00,1,111.82440185546875,112.47000122070312,0.004773331710450913,cross,1.0475979579200352,0.009529203970676692,-0.026777697664632005,4.875,MU,True,0.0010275341333750862,8.0,0.3328042069606376,-0.02793368161792875
2025-08-04 10:30:00-04:00,2025-08-07 10:30:00-04:00,1,106.55000305175781,111.91999816894531,0.04939882649819316,cross,1.6258982210410304,0.0819333221726739,-0.0034725737774244925,3.0,MU,True,0.04240811360548202,9.0,0.41008424948891237,0.3969601931198412
2025-08-07 12:30:00-04:00,2025-08-11 12:30:00-04:00,1,111.8949966430664,122.19000244140625,0.09100595296660019,cross,1.488309663990512,0.13740560758980735,-0.027838580430062043,4.0,MU,True,0.08105739143659829,9.0,0.3985205829150405,0.8507700959366091
2025-08-18 10:30:00-04:00,2025-08-19 14:30:00-04:00,1,122.13999938964844,121.98999786376953,-0.0022281114019034867,cross,1.457091389372536,0.01719337223362616,-0.006795495621437109,1.1666666666666667,MU,True,0.00382955604301305,9.0,0.47107092889120356,-0.05195575655639362
2025-09-05 12:30:00-04:00,2025-09-08 12:30:00-04:00,1,127.77999877929688,131.48500061035156,0.02799516251721068,cross,1.5245674557569273,0.03504935999780279,-0.002973839857944416,3.0,MU,True,0.02351965427528102,9.0,0.48284080180550454,0.15390583691435844
2025-09-12 09:30:00-04:00,2025-09-15 12:30:00-04:00,1,153.59500122070312,157.4700927734375,0.02422928169495686,cross,2.3034278798422916,0.043913561710001714,-9.765545446938084e-05,3.125,MU,True,0.019659626898155813,9.0,0.49385578375316597,0.11890055490827356
2025-09-18 13:30:00-04:00,2025-09-22 12:30:00-04:00,1,169.44000244140625,167.13999938964844,-0.01457414434972737,cross,2.144133203746013,0.0007672620452037204,-0.05937203383877776,3.9583333333333335,MU,True,-0.01838069827698141,9.0,0.42922686528287546,-0.1813113859168961
2025-12-10 14:30:00-05:00,2025-12-12 14:30:00-05:00,1,260.1319885253906,241.94000244140625,-0.0709336755433625,cross,3.5837629396209834,0.017752570534625534,-0.07977482415836212,2.0,MU,True,-0.0669582416108997,7.0,0.6773387308050924,-0.3885307295338061
2025-12-19 12:30:00-05:00,2025-12-22 12:30:00-05:00,1,264.7099914550781,273.3044128417969,0.03146731012862902,cross,6.593016721941642,0.04355709701744881,-0.0023043533347928413,3.0,MU,True,0.025649651637314252,7.0,0.6703847929101465,0.11612395054901015
2025-12-26 15:30:00-05:00,2025-12-29 15:30:00-05:00,1,285.2080078125,293.7349853515625,0.02889739875981412,cross,3.483494945451796,0.03047595385084212,-0.022993793078653568,3.0,MU,True,0.03182411492255466,7.0,0.6353696249068382,0.10968233040384279
2026-01-09 12:30:00-05:00,2026-01-12 12:30:00-05:00,1,338.8550109863281,345.0,0.017134567335407636,cross,5.305455515170672,0.028374938904955238,-0.0010181381697703662,3.0,MU,True,0.0167023635462219,7.0,0.7945973782980335,0.019725267933699664
2026-01-16 15:30:00-05:00,2026-01-20 15:30:00-05:00,1,359.260009765625,366.7900085449219,0.01995974663088529,cross,5.539021374430385,0.06207174646235303,-0.0025046227427389933,4.0,MU,True,0.0412701554725039,7.0,0.7266977714331685,0.029571082977176255
2026-01-22 15:30:00-05:00,2026-01-27 10:30:00-05:00,1,395.8800048828125,408.69000244140625,0.03135828382488215,cross,6.774343561123911,0.0416947138325694,-0.02925133107763711,4.791666666666667,MU,True,0.021752891699975074,7.0,0.6626307010655592,0.09592891125270664
2026-03-09 10:30:00-04:00,2026-03-16 12:30:00-04:00,1,366.7650146484375,449.0,0.22321709287181835,cross,8.229120302515303,0.24019458559199935,0.0,7.083333333333333,MU,True,0.21811197192288956,7.0,0.677480119523659,1.373843761050296
2026-04-09 11:30:00-04:00,2026-04-13 12:30:00-04:00,1,405.6000061035156,414.20001220703125,0.020203170547588134,cross,8.250835825894669,0.04521695281535565,-0.0006657286173242793,4.041666666666667,MU,True,0.012125258796631733,5.0,0.7958567167347639,0.02146652303286145
2026-04-15 15:30:00-04:00,2026-04-22 10:30:00-04:00,1,454.5350036621094,474.0400085449219,0.04191199737240059,cross,7.734889134984623,0.05021611428285211,-0.040997964107243656,6.791666666666667,MU,True,0.026890440473015587,5.0,0.8118582048674897,0.09086303341168112
2026-05-01 12:30:00-04:00,2026-05-04 12:30:00-04:00,1,529.5399780273438,578.9000244140625,0.09221306876696278,cross,11.299672651212274,0.11940560510549636,-0.002114803590555714,3.0,MU,True,0.09931732584417274,5.0,0.5770699707350512,0.5791697709434414
2026-05-07 09:30:00-04:00,2026-05-11 12:30:00-04:00,1,650.3599853515625,790.0,0.21371187925707458,cross,15.05490180081316,0.258795130926776,-0.022971709065123025,4.125,MU,True,0.20654227226602695,5.0,0.6724001084525502,1.334182123603794
2026-05-14 15:30:00-04:00,2026-05-15 15:30:00-04:00,1,787.760009765625,732.239990234375,-0.07147834218922633,cross,19.08325154159614,0.003554366505354567,-0.08728547896977223,1.0,MU,True,-0.0608645010759532,5.0,0.8370151805532117,-0.32993099750450716
2026-05-29 12:30:00-04:00,2026-06-01 12:30:00-04:00,1,965.5,1037.800048828125,0.07388353063503372,cross,22.282893170464888,0.07649920802854737,-0.025882952081175525,3.0,MU,True,0.07385707636817018,5.0,1.0665753265498175,0.221771585241181
2026-06-08 10:30:00-04:00,2026-06-10 14:30:00-04:00,1,937.6500244140625,900.4099731445312,-0.04071636570137405,cross,34.17522045555665,0.05492454397597046,-0.08883916883613285,2.1666666666666665,MU,True,-0.023388379342785703,3.0,1.1399501761230675,-0.19047758142791626
2026-07-22 11:30:00-04:00,2026-07-28 09:30:00-04:00,1,973.0650024414062,829.5173927754739,-0.1485210898611844,stop,23.92460161098872,0.03977639416969403,-0.18906750846484754,5.916666666666667,MU,True,-0.13487055918141144,3.0,1.00929264374554,-0.5830178176065932
2026-09-03 12:30:00-04:00,2026-09-08 12:30:00-04:00,1,944.135009765625,1020.219970703125,0.07958695011891093,cross,15.372777694691571,0.10267063028146883,-0.004337337029052479,5.0,MU,True,0.08651301204725204,3.0,0.4964594919302223,0.5526696590153455
2026-09-14 10:30:00-04:00,2026-09-21 12:30:00-04:00,1,917.8900146484375,1043.8349609375,0.13621136985818605,cross,16.260580666295795,0.15971409781823032,-0.006711080937128244,7.083333333333333,MU,True,0.11905983368177109,3.0,0.5531794558755397,0.9350380008146095
2024-05-03 12:30:00-04:00,2024-05-06 12:30:00-04:00,1,88.55626678466797,91.62899017333984,0.033697977909835086,cross,1.4098461334615977,0.03846795023832961,-0.001222425955095141,3.0,NVDA,False,0.027336963666885317,9.0,0.6217431428346347,0.1431813681971985
2024-06-05 14:30:00-04:00,2024-06-10 12:30:00-04:00,1,121.55999755859375,122.2300033569336,0.004511729284272793,cross,1.3553955903171488,0.03312767775686254,-0.03743003877710771,4.916666666666667,NVDA,False,0.0019249799392545572,9.0,0.5045320013151205,-0.04964239360663325
2024-06-12 13:30:00-04:00,2024-06-17 12:30:00-04:00,1,125.86009979248047,131.98500061035156,0.04766435691668691,cross,1.7196507221619852,0.06252891860116572,-0.013428414774196207,4.958333333333333,NVDA,False,0.04304166935658327,9.0,0.5108706804960831,0.2718919454185771
2024-08-05 10:30:00-04:00,2024-08-12 12:30:00-04:00,1,98.9000015258789,109.83499908447266,0.10956620212217516,cross,3.7378779434722142,0.12305356907159215,-0.013953537528019089,7.083333333333333,NVDA,False,0.07205358033287623,6.0,0.7825624141916243,0.4683635498557972
2024-08-14 15:30:00-04:00,2024-08-19 12:30:00-04:00,1,117.12000274658203,127.05000305175781,0.08378483668295134,cross,1.877224497905643,0.08999226312186459,-0.002518833601619419,4.875,NVDA,False,0.05863333045379371,6.0,0.8418708016961896,0.31817477215876
2024-08-26 09:30:00-04:00,2024-08-28 15:30:00-04:00,1,129.60000610351562,126.16000366210938,-0.02754322746450033,earnings,1.7975805201965744,0.012808551891536402,-0.05370375297905472,2.25,NVDA,False,-0.019322046060639697,6.0,0.8280544265710995,-0.172462686025723
2024-09-11 12:30:00-04:00,2024-09-17 10:30:00-04:00,1,112.82050323486328,117.73999786376953,0.04260461518829717,cross,1.9362892922895334,0.0706387354439788,-0.009843105805678265,5.916666666666667,NVDA,False,0.007544959187730016,6.0,0.6579080875529052,0.15137650411532055
2024-10-10 10:30:00-04:00,2024-10-14 12:30:00-04:00,1,134.25999450683594,138.49000549316406,0.030506116187966614,cross,1.444667138741355,0.039773661665149174,-0.005958497137641516,4.083333333333333,NVDA,False,0.017015434129780016,6.0,0.36706210026875646,0.23454078177435767
2024-11-06 09:30:00-05:00,2024-11-12 10:30:00-05:00,1,142.92999267578125,149.2100067138672,0.04293769229619537,cross,1.2960305746925702,0.04778564458859025,-0.006786440996427889,6.041666666666667,NVDA,False,0.028061564552060658,7.0,0.39347891806347796,0.31762331980956615
2024-11-18 10:30:00-05:00,2024-11-20 15:30:00-05:00,1,140.00999450683594,144.4600067138672,0.030783532473562025,earnings,1.8165860375618021,0.05263917338141688,-0.008070778289818947,2.2083333333333335,NVDA,False,0.02889377753069844,7.0,0.34329140578335765,0.27931361983281033
2024-12-30 10:30:00-05:00,2024-12-31 12:30:00-05:00,1,136.6999969482422,135.02999877929688,-0.013216519431069274,cross,1.7464628874187336,0.026115635727266717,-0.01294809299177313,1.0833333333333333,NVDA,False,-0.015097591268348975,9.0,0.33314731416294513,-0.16029567999115535
2025-02-14 10:30:00-05:00,2025-02-18 12:30:00-05:00,1,138.00999450683594,139.96499633789062,0.013165654002383564,cross,1.6065177067897287,0.03934503406056833,-0.014491704076554646,4.083333333333333,NVDA,False,0.013493013843762558,10.0,0.8250501268280295,-0.015313195173442429
2025-07-09 15:30:00-04:00,2025-07-14 12:30:00-04:00,1,162.84500122070312,164.97500610351562,0.012079952512178749,cross,1.0998651762685943,0.030980368639672573,-0.007583902490674421,4.875,NVDA,True,0.011630990454317591,10.0,0.2723416779332943,0.07878165418132399
2025-07-17 11:30:00-04:00,2025-07-21 12:30:00-04:00,1,173.11000061035156,172.02999877929688,-0.007238818249938327,cross,1.3347737926923184,0.006527669567490735,-0.01068688173411625,4.041666666666667,NVDA,True,-0.013787713240783539,10.0,0.2664738864014831,-0.1532545214927583
2025-11-17 10:30:00-05:00,2025-11-20 14:30:00-05:00,1,219.88999938964844,215.5,-0.020964524998107303,cross,3.6908423399293175,0.06416845081412004,-0.028787129240188114,3.1666666666666665,ORCL,True,0.0014448524957729747,3.0,0.38509412027422846,-0.23375644765696557
2025-12-19 12:30:00-05:00,2025-12-22 12:30:00-05:00,1,193.9199981689453,197.08999633789062,0.015346937906752456,cross,3.48769376282696,0.019023284839938093,-0.009385272703252068,3.0,ORCL,True,0.009529279415437686,1.0,0.6374490053031349,0.028399580076617248
2026-01-09 14:30:00-05:00,2026-01-12 14:30:00-05:00,1,199.64999389648438,205.17999267578125,0.02669846705912804,cross,2.2220762720078806,0.03481098131480409,-0.013219087175111555,3.0,ORCL,True,0.025957230807422182,1.0,0.5972327441560296,0.10589667289904803
2026-04-16 09:30:00-04:00,2026-04-20 12:30:00-04:00,1,176.4199981689453,174.75999450683594,-0.010409384873248384,cross,2.6585559841909356,0.04579980679580897,-0.017344958566791302,4.125,ORCL,True,-0.020111733323856185,10.0,0.6595535257570095,-0.12997753861878691
2026-05-01 13:30:00-04:00,2026-05-04 13:30:00-04:00,1,173.5,182.35000610351562,0.05000868071190567,cross,2.4889378262570614,0.057636887608069065,-0.013025904938535615,3.0,ORCL,True,0.056094804813286325,8.0,0.6847578070052897,0.22040276946273707
2026-05-06 15:30:00-04:00,2026-05-11 12:30:00-04:00,1,192.1199951171875,195.5,0.016593196797401455,cross,2.5228528317340206,0.04179678837904821,-0.00994164299325162,4.875,ORCL,True,0.007776637618373994,8.0,0.6991931755183672,0.004312002686203353
2026-05-29 13:30:00-04:00,2026-06-01 13:30:00-04:00,1,223.98500061035156,245.9199981689453,0.09693065383316568,cross,3.5370007391915683,0.10020756749009019,-0.011585602668177986,3.0,ORCL,True,0.09436654795951183,8.0,0.5883942258364884,0.6022640143404447
2026-07-27 10:30:00-04:00,2026-07-30 09:30:00-04:00,1,120.08000183105469,122.87000274658203,0.02223451759646633,cross,2.3685442210873324,0.018737508042060202,-0.04646903519293255,2.9583333333333335,ORCL,True,0.025322607263823738,9.0,0.5311403452070546,0.0943952030762687
2026-08-06 11:30:00-04:00,2026-08-10 12:30:00-04:00,1,144.92999267578125,150.44000244140625,0.03701842299096281,cross,2.517452258197954,0.04070937316937684,-0.01787067183315627,4.041666666666667,ORCL,True,0.03164948100245002,8.0,0.7058158446102929,0.12618859390745296
2026-08-13 12:30:00-04:00,2026-08-19 09:30:00-04:00,1,154.07510375976562,137.6507234818805,-0.10759983266014261,stop,2.7373967129808507,0.017360296137664655,-0.10803245091392233,5.875,ORCL,True,-0.09966056622484398,8.0,0.6300938345567103,-0.6020817339144644
2026-08-26 13:30:00-04:00,2026-09-08 12:30:00-04:00,1,148.25999450683594,162.60499572753906,0.09575571126533189,cross,2.027912717946564,0.15135574850147182,-0.05760146770907271,12.958333333333334,ORCL,True,0.09386195938700526,8.0,0.5807190665152476,0.5009614656273802
2024-05-15 15:30:00-04:00,2024-05-23 11:30:00-04:00,1,21.579999923706055,21.0049991607666,-0.02764507715348985,cross,0.25955251471710955,0.027307699616453185,-0.042632070414574286,7.833333333333333,PLTR,False,-0.030451967590738316,5.0,0.7159236044904578,-0.2593773210022766
2024-07-05 14:30:00-04:00,2024-07-08 14:30:00-04:00,1,27.030000686645508,27.889999389648438,0.03081645139313005,cross,0.3256159177002175,0.03477612293119181,-0.007029246364447572,3.0,PLTR,False,0.02866858754106072,5.0,0.48270370000474305,0.1763478584301994
2024-07-12 13:30:00-04:00,2024-07-15 13:30:00-04:00,1,27.98419952392578,29.0,0.03529907209622818,cross,0.39289095894536835,0.04701938006158768,-0.003366190060101748,3.0,PLTR,False,0.03673036105609495,5.0,0.48349143668091915,0.21185963921901863
2024-07-31 13:30:00-04:00,2024-08-01 13:30:00-04:00,1,27.149999618530273,26.18000030517578,-0.03672741535850532,cross,0.38904068346465204,0.014180487450875301,-0.037569078161883485,1.0,PLTR,False,-0.022136117323668048,5.0,0.42739977915299,-0.3039229786526265
2024-08-15 09:30:00-04:00,2024-08-19 12:30:00-04:00,1,31.030000686645508,32.165000915527344,0.035577512206447115,cross,0.47204462403248365,0.055430205455803794,-0.006445399887649028,4.125,PLTR,False,0.022347267381606417,9.0,0.7038492643061968,0.1175992868169562
2024-12-05 12:30:00-05:00,2024-12-09 12:30:00-05:00,1,72.60540008544922,72.54969787597656,-0.0017671909996652682,cross,1.1945452971959198,0.11437997128156407,-0.021422608123650044,4.0,PLTR,False,0.0022867291700481305,7.0,0.6019113375621693,-0.08193231761907493
2025-02-06 13:30:00-05:00,2025-02-10 12:30:00-05:00,1,108.04000091552734,114.53359985351562,0.05910365497002712,cross,2.4958743250723288,0.0764531846189882,-0.0618289545406302,3.9583333333333335,PLTR,False,0.062290670098194556,7.0,0.9612914798973438,0.17201313105336746
2025-02-13 11:30:00-05:00,2025-02-18 12:30:00-05:00,1,117.30999755859375,122.16999816894531,0.04042869927112658,cross,1.9904241707760957,0.06555283097304021,-0.015002937034048314,5.041666666666667,PLTR,False,0.03492316128904116,7.0,0.9463327899555966,0.07952528828712357
2025-03-31 10:30:00-04:00,2025-04-04 13:30:00-04:00,1,81.69000244140625,73.9000015258789,-0.0963605175996276,cross,2.064972708207895,0.08220095650880999,-0.1194724482575954,4.125,PLTR,False,-0.026503389069725825,4.0,0.8768036548763994,-0.44538043797431615
2025-04-23 09:30:00-04:00,2025-04-28 12:30:00-04:00,1,98.87000274658203,109.51000213623047,0.10661605233207372,cross,1.8420275787992135,0.15707493018992302,-0.010518872121335066,5.125,PLTR,False,0.09625386537541203,5.0,1.0149813281458815,0.3508570517101606
2025-06-24 15:30:00-04:00,2025-06-26 10:30:00-04:00,1,143.1199951171875,144.07000732421875,0.005637871991634459,cross,1.7457632078858627,0.035599506669430125,-0.011109533203859656,1.7916666666666667,PLTR,False,0.0016544266635650793,4.0,0.5245189155637463,-0.00586573080768682
2025-06-26 11:30:00-04:00,2025-06-27 14:30:00-04:00,1,143.8800048828125,138.16000366210938,-0.04075535881696668,cross,1.8808078312676484,0.014665002354358636,-0.054003363975345,1.125,PLTR,False,-0.04447627527572906,4.0,0.5248026501982422,-0.287820313533392
2025-07-03 11:30:00-04:00,2025-07-07 15:30:00-04:00,1,134.83999633789062,138.2100067138672,0.02399266143208567,cross,1.976518980460108,0.03300205479901597,-0.01868873540575544,4.166666666666667,PLTR,True,0.03368836623163962,5.0,0.6082735908946426,0.07212138596079365
2025-07-17 09:30:00-04:00,2025-07-21 12:30:00-04:00,1,151.57000732421875,152.89999389648438,0.00777473449889532,cross,1.5100211969997603,0.027116085986398142,-0.004948208509323981,4.125,PLTR,True,-0.0024353597615128777,5.0,0.49852767512305146,-0.01614654829584372
2025-08-07 09:30:00-04:00,2025-08-11 12:30:00-04:00,1,181.00999450683594,185.5695037841797,0.02418926808304811,cross,2.586077940664937,0.03856146731204135,-0.01568972114290279,4.125,PLTR,True,0.020574299158945375,6.0,0.4146539094775536,0.14073627897791718
2025-09-02 10:30:00-04:00,2025-09-04 12:30:00-04:00,1,157.57000732421875,153.32000732421875,-0.027972138112903222,cross,2.3184490093435737,0.022719974651643993,-0.030843437103810878,2.0833333333333335,PLTR,True,-0.03812146974240016,7.0,0.5315207075499617,-0.22271686197222218
2025-10-01 15:30:00-04:00,2025-10-03 13:30:00-04:00,1,184.88999938964844,172.554418148183,-0.06771848819399195,stop,2.055930206910903,0.017902523497866696,-0.07636970719779257,1.9166666666666667,PLTR,True,-0.06952686633466365,8.0,0.34337151549147116,-0.5818264866774752
2025-10-08 14:30:00-04:00,2025-10-10 14:30:00-04:00,1,182.7899932861328,178.72000122070312,-0.02326594570228291,cross,2.5006677983691947,0.026423275101059573,-0.030581522748568846,2.0,PLTR,True,-0.0028886890883720318,8.0,0.43525839919053294,-0.21936793652794806
2026-01-20 10:30:00-05:00,2026-01-26 12:30:00-05:00,1,170.39999389648438,169.6300048828125,-0.00551871503082113,cross,2.494176630832639,0.00933105430535175,-0.05451874189488737,6.083333333333333,PLTR,True,-0.019630032949337073,10.0,0.386664795523895,-0.14170669563889093
2026-03-04 14:30:00-05:00,2026-03-09 12:30:00-04:00,1,153.86000061035156,154.2899932861328,0.0017947008584134902,cross,2.609252948757807,0.04933053625231798,-0.02762251386416581,4.875,PLTR,True,0.02471890902633822,9.0,0.6897775618618818,-0.07431245568905942
2026-05-15 12:30:00-04:00,2026-05-18 12:30:00-04:00,1,134.625,132.53829956054688,-0.016500096114786422,cross,1.6890207024664252,0.00973071538416903,-0.024475381013521313,3.0,PLTR,True,-0.007731952889485361,10.0,0.4888997688211547,-0.17133333632208236
2026-05-20 12:30:00-04:00,2026-05-28 09:30:00-04:00,1,135.64999389648438,133.16000366210938,-0.01935599223303419,cross,1.6879743817523882,0.024843424457123398,-0.02963501064909413,7.875,PLTR,True,-0.03464794379443803,10.0,0.4613718609054572,-0.2587585622078734
2026-05-29 13:30:00-04:00,2026-06-01 13:30:00-04:00,1,156.16990661621094,162.02000427246094,0.036459826819431274,cross,2.5380823712829033,0.03970091700325695,-0.008707881608453372,3.0,PLTR,True,0.03389572094577742,10.0,0.5841356769133565,0.17414444575135568
2026-06-08 10:30:00-04:00,2026-06-11 12:30:00-04:00,1,137.0800018310547,129.86000061035156,-0.053669981939462374,cross,1.9874390970595894,0.0014589797605100152,-0.07222061127545243,3.0833333333333335,PLTR,True,-0.03405897295460791,10.0,0.6189646058519694,-0.34471138405970314
2026-07-01 15:30:00-04:00,2026-07-06 12:30:00-04:00,1,126.76000213623047,133.49000549316406,0.052092483776552734,cross,2.082308720392798,0.057662536766416306,-0.00883561634353991,4.875,PLTR,True,0.04712552262769221,10.0,0.6152635829558131,0.24291171987150917
2026-07-14 10:30:00-04:00,2026-07-20 12:30:00-04:00,1,131.86000061035156,135.44000244140625,0.026150021344483743,cross,2.4875765317257117,0.038070713250602184,-0.02411654724594825,6.083333333333333,PLTR,True,0.03177140858424932,10.0,0.5889702578770235,0.06756858227258333
2026-08-07 09:30:00-04:00,2026-08-10 12:30:00-04:00,1,161.0,178.0500030517578,0.1049006400730298,cross,2.52749172383549,0.11552798822059396,-0.00316956324606954,3.125,PLTR,True,0.10185276125482978,10.0,1.1836647804127234,0.31255455866924864
2026-08-26 14:30:00-04:00,2026-08-31 12:30:00-04:00,1,176.72999572753906,187.19000244140625,0.05818636884931039,cross,2.601836970202338,0.06586317926241336,-0.00022629597181944572,4.916666666666667,PLTR,True,0.05781423144929432,10.0,1.1271786160022943,0.12238601005256866
2026-09-03 14:30:00-04:00,2026-09-04 14:30:00-04:00,1,182.8000030517578,174.86000061035156,-0.044435461208160554,cross,3.06070851510204,0.0066192091623518134,-0.04808538511037708,1.0,PLTR,True,-0.03943525098934919,7.0,0.6194085901432013,-0.27416346054959906
2026-09-17 09:30:00-04:00,2026-09-21 12:30:00-04:00,1,175.75999450683594,182.82000732421875,0.039168485651086216,cross,2.305901507670278,0.04335463480957369,-0.0213927777898838,4.125,PLTR,True,0.027781468467828696,7.0,0.5177077647685436,0.21094476039575372
2024-05-03 12:30:00-04:00,2024-05-06 12:30:00-04:00,1,73.98979949951172,76.58049774169922,0.034014262232250014,cross,1.0899940318249621,0.03622389420654226,-0.0014840187003679617,3.0,SHOP,False,0.027653247989300245,10.0,0.3547784165932716,0.2954589269821566
2024-06-06 09:30:00-04:00,2024-06-10 12:30:00-04:00,1,60.150001525878906,63.029998779296875,0.04688025237503746,cross,0.5212514503090585,0.048711558285084555,0.0,4.125,SHOP,False,0.04708584016444617,8.0,0.31317104286453334,0.498024184308554
2024-06-12 15:30:00-04:00,2024-06-18 14:30:00-04:00,1,65.4800033569336,64.33989715576172,-0.018411517146037948,cross,0.6216248359817952,0.041692052345473574,-0.023060507923302942,5.958333333333333,SHOP,False,-0.031128942198024978,8.0,0.25107709377362597,-0.3159413532264823
2024-06-25 14:30:00-04:00,2024-07-08 12:30:00-04:00,1,65.15499877929688,67.16000366210938,0.02977284813716541,cross,0.6093077716125087,0.04431899031334452,-0.03230756782555866,12.916666666666666,SHOP,False,0.011896059071962006,8.0,0.2783930009854577,0.2251777664959438
2024-08-08 12:30:00-04:00,2024-08-12 12:30:00-04:00,1,67.45999908447266,68.87000274658203,0.019901329398830714,cross,1.7390825173226796,0.04851620941003154,-0.006818842139274972,4.0,SHOP,False,0.00917085504572357,10.0,0.9177706735535108,0.008117132472149846
2024-08-15 11:30:00-04:00,2024-08-19 12:30:00-04:00,1,74.25,74.37000274658203,0.0006161986071654421,cross,0.9088641025402172,0.014882200093381703,-0.005521934843223941,4.041666666666667,SHOP,False,-0.009140969168610735,10.0,0.8333075287259494,-0.07242440299978381
2024-10-09 13:30:00-04:00,2024-10-14 12:30:00-04:00,1,83.50499725341797,83.7300033569336,0.0016945226144106105,cross,0.7917901874370155,0.008322851538034914,-0.01934013432595405,4.958333333333333,SHOP,False,-0.010882021470196457,8.0,0.3166787090715732,-0.05956961846835673
2024-10-18 15:30:00-04:00,2024-10-22 09:30:00-04:00,1,82.66000366210938,81.5,-0.015033433471055013,cross,0.6116065426113109,0.0071980832923834726,-0.016573949744573158,3.75,SHOP,False,-0.009198929738570394,8.0,0.2947798343239068,-0.22508940825364088
2024-12-11 13:30:00-05:00,2024-12-13 11:30:00-05:00,1,117.4749984741211,114.1500015258789,-0.02930386883533065,cross,1.3746938163137261,0.007193030276048784,-0.03434770023515876,1.9166666666666667,SHOP,False,-0.021663813614622884,8.0,0.43845066378514697,-0.2593838581707433
2025-01-24 13:30:00-05:00,2025-01-27 09:30:00-05:00,1,108.7699966430664,102.9456269560288,-0.054547576232355066,stop,0.9707282811729344,0.0004597136462356488,-0.057460698656722875,2.8333333333333335,SHOP,False,-0.03489038951140144,10.0,0.3798166024238202,-0.47515445394817757
2025-01-30 11:30:00-05:00,2025-02-10 12:30:00-05:00,1,118.1500015258789,120.65499877929688,0.020201838519395054,cross,1.6346940529003675,0.04451879184745455,-0.06432499683426951,11.041666666666666,SHOP,False,0.019024238808343807,10.0,0.5008054238007924,-0.011860246718272127
2025-04-23 15:30:00-04:00,2025-04-28 12:30:00-04:00,1,90.8499984741211,96.86000061035156,0.06515302407454004,cross,1.8998515310840474,0.09047882618341063,-0.015850245857977674,4.875,SHOP,False,0.043982657223257005,10.0,1.1105545711421494,0.15292262950305657
2025-05-01 14:30:00-04:00,2025-05-05 12:30:00-04:00,1,97.69000244140625,98.9800033569336,0.01220504538119005,cross,1.4922692570138587,0.028662046805072894,-0.025058917136764558,3.9166666666666665,SHOP,False,0.005442298223577224,10.0,1.0984617907429044,-0.03274492646539762
2025-06-05 11:30:00-04:00,2025-06-09 12:30:00-04:00,1,106.12000274658203,109.31999969482422,0.029154512489826145,cross,1.1684813629422215,0.056162824446069015,-0.023369801100136756,4.041666666666667,SHOP,False,0.027150083987464657,10.0,0.6029872253450842,0.10773778785943966
2025-06-23 10:30:00-04:00,2025-06-24 10:30:00-04:00,1,108.08000183105469,113.7699966430664,0.051646139115597234,cross,1.4104181476750637,0.05449666256349062,-0.01719931482278103,1.0,SHOP,False,0.039847983418184074,10.0,0.45078546415623283,0.3966039467225193
2025-06-25 13:30:00-04:00,2025-06-30 12:30:00-04:00,1,113.79000091552734,116.19000244140625,0.02009149755311601,cross,1.1176106497411709,0.024606691271950032,-0.0479172101746983,4.958333333333333,SHOP,False,0.004894220116279713,10.0,0.4309327707124961,0.08734436239804344
2025-07-10 13:30:00-04:00,2025-07-11 13:30:00-04:00,1,115.92500305175781,113.40499877929688,-0.022738229080190853,cross,1.2234546509234805,0.005305135627168722,-0.027302142179925104,1.0,SHOP,True,-0.020118774084757596,9.0,0.3828668998932472,-0.22265183521763987
2025-07-14 10:30:00-04:00,2025-07-15 10:30:00-04:00,1,114.26000213623047,116.38999938964844,0.017641669994705622,cross,1.2735090573103136,0.03842113869746222,-0.0012244022834231316,1.0,SHOP,True,0.013128922529480946,9.0,0.3679281658741057,0.13655724320374807
2025-07-16 15:30:00-04:00,2025-07-21 12:30:00-04:00,1,119.37000274658203,127.80000305175781,0.06962075991631111,cross,1.5132357266531944,0.08125998453924366,-0.0003351002312722562,4.875,SHOP,True,0.058989823403081565,9.0,0.36233713671528556,0.6770455284543995
2025-08-11 09:30:00-04:00,2025-08-12 09:30:00-04:00,1,150.7550048828125,147.80999755859375,-0.020535055081640663,cross,2.3917380118473215,0.017014376692834343,-0.023448665368405286,1.0,SHOP,True,-0.021837028579710593,8.0,0.8744996052407835,-0.12363987875321225
2025-08-18 10:30:00-04:00,2025-08-21 12:30:00-04:00,1,141.3800048828125,136.3800048828125,-0.036365679921601446,cross,1.5200255238186542,0.02143159339829137,-0.046894926112840296,3.0833333333333335,SHOP,True,-0.024328182679142496,8.0,0.8698667367553313,-0.21417744023670904
2025-08-22 13:30:00-04:00,2025-08-25 13:30:00-04:00,1,142.1199951171875,140.44000244140625,-0.012820945211797885,cross,1.669331615959437,0.004010746860417136,-0.018435091522675195,3.0,SHOP,True,-0.010514899845812775,8.0,0.8719315051724917,-0.116810350970604
2025-08-28 13:30:00-04:00,2025-09-02 09:30:00-04:00,1,142.6699981689453,134.65485675392677,-0.05717958588271144,stop,1.3358569025030909,0.0029438436555382363,-0.06497514818415917,4.833333333333333,SHOP,True,-0.04077854781514889,8.0,0.8658730775080675,-0.31806052900846016
2025-09-11 14:30:00-04:00,2025-09-12 14:30:00-04:00,1,146.30999755859375,142.3300018310547,-0.028202486459923293,cross,1.33966439865931,0.00020503574463437424,-0.032670349662076936,1.0,SHOP,True,-0.029990002262367144,6.0,0.3134182759873014,-0.3064202229590346
2025-10-13 10:30:00-04:00,2025-10-20 12:30:00-04:00,1,153.27000427246094,163.69869995117188,0.06704133482094987,cross,2.5761107125629543,0.07692303097463404,-0.05291316229061227,7.083333333333333,SHOP,True,0.05202349842154386,7.0,0.5425023204011887,0.37648927398785714
2025-11-17 10:30:00-05:00,2025-11-24 12:30:00-05:00,1,144.22999572753906,154.19000244140625,0.06805641689598574,cross,2.396108452906535,0.07377105806581441,-0.055813653818342024,7.083333333333333,SHOP,True,0.07380010101860712,8.0,0.4877202446686813,0.4406587524355725
2025-11-26 14:30:00-05:00,2025-12-08 12:30:00-05:00,1,160.00450134277344,158.13499450683594,-0.01268408901154916,cross,2.0142721211526364,0.023408708041298576,-0.06818245755911068,11.916666666666666,SHOP,True,-0.014797854063154592,8.0,0.5228240732082486,-0.25958817263637335
2025-12-11 14:30:00-05:00,2025-12-12 14:30:00-05:00,1,163.92999267578125,163.6199951171875,-0.0028910362498878453,cross,2.1682845443060614,0.008052262448577263,-0.029463714927495332,1.0,SHOP,True,0.007549229937416913,8.0,0.5329666786205087,-0.05346166252028983
2026-01-20 10:30:00-05:00,2026-01-21 11:30:00-05:00,1,151.07000732421875,138.1006256007696,-0.08685014294475357,stop,2.1615636205748596,0.001787178133197731,-0.08611837110843834,1.0416666666666667,SHOP,True,-0.08743510226089557,8.0,0.4434110572348687,-0.5816472693195353
2026-05-20 15:30:00-04:00,2026-05-27 10:30:00-04:00,1,104.80000305175781,108.53179931640625,0.034608741946366206,cross,1.5285245552489553,0.037786249705707764,-0.03000958187861602,6.791666666666667,SHOP,True,0.02217679301740827,9.0,0.7749398178208493,0.06212404462017718
2026-07-01 13:30:00-04:00,2026-07-07 10:30:00-04:00,1,122.79000091552734,123.2699966430664,0.002909078295954105,cross,1.9273003706281102,0.025327800204929307,-0.05765943300159537,5.875,SHOP,True,0.004593718456277319,8.0,0.5268372459030058,-0.07405926421319287
2026-07-10 12:30:00-04:00,2026-07-13 12:30:00-04:00,1,124.58000183105469,125.25,0.004378055539394744,cross,2.04392272616311,0.01268262809304943,-0.023117714243720555,3.0,SHOP,True,0.00828135256896212,8.0,0.4703986121361353,-0.024799245417350124
2026-07-16 12:30:00-04:00,2026-07-17 12:30:00-04:00,1,126.83999633789062,122.87000274658203,-0.032299225054634007,cross,2.2767247892100846,0.008278169994271334,-0.04517499127227076,1.0,SHOP,True,-0.02433317694583992,8.0,0.4527223314330564,-0.26288612007904033
2026-08-06 13:30:00-04:00,2026-08-10 12:30:00-04:00,1,147.47999572753906,154.3000030517578,0.04524360945072392,cross,3.3861003077609855,0.053973467212277804,-0.015459715523107542,3.9583333333333335,SHOP,True,0.03802849946018083,9.0,0.8663319973462027,0.13055426874731269
2026-08-27 11:30:00-04:00,2026-09-01 09:30:00-04:00,1,154.8800048828125,143.19000244140625,-0.07647780263986503,stop,1.8242196923688632,0.010395148241180374,-0.0860666413404404,4.916666666666667,SHOP,True,-0.06570293561324647,9.0,0.7487077296017071,-0.4226381230886884
2026-09-28 10:30:00-04:00,2026-10-01 11:30:00-04:00,1,138.5500030517578,149.1074981689453,0.07519989090323997,open,2.3801098350280316,0.10169610990645062,-0.006784571784203441,3.0416666666666665,SHOP,True,0.08434736883323357,9.0,0.6254023020752933,0.4124902664775525
2024-05-15 15:30:00-04:00,2024-05-21 13:30:00-04:00,1,94.09049987792969,91.10800170898438,-0.032698186031689946,cross,1.7375557272476914,0.032006311711289426,-0.0753051863227876,5.916666666666667,SMCI,False,-0.034758533599253516,1.0,1.28918599311956,-0.20774882236015135
2024-06-13 15:30:00-04:00,2024-06-17 12:30:00-04:00,1,86.3030014038086,87.44999694824219,0.012290332036852925,cross,1.8199108040955558,0.021636316493761854,-0.043358913753445805,3.875,SMCI,False,0.006926425210897036,2.0,0.6388821450754283,-0.00022823400201388289
2024-08-14 15:30:00-04:00,2024-08-19 12:30:00-04:00,1,57.599998474121094,62.6479606628418,0.08663823476468824,cross,1.3364654051778218,0.11064238311561958,-0.004883541130583535,4.875,SMCI,False,0.06148672853553061,3.0,0.9384379796369123,0.29242319405120365
2024-09-03 10:30:00-04:00,2024-09-05 12:30:00-04:00,1,45.152000427246094,41.875,-0.07357708177351652,cross,1.586898838514345,0.005071759598375358,-0.09898781091362308,2.0833333333333335,SMCI,False,-0.058088361797467014,2.0,1.1490666655739052,-0.29120756897696776
2024-10-11 14:30:00-04:00,2024-10-14 14:30:00-04:00,1,47.51599884033203,46.93000030517578,-0.01333265740925238,cross,1.1785599955327108,0.040912540861722135,-0.02264500883668108,3.0,SMCI,False,-0.02121918743715623,2.0,0.83601874567831,-0.12056049245294709
2024-11-04 10:30:00-05:00,2024-11-14 09:30:00-05:00,1,27.3799991607666,17.920000076293945,-0.346507646984449,cross,1.484949311586078,0.02264429723291639,-0.262235157702836,9.958333333333334,SMCI,False,-0.3906090633426895,1.0,1.3086968058982975,-0.8906354134063315
2024-11-21 12:30:00-05:00,2024-11-25 12:30:00-05:00,1,29.987899780273438,36.81129837036133,0.22653839515551677,cross,1.3530862718149224,0.30812090040793016,-0.03461059377078257,4.0,SMCI,False,0.22142892278267057,1.0,2.1970109675561837,0.4404858401919316
2024-12-06 12:30:00-05:00,2024-12-09 12:30:00-05:00,1,43.941001892089844,46.380001068115234,0.05450622587111409,cross,1.416733850119226,0.09237381791790344,-0.011401726037363002,3.0,SMCI,False,0.05799478120203827,1.0,2.0233758229932164,0.0547372072258272
2025-01-13 10:30:00-05:00,2025-01-21 12:30:00-05:00,1,30.520000457763672,32.494998931884766,0.06371161351567711,cross,1.0512923223050663,0.09731327575873672,-0.017365684098824663,8.083333333333334,SMCI,False,0.01943420574019028,1.0,0.8047476897693921,0.18900224252322806
2025-01-24 12:30:00-05:00,2025-01-27 09:30:00-05:00,1,34.0,30.000090110011108,-0.11864440852908509,stop,0.6666516483314822,0.0030882218304801867,-0.12705881455365353,2.875,SMCI,False,-0.09738663710628814,1.0,0.7577744835781093,-0.5458799707627111
2025-02-03 10:30:00-05:00,2025-02-05 10:30:00-05:00,1,26.799999237060547,32.060001373291016,0.1952687420138669,cross,0.8206930015422611,0.2360074978730926,-0.006716358319079241,2.0,SMCI,False,0.1881591974287694,1.0,0.8502820691883727,0.9540167680110405
2025-02-05 14:30:00-05:00,2025-02-10 12:30:00-05:00,1,31.18079948425293,40.31060028076172,0.2918020110940248,cross,0.9237685703472417,0.2956692000884038,-0.0016292181190538102,4.916666666666667,SMCI,False,0.2912052062409157,1.0,0.7928187808932483,1.6203650915959047
2025-02-14 09:30:00-05:00,2025-02-18 12:30:00-05:00,1,42.93000030517578,52.61009979248047,0.2244856608081044,cross,1.3529223804836363,0.28767526681110334,-0.001863541357698062,4.125,SMCI,False,0.22432135001333553,1.0,1.159644492604572,0.8041381788187687
2025-03-12 09:30:00-04:00,2025-03-17 12:30:00-04:00,1,43.935001373291016,41.2400016784668,-0.06234060795688434,cross,1.539470639664697,0.024012752297696283,-0.11437353747150913,5.125,SMCI,False,-0.06531131787751587,1.0,1.4649505687815911,-0.2692111888006524
2025-03-31 10:30:00-04:00,2025-04-03 14:30:00-04:00,1,33.91999816894531,31.840099334716797,-0.062317775545539966,cross,0.9325919336274429,0.06279484619976516,-0.0698702553013274,3.1666666666666665,SMCI,False,-0.046341124728059846,1.0,0.9591402082943442,-0.2981916289921359
2025-04-07 10:30:00-04:00,2025-04-08 10:30:00-04:00,1,31.743200302124023,34.66019821166992,0.09089363018796537,cross,1.4153342297782734,0.11803477093303871,-0.028138307169820242,1.0,SMCI,False,0.040370771867225375,1.0,1.0378460650557648,0.3251685988126505
2025-04-09 15:30:00-04:00,2025-04-11 12:30:00-04:00,1,36.40999984741211,32.709999084472656,-0.10262045532670983,cross,1.6852783811555987,0.013732491131431157,-0.10738807645696868,1.875,SMCI,False,-0.07872363088265266,1.0,1.1143706920609335,-0.38039887618676615
2025-04-23 13:30:00-04:00,2025-04-28 12:30:00-04:00,1,33.45000076293945,36.11000061035156,0.07852166776507896,cross,0.9218706931127141,0.1306427154622507,-0.02466369937586077,4.958333333333333,SMCI,False,0.06399201018724943,1.0,1.033838037896788,0.22431844680021484
2025-05-15 14:30:00-04:00,2025-05-19 12:30:00-04:00,1,44.529998779296875,45.18000030517578,0.013596935632100515,cross,1.3888695211936948,0.0734336525354673,-0.01886369134549426,3.9166666666666665,SMCI,False,0.0059973080345602225,1.0,1.0627838689610158,-0.02592197263672369
2025-06-04 13:30:00-04:00,2025-06-05 15:30:00-04:00,1,43.709999084472656,40.900001525878906,-0.0652872939247432,cross,0.7818382293911958,0.010752716324583078,-0.0770990391780152,1.0833333333333333,SMCI,False,-0.05718425383626058,1.0,0.9027613200091036,-0.29322001255217855
2025-06-12 12:30:00-04:00,2025-06-13 12:30:00-04:00,1,43.88999938964844,41.76499938964844,-0.049416496458215664,cross,0.7378461601955447,0.003303724305766753,-0.06060605797227414,1.0,SMCI,False,-0.04593389207017062,1.0,0.5311578536129336,-0.33195113373589813
2025-07-17 12:30:00-04:00,2025-07-18 15:30:00-04:00,1,53.510101318359375,51.54999923706055,-0.0376305058859292,cross,0.7986059321136094,0.006688432713458647,-0.04186313995684998,1.125,SMCI,True,-0.038483950340034934,1.0,0.6800485092910119,-0.22700354101825904
2025-07-24 12:30:00-04:00,2025-07-28 12:30:00-04:00,1,52.220001220703125,58.630001068115234,0.12174989845980322,cross,0.730701752432222,0.13251623912643296,-0.011489894193653982,4.0,SMCI,True,0.1172980457494247,1.0,0.4941223537128201,0.9500981449024
2025-09-11 11:30:00-04:00,2025-09-15 12:30:00-04:00,1,43.939998626708984,44.97999954223633,0.022668660628841653,cross,0.6925316659923548,0.06964045218315018,-0.0043240471699399485,4.041666666666667,SMCI,True,0.01782396828393462,1.0,0.4516468318923422,0.11175225912672193
2025-09-18 13:30:00-04:00,2025-09-22 12:30:00-04:00,1,45.54999923706055,47.44499969482422,0.04060264521413759,cross,0.7049921777403411,0.0445664682326159,-0.00834250437936468,3.9583333333333335,SMCI,True,0.03679609128688355,1.0,0.4092523127417098,0.3011554687949256
2025-10-02 12:30:00-04:00,2025-10-06 12:30:00-04:00,1,52.20500183105469,54.84000015258789,0.049474058598073856,cross,0.8897701176796123,0.07486824479650611,-0.026913179670809972,4.0,SMCI,True,0.04393619593662945,2.0,0.4410723763183191,0.35487719766027936
2025-10-09 11:30:00-04:00,2025-10-10 14:30:00-04:00,1,58.02000045776367,53.96500015258789,-0.0708896979176632,cross,1.0484162003936794,0.013012772529445993,-0.08376422909354264,1.125,SMCI,True,-0.05352104429997773,2.0,0.450018959594079,-0.4964390261753039
2025-10-16 13:30:00-04:00,2025-10-17 13:30:00-04:00,1,55.33000183105469,52.04999923706055,-0.060280724479448655,cross,1.0923275140044713,0.004337571946994467,-0.06705228224098181,1.0,SMCI,True,-0.05673889905631169,2.0,0.5966507492911308,-0.35984305802893146
2025-12-04 12:30:00-05:00,2025-12-08 12:30:00-05:00,1,34.029998779296875,34.86000061035156,0.02339029858442554,cross,0.4554727685290906,0.03996475636604946,-0.01704372721606684,4.0,SMCI,True,0.025349316168560287,4.0,0.5421592727757769,0.08718925592745119
2026-01-22 12:30:00-05:00,2026-01-23 15:30:00-05:00,1,32.89500045776367,31.510000228881836,-0.043103669542736145,cross,0.7152616537046677,0.022495754779504162,-0.04772760823761224,1.125,SMCI,True,-0.04107544255109097,4.0,0.564423010959613,-0.28645598752247925
2026-02-19 15:30:00-05:00,2026-02-23 12:30:00-05:00,1,31.649999618530273,30.770000457763672,-0.028804081244013124,cross,0.60514010452729,0.03981043425176334,-0.027804081244013124,3.875,SMCI,True,-0.02706148373068018,6.0,0.8363034267035212,-0.19747184694321018
2026-04-16 11:30:00-04:00,2026-04-20 12:30:00-04:00,1,27.969999313354492,28.460100173950195,0.01652237656872957,cross,0.5155435582608129,0.04111553643584931,-0.0092956823476823,4.041666666666667,SMCI,True,0.0066904011399148144,1.0,1.4242228327550632,-0.03347593753797895
2026-04-24 14:30:00-04:00,2026-04-29 12:30:00-04:00,1,28.97010040283203,25.84000015258789,-0.1090458889240905,cross,0.6613150981962487,0.017946067188476578,-0.12116289793791113,4.916666666666667,SMCI,True,-0.1044387418970194,1.0,0.7091275917384088,-0.5581598376940543
2026-05-01 11:30:00-04:00,2026-05-04 12:30:00-04:00,1,28.03499984741211,27.895000457763672,-0.005993736058869991,cross,0.48480338911155824,0.01658641537787675,-0.04137684514805473,3.0416666666666665,SMCI,True,0.0027850351764214807,2.0,0.6924467923541213,-0.09200846063572954
2026-05-07 15:30:00-04:00,2026-05-11 12:30:00-04:00,1,33.17499923706055,35.125,0.0577792255549191,cross,0.9573142963759111,0.09630745345293068,-0.026375283198876942,3.875,SMCI,True,0.044336368163791495,2.0,1.0666484076543412,0.14546381058250812
2026-05-29 15:30:00-04:00,2026-06-01 15:30:00-04:00,1,45.77000045776367,47.77000045776367,0.04269674415549962,cross,1.3157849067225778,0.05003279206082922,-0.0018025006978054092,3.0,SMCI,True,0.0389840395430493,2.0,1.1037298507009587,0.09239268029019532
2026-08-03 09:30:00-04:00,2026-08-04 09:30:00-04:00,1,27.690000534057617,29.59000015258789,0.0676168140803518,cross,0.6587606883735655,0.04460089126700928,-0.009028529981157218,1.0,SMCI,True,0.05268566228040361,1.0,1.0239583154119931,0.23081612630052906
2026-08-07 14:30:00-04:00,2026-08-10 14:30:00-04:00,1,31.09000015258789,31.639999389648438,0.016690551121298802,cross,0.5973236822618269,0.07383727500310733,-0.006111306951595563,3.0,SMCI,True,0.015335946009812473,1.0,1.0893421334319868,-0.003682853323456192
2026-08-13 13:30:00-04:00,2026-08-17 12:30:00-04:00,1,40.149898529052734,38.11000061035156,-0.05180705041446343,cross,1.2303027738614354,0.011210487736168506,-0.06151692318947499,3.9583333333333335,SMCI,True,-0.049490761842183484,1.0,1.1829695383756658,-0.2455004807180825
2026-09-14 10:30:00-04:00,2026-09-17 11:30:00-04:00,1,37.60499954223633,40.3650016784668,0.07239455311335796,cross,0.9434477087529487,0.09028056107142213,-0.05969948036731865,3.0416666666666665,SMCI,True,0.06877712475631992,1.0,0.6890434658042419,0.3529652109078518
2026-09-17 13:30:00-04:00,2026-09-21 12:30:00-04:00,1,40.625,40.915000915527344,0.006138484074519225,cross,0.907159435371673,0.021046142578124982,-0.056738469050480744,3.9583333333333335,SMCI,True,-0.006695189557750169,1.0,0.7618561291816245,-0.043340134432171995
2024-05-17 11:30:00-04:00,2024-05-21 10:30:00-04:00,1,177.79879760742188,178.13999938964844,0.0009190331251841552,cross,1.7932606477168138,0.01063676953631676,-0.024065367103373037,3.9583333333333335,TSLA,False,-0.0015871607837337756,7.0,0.8013170625048656,-0.06945307134565659
2024-06-07 09:30:00-04:00,2024-06-13 10:30:00-04:00,1,176.14999389648438,185.0500030517578,0.049525174360798396,cross,1.7536263483955785,0.08458705462135585,-0.04956001152443579,6.041666666666667,TSLA,False,0.03569533419980997,7.0,0.39370976520530393,0.38601245416666785
2024-06-13 13:30:00-04:00,2024-06-17 12:30:00-04:00,1,183.72109985351562,186.17999267578125,0.012383834650599002,cross,2.935813401940253,0.018711007142153457,-0.03701862056123639,3.9583333333333335,TSLA,False,0.0055723186288839655,7.0,0.4065548182676767,0.03957406062807167
2024-06-26 14:30:00-04:00,2024-07-01 12:30:00-04:00,1,196.0449981689453,210.22000122070312,0.07130484421511352,cross,2.381339388964616,0.07908901031716598,-0.00981918982752572,4.916666666666667,TSLA,False,0.07040535043246654,7.0,0.37104945275391105,0.6779051308909028
2024-07-05 14:30:00-04:00,2024-07-08 14:30:00-04:00,1,249.1909942626953,251.82000732421875,0.009550192912477162,cross,4.777028686421805,0.0411250861169945,-0.01854395642245865,3.0,TSLA,False,0.007402329060407831,7.0,0.5365334563756117,0.00513688339389895
2024-08-05 10:30:00-04:00,2024-08-13 11:30:00-04:00,1,194.80999755859375,205.32000732421875,0.05295005337169034,cross,5.21868665939655,0.06047018783012659,-0.017093587971803714,8.041666666666666,TSLA,False,0.006462384901335105,5.0,0.7665495126829754,0.14575042520256676
2024-08-15 11:30:00-04:00,2024-08-19 12:30:00-04:00,1,213.9499969482422,220.9001007080078,0.03148471072166903,cross,3.3455090875602136,0.03940176702414089,-0.014723037819189155,4.041666666666667,TSLA,False,0.021727542945892853,5.0,0.7821097227373303,0.07950596374465624
2024-09-09 10:30:00-04:00,2024-09-10 10:30:00-04:00,1,219.0800018310547,223.61000061035156,0.019677372381940228,cross,4.313307984472325,0.033412415575359455,-0.021818508030609807,1.0,TSLA,False,0.01532640990614842,5.0,0.6251044494080961,0.07957873458256493
2024-09-10 15:30:00-04:00,2024-09-17 10:30:00-04:00,1,224.66000366210938,232.56500244140625,0.03418649804344376,cross,3.6962630486071206,0.04411111680125357,-0.03498491304745299,6.791666666666667,TSLA,False,0.0028801364268670193,5.0,0.6368882923406137,0.09585611735416566
2024-11-04 10:30:00-05:00,2024-11-06 10:30:00-05:00,1,246.27000427246094,281.32501220703125,0.14134379878349768,cross,3.484567961097025,0.1759044597956907,-0.017744793519968383,2.0,TSLA,False,0.11210018382186748,5.0,0.8967258885070832,0.6177106412476152
2024-11-07 09:30:00-05:00,2024-11-11 12:30:00-05:00,1,288.5799865722656,344.34210205078125,0.19222932314487362,cross,4.808399881509561,0.242775075667375,-0.010603637469597915,4.125,TSLA,False,0.18306119152881417,5.0,1.0339020177549931,0.7477368052911226
2024-11-22 12:30:00-05:00,2024-11-25 12:30:00-05:00,1,354.0,347.20001220703125,-0.020209005064883434,cross,5.800487184872953,0.022372919287385162,-0.020269792632194528,3.0,TSLA,False,-0.020930941711945317,5.0,0.818060853360424,-0.1514703079704124
2024-12-05 14:30:00-05:00,2024-12-09 12:30:00-05:00,1,371.4100036621094,381.7449951171875,0.026826368038488257,cross,4.93096702609979,0.08990060526543053,-0.0064887957737990165,3.9166666666666665,TSLA,False,0.029329905635033904,4.0,0.6585902098752023,0.08084353702592306
2024-12-11 15:30:00-05:00,2024-12-16 12:30:00-05:00,1,419.9200134277344,458.260009765625,0.09030309371284273,cross,6.010732157384902,0.09668502164144765,-0.011716549034120005,4.875,TSLA,False,0.09213676318880049,4.0,0.5120718100676327,0.6262569449150739
2024-12-23 10:30:00-05:00,2024-12-27 15:30:00-05:00,1,424.8880920410156,430.30999755859375,0.011760784825795345,cross,12.089088181280681,0.09518224618686566,-0.002066620109715478,4.208333333333333,TSLA,False,0.004362201011308353,4.0,0.6060389481994821,-0.0036610292888666907
2025-01-03 14:30:00-05:00,2025-01-06 14:30:00-05:00,1,404.9599914550781,403.96099853515625,-0.0034668928807815016,cross,7.944770084225064,0.05301758611649121,-0.008050126720749118,3.0,TSLA,False,-0.009023537138958648,4.0,0.7440885524663853,-0.07795871503130158
2025-01-15 13:30:00-05:00,2025-01-23 13:30:00-05:00,1,420.7850036621094,412.3800048828125,-0.020974568262052684,cross,8.375943371668974,0.0450467255422593,-0.03440000469964244,8.0,TSLA,False,-0.04755939234522433,4.0,0.7407264337552405,-0.22740210451054077
2025-01-27 10:30:00-05:00,2025-01-29 15:30:00-05:00,1,402.2300109863281,391.2799987792969,-0.02822326009484022,earnings,5.410552171314142,0.011038162866580992,-0.04412897972598895,2.2083333333333335,TSLA,False,-0.03551886634608592,4.0,0.5971990624693113,-0.21014130059479996
2025-01-30 11:30:00-05:00,2025-02-06 14:30:00-05:00,1,397.07000732421875,370.0899963378906,-0.06894774344237542,cross,7.274395144898343,0.05769764333623595,-0.08535022545977733,7.125,TSLA,False,-0.07166777303370597,4.0,0.5845070306296177,-0.48180302248377527
2025-05-02 12:30:00-04:00,2025-05-12 12:30:00-04:00,1,289.1000061035156,318.69500732421875,0.10136942440639818,cross,5.210270721825355,0.11449327362401984,-0.06257348998952728,10.0,TSLA,False,0.08008944016018293,6.0,1.1177394477751204,0.2256071256341048
2025-07-17 13:30:00-04:00,2025-07-21 12:30:00-04:00,1,319.4801025390625,328.7699890136719,0.028078137889584354,cross,3.3918189911831855,0.05796886038833393,-0.007574180005127662,3.9583333333333335,TSLA,True,0.022161358825723787,6.0,0.5715718080202143,0.11104840231112867
2025-08-04 10:30:00-04:00,2025-08-11 12:30:00-04:00,1,309.0567932128906,346.4100036621094,0.1198619621685143,cross,4.575915284981502,0.12098815730707879,-0.019597374311666194,7.083333333333333,TSLA,True,0.1053563056451533,5.0,0.4726238842254257,0.9554589332900905
2025-08-18 10:30:00-04:00,2025-08-19 10:30:00-04:00,1,333.6700134277344,338.82000732421875,0.014434392331451495,cross,3.6853764990687146,0.020619096977152918,-0.0056044162181526636,1.0,TSLA,True,0.014356649608037508,5.0,0.44349504675329554,0.08139445985489169
2025-08-22 14:30:00-04:00,2025-08-25 14:30:00-04:00,1,338.32000732421875,346.8599853515625,0.024242308590871287,cross,4.0684518504708524,0.030681025827908437,-0.009724546209793017,3.0,TSLA,True,0.026217743037511787,5.0,0.376751660135615,0.17521451618428419
2025-09-02 10:30:00-04:00,2025-09-05 10:30:00-04:00,1,332.7749938964844,347.8699951171875,0.04436098414113021,cross,3.6823008293483905,0.06940125203003467,-0.017263902704704348,3.0,TSLA,True,0.033304596324642444,5.0,0.3607258826176695,0.40363156571774494
2025-09-05 11:30:00-04:00,2025-09-08 12:30:00-04:00,1,348.57000732421875,347.9700012207031,-0.0027213360039824988,cross,4.307119633435917,0.02705336798243252,-0.007832030665188117,3.0416666666666665,TSLA,True,-0.006466222074874461,5.0,0.36300536356876717,-0.08092617571443061
2025-09-11 13:30:00-04:00,2025-09-15 12:30:00-04:00,1,364.0849914550781,418.510009765625,0.1484843775159076,cross,4.331301711095036,0.16923218514280025,-0.001167276330920064,3.9583333333333335,TSLA,True,0.14317329758889186,5.0,0.4048203922982593,1.5040328446032678
2025-09-19 13:30:00-04:00,2025-09-22 13:30:00-04:00,1,423.55499267578125,432.989990234375,0.02127573212863998,cross,6.066315304521329,0.050583505355193514,-0.001310320230851536,3.0,TSLA,True,0.015200039982872116,5.0,0.45561811412590125,0.1107508997319866
2025-10-13 10:30:00-04:00,2025-10-20 12:30:00-04:00,1,423.3500061035156,444.1679992675781,0.04817442509489933,cross,7.096419076421429,0.06247781105023931,-0.01296804221755632,7.083333333333333,TSLA,True,0.033156588695493316,5.0,0.5433190784665757,0.23037007873220294
2025-11-17 10:30:00-05:00,2025-11-19 09:30:00-05:00,1,415.6600036621094,406.2099914550781,-0.023734956752570202,cross,7.560055475943484,0.01996821373199964,-0.052807612023394124,1.9583333333333333,TSLA,True,-0.00698007743196738,7.0,0.5342332560120157,-0.1951940691082037
2025-11-19 11:30:00-05:00,2025-11-20 11:30:00-05:00,1,408.93499755859375,418.2799987792969,0.021852045622150817,cross,7.247293127025586,0.04891976720565738,-0.0255174969638019,1.0,TSLA,True,0.012985251652168128,7.0,0.5376213632120608,0.11244213979050155
2025-11-26 15:30:00-05:00,2025-12-01 12:30:00-05:00,1,425.125,429.1300048828125,0.008420770086004059,cross,5.790303633680394,0.02007624136283437,-0.002646280505733567,4.875,TSLA,True,0.007246389905979034,7.0,0.5565963993090713,-0.027337954596873493
2025-12-19 14:30:00-05:00,2025-12-22 14:30:00-05:00,1,483.8175048828125,493.05999755859375,0.018103262247652574,cross,6.18291397413596,0.031008597849389696,-0.0067329257237349616,3.0,TSLA,True,0.0120942622883643,9.0,0.4127640366028473,0.09960497396167312
